-- phpMyAdmin SQL Dump
-- version 4.5.4.1deb2ubuntu2.1
-- http://www.phpmyadmin.net
--
-- Servidor: localhost
-- Tiempo de generación: 10-02-2020 a las 23:23:42
-- Versión del servidor: 5.7.29-0ubuntu0.16.04.1
-- Versión de PHP: 7.0.33-0ubuntu0.16.04.9

SET SQL_MODE = "NO_AUTO_VALUE_ON_ZERO";
SET time_zone = "+00:00";


/*!40101 SET @OLD_CHARACTER_SET_CLIENT=@@CHARACTER_SET_CLIENT */;
/*!40101 SET @OLD_CHARACTER_SET_RESULTS=@@CHARACTER_SET_RESULTS */;
/*!40101 SET @OLD_COLLATION_CONNECTION=@@COLLATION_CONNECTION */;
/*!40101 SET NAMES utf8mb4 */;

--
-- Base de datos: `flowers`
--

-- --------------------------------------------------------

--
-- Estructura de tabla para la tabla `box_element`
--

CREATE TABLE `box_element` (
  `box_element_id` int(11) NOT NULL,
  `buy_element_id` int(11) NOT NULL,
  `box_type_id` int(11) NOT NULL,
  `nro_cajas` int(11) NOT NULL
) ENGINE=InnoDB DEFAULT CHARSET=utf8 COLLATE=utf8_spanish_ci;

--
-- Volcado de datos para la tabla `box_element`
--

INSERT INTO `box_element` (`box_element_id`, `buy_element_id`, `box_type_id`, `nro_cajas`) VALUES
(1, 198, 1, 1),
(2, 146, 2, 1),
(3, 227, 1, 1),
(4, 225, 1, 1),
(5, 339, 1, 1),
(6, 343, 1, 1),
(7, 338, 1, 1),
(8, 345, 1, 1),
(9, 340, 1, 1),
(10, 342, 1, 1),
(11, 344, 1, 1),
(12, 138, 1, 1),
(13, 141, 1, 1),
(14, 447, 1, 1),
(15, 156, 1, 1),
(16, 158, 1, 1),
(17, 473, 1, 1),
(18, 474, 1, 1),
(19, 475, 1, 1),
(20, 480, 1, 1),
(21, 481, 1, 1),
(22, 479, 1, 1),
(23, 472, 1, 1),
(24, 477, 1, 1),
(25, 483, 1, 1),
(26, 408, 1, 1),
(27, 411, 1, 1),
(28, 413, 1, 1),
(29, 414, 1, 1),
(30, 412, 1, 1),
(31, 364, 1, 1),
(32, 363, 1, 1),
(33, 371, 1, 1),
(34, 372, 1, 1),
(35, 387, 1, 1),
(36, 388, 1, 1),
(37, 393, 1, 1),
(38, 390, 1, 1),
(39, 208, 1, 1),
(40, 241, 1, 1),
(41, 270, 1, 1),
(42, 282, 1, 1),
(43, 287, 1, 1),
(44, 278, 1, 1),
(45, 280, 1, 1),
(46, 507, 1, 1),
(47, 508, 1, 1),
(48, 509, 1, 1),
(49, 504, 1, 1),
(50, 505, 1, 1),
(51, 512, 1, 1),
(52, 511, 1, 1),
(53, 503, 1, 1),
(54, 325, 1, 1),
(55, 301, 1, 1),
(56, 382, 1, 1),
(57, 327, 1, 1),
(58, 333, 1, 1),
(59, 219, 1, 1),
(60, 219, 1, 1),
(61, 636, 1, 1),
(62, 634, 1, 1),
(63, 629, 1, 1),
(64, 628, 1, 1),
(65, 630, 1, 1),
(66, 632, 1, 1),
(67, 682, 1, 1),
(68, 682, 1, 1),
(69, 644, 1, 1),
(70, 644, 1, 1),
(71, 652, 1, 1),
(72, 652, 1, 1),
(73, 652, 1, 1),
(74, 651, 1, 1),
(75, 651, 1, 1),
(76, 676, 1, 1),
(77, 676, 1, 1),
(78, 676, 1, 1),
(79, 674, 1, 1),
(80, 674, 1, 1),
(81, 674, 1, 1),
(82, 675, 1, 1),
(83, 675, 1, 1),
(84, 677, 1, 1),
(85, 678, 1, 1),
(86, 681, 1, 1),
(87, 697, 1, 1),
(88, 680, 1, 1),
(89, 680, 1, 1),
(90, 679, 1, 1),
(91, 723, 1, 1),
(92, 720, 1, 1),
(93, 722, 1, 1),
(94, 722, 1, 1),
(95, 719, 1, 1),
(96, 721, 1, 1),
(97, 721, 1, 1),
(98, 787, 1, 1),
(99, 726, 1, 1),
(100, 726, 1, 1),
(101, 726, 1, 1),
(102, 726, 1, 1),
(103, 724, 1, 1),
(104, 724, 1, 1),
(105, 725, 1, 1),
(106, 725, 1, 1),
(107, 755, 1, 1),
(108, 743, 1, 1),
(109, 743, 1, 1),
(110, 754, 1, 1),
(111, 751, 1, 1),
(112, 747, 1, 1),
(113, 750, 1, 1),
(114, 756, 1, 1),
(115, 748, 1, 1),
(116, 753, 1, 1),
(117, 749, 1, 1),
(118, 752, 1, 1),
(119, 745, 1, 1),
(120, 729, 1, 1),
(121, 729, 1, 1),
(122, 782, 1, 1),
(123, 771, 1, 1),
(124, 768, 1, 1),
(125, 784, 1, 1),
(126, 764, 1, 1),
(127, 778, 1, 1),
(128, 765, 1, 1),
(129, 780, 1, 1),
(130, 779, 1, 1),
(131, 779, 1, 1),
(132, 767, 1, 1),
(133, 783, 1, 1),
(134, 770, 1, 1),
(135, 770, 1, 1),
(136, 770, 1, 1),
(137, 777, 1, 1),
(138, 769, 1, 1),
(139, 769, 1, 1),
(140, 857, 1, 2),
(141, 740, 1, 1),
(142, 736, 1, 1),
(143, 735, 1, 1),
(144, 737, 1, 1),
(145, 737, 1, 1),
(146, 741, 1, 1),
(147, 739, 1, 1),
(148, 739, 1, 1),
(149, 738, 1, 1),
(150, 744, 1, 1),
(151, 744, 1, 1),
(152, 744, 1, 1),
(153, 746, 1, 1),
(154, 766, 1, 1),
(155, 773, 1, 1),
(156, 772, 1, 1),
(157, 772, 1, 1),
(158, 772, 1, 1),
(159, 819, 1, 1),
(160, 819, 1, 1),
(161, 819, 1, 1),
(162, 819, 1, 1),
(163, 819, 1, 1),
(164, 886, 1, 6),
(165, 818, 1, 2),
(166, 818, 1, 3),
(167, 817, 1, 5),
(168, 817, 1, 6),
(169, 880, 1, 1),
(170, 862, 1, 2),
(171, 862, 1, 2),
(172, 862, 1, 2),
(173, 852, 1, 6),
(174, 852, 1, 1),
(175, 851, 1, 2),
(176, 859, 1, 2),
(177, 855, 1, 1),
(178, 849, 1, 3),
(179, 847, 1, 1),
(180, 847, 1, 1),
(181, 847, 1, 1),
(182, 854, 1, 1),
(184, 854, 1, 1),
(185, 854, 1, 1),
(186, 854, 1, 1),
(187, 847, 1, 1),
(188, 858, 1, 2),
(189, 853, 1, 1),
(190, 861, 1, 2),
(191, 861, 1, 2),
(192, 861, 1, 1),
(193, 860, 1, 2),
(194, 850, 1, 1),
(195, 856, 1, 1),
(196, 813, 1, 3),
(197, 812, 1, 1),
(198, 815, 1, 2),
(199, 815, 1, 1),
(200, 814, 1, 2),
(201, 814, 1, 1),
(202, 816, 1, 1),
(203, 800, 1, 2),
(204, 879, 1, 6),
(205, 879, 1, 2),
(206, 882, 1, 3),
(207, 882, 1, 5),
(208, 882, 1, 2),
(209, 879, 1, 1),
(210, 848, 1, 4),
(211, 848, 1, 3),
(212, 1002, 1, 1),
(213, 1003, 1, 1),
(214, 998, 1, 1),
(215, 1005, 1, 1),
(217, 916, 1, 3),
(218, 915, 1, 1),
(219, 917, 1, 1),
(220, 917, 1, 2),
(221, 919, 1, 3),
(222, 918, 1, 1),
(223, 927, 1, 1),
(224, 927, 1, 1),
(225, 927, 1, 1),
(226, 927, 1, 2),
(228, 926, 1, 2),
(229, 926, 1, 9),
(230, 925, 1, 9),
(231, 925, 1, 2),
(232, 962, 1, 5),
(233, 962, 1, 2),
(234, 994, 1, 3),
(235, 994, 1, 3),
(236, 994, 1, 1),
(237, 994, 1, 3),
(238, 991, 1, 1),
(239, 961, 1, 1),
(240, 958, 1, 4),
(241, 958, 1, 3),
(242, 987, 1, 1),
(243, 959, 1, 2),
(244, 957, 1, 2),
(245, 957, 1, 1),
(246, 957, 1, 1),
(247, 986, 1, 1),
(248, 986, 1, 2),
(249, 986, 1, 1),
(250, 963, 1, 2),
(251, 960, 1, 1),
(252, 960, 1, 1),
(253, 993, 1, 1),
(254, 993, 1, 2),
(255, 993, 1, 2),
(256, 992, 1, 1),
(257, 989, 1, 1),
(258, 988, 1, 1),
(259, 990, 1, 1),
(260, 1175, 1, 5),
(261, 1175, 1, 1),
(262, 1170, 1, 1),
(263, 1170, 1, 4),
(264, 1170, 1, 3),
(265, 1170, 1, 2),
(266, 1167, 1, 1),
(267, 1172, 1, 4),
(268, 1172, 1, 3),
(269, 1173, 1, 2),
(270, 1163, 1, 1),
(271, 1171, 1, 3),
(272, 1171, 1, 1),
(273, 1162, 1, 3),
(274, 1162, 1, 1),
(275, 1166, 1, 1),
(276, 1178, 1, 1),
(277, 1174, 1, 2),
(278, 1169, 1, 1),
(279, 1169, 1, 1),
(280, 1169, 1, 3),
(281, 1168, 1, 1),
(282, 1165, 1, 1),
(283, 1164, 1, 1),
(284, 1110, 1, 5),
(285, 1110, 1, 2),
(286, 1109, 1, 4),
(287, 1109, 1, 3),
(288, 1157, 1, 1),
(289, 1157, 1, 1),
(290, 1151, 1, 3),
(291, 1153, 1, 4),
(292, 1153, 1, 4),
(293, 1156, 1, 2),
(295, 1156, 1, 2),
(296, 1159, 1, 4),
(297, 1161, 1, 2),
(298, 1161, 1, 3),
(299, 1155, 1, 4),
(300, 1155, 1, 2),
(301, 1158, 1, 4),
(302, 1158, 1, 2),
(303, 1154, 1, 1),
(304, 1160, 1, 3),
(305, 1143, 1, 2),
(306, 1135, 1, 1),
(307, 1142, 1, 4),
(308, 1136, 1, 6),
(309, 1144, 1, 3),
(310, 1144, 1, 1),
(311, 1144, 1, 1),
(312, 1137, 1, 1),
(313, 1140, 1, 2),
(314, 1140, 1, 2),
(315, 1131, 1, 2),
(316, 1132, 1, 2),
(317, 1132, 1, 2),
(318, 1138, 1, 3),
(319, 1139, 1, 3),
(320, 1139, 1, 1),
(321, 1133, 1, 11),
(322, 1141, 1, 1),
(323, 1130, 1, 4),
(324, 1134, 2, 2),
(325, 1134, 1, 2),
(326, 1129, 1, 4),
(327, 1176, 1, 1),
(328, 1177, 1, 2),
(329, 1260, 1, 3),
(330, 1260, 1, 3),
(331, 1264, 1, 2),
(332, 1264, 1, 2),
(333, 1264, 1, 4),
(334, 1264, 1, 1),
(335, 1256, 1, 4),
(336, 1256, 1, 2),
(337, 1257, 1, 2),
(338, 1270, 1, 1),
(339, 1255, 1, 2),
(340, 1255, 1, 1),
(341, 1255, 1, 1),
(342, 1269, 1, 2),
(343, 1269, 1, 2),
(344, 1266, 1, 1),
(345, 1262, 1, 1),
(346, 1262, 1, 2),
(347, 1261, 1, 1),
(348, 1258, 1, 1),
(349, 1258, 1, 1),
(350, 1263, 1, 2),
(351, 1263, 1, 2),
(352, 1263, 1, 2),
(353, 1268, 1, 1),
(354, 1271, 1, 1),
(355, 1265, 1, 1),
(356, 1275, 1, 2),
(357, 1439, 1, 1),
(358, 1441, 1, 4),
(359, 1438, 1, 2),
(360, 1438, 1, 1),
(361, 1440, 1, 3),
(362, 1340, 1, 2),
(363, 1333, 1, 2),
(364, 1339, 1, 2),
(365, 1332, 1, 6),
(366, 1335, 1, 1),
(367, 1341, 1, 2),
(368, 1341, 1, 3),
(369, 1337, 1, 2),
(370, 1337, 1, 2),
(371, 1341, 1, 2),
(372, 1331, 1, 5),
(373, 1331, 1, 1),
(374, 1336, 1, 2),
(375, 1336, 1, 1),
(376, 1336, 1, 1),
(377, 1338, 1, 1),
(378, 1330, 1, 7),
(379, 1334, 1, 2),
(380, 1408, 1, 1),
(381, 1407, 1, 1),
(382, 1342, 1, 9),
(383, 1428, 1, 3),
(384, 1428, 1, 1),
(385, 1429, 1, 9),
(386, 1429, 1, 2),
(387, 1343, 1, 5),
(388, 1347, 1, 2),
(389, 1346, 1, 2),
(390, 1349, 1, 1),
(391, 1348, 1, 1),
(392, 1350, 1, 1),
(393, 1350, 1, 1),
(394, 1350, 1, 1),
(395, 1350, 1, 3),
(396, 1350, 1, 1),
(397, 1350, 1, 1),
(398, 1350, 1, 2),
(399, 1527, 1, 1),
(400, 1474, 1, 2),
(401, 1475, 1, 5),
(402, 1476, 1, 1),
(403, 1476, 1, 1),
(404, 1476, 1, 1),
(405, 1477, 1, 2),
(406, 1477, 1, 1),
(407, 1512, 1, 1),
(408, 1514, 1, 4),
(409, 1514, 1, 1),
(410, 1510, 1, 2),
(411, 1510, 1, 2),
(413, 1515, 1, 2),
(414, 1516, 1, 1),
(415, 1516, 1, 2),
(416, 1516, 1, 1),
(417, 1516, 1, 1),
(418, 1517, 1, 1),
(419, 1519, 1, 4),
(420, 1520, 1, 2),
(421, 1511, 1, 2),
(422, 1609, 1, 1),
(423, 1595, 1, 1),
(424, 1595, 1, 1),
(425, 1597, 1, 4),
(426, 1604, 1, 7),
(427, 1604, 1, 1),
(428, 1598, 1, 3),
(429, 1603, 1, 1),
(430, 1603, 1, 2),
(431, 1592, 1, 5),
(432, 1592, 1, 1),
(433, 1593, 1, 11),
(434, 1607, 1, 1),
(435, 1601, 1, 4),
(436, 1601, 1, 7),
(437, 1602, 1, 4),
(438, 1602, 1, 3),
(439, 1594, 1, 3),
(440, 1596, 1, 1),
(441, 1611, 0, 1),
(442, 1679, 1, 1),
(444, 1586, 1, 2),
(445, 1678, 1, 1),
(446, 1586, 1, 1),
(447, 1586, 1, 1),
(448, 1587, 1, 3),
(449, 1587, 1, 1),
(450, 1587, 1, 1),
(451, 1587, 1, 1),
(452, 1676, 1, 1),
(453, 1588, 1, 3),
(454, 1589, 1, 1),
(455, 1677, 1, 1),
(456, 1590, 1, 1),
(457, 1680, 1, 1),
(458, 1681, 1, 1),
(459, 1723, 1, 2),
(460, 1723, 1, 2),
(461, 1662, 1, 9),
(462, 1662, 1, 9),
(463, 1664, 1, 7),
(464, 1664, 1, 1),
(465, 1664, 1, 4),
(466, 1664, 1, 6),
(467, 1665, 1, 2),
(468, 1663, 1, 2),
(469, 1724, 1, 3),
(470, 1724, 1, 1),
(471, 1725, 1, 2),
(472, 1733, 1, 3),
(476, 1732, 1, 1),
(477, 2040, 1, 1),
(478, 2037, 1, 2),
(479, 2038, 1, 2),
(480, 2039, 1, 1),
(481, 2035, 1, 1),
(482, 2032, 1, 1),
(483, 2032, 1, 1),
(484, 2033, 1, 2),
(486, 2048, 1, 2),
(487, 2048, 1, 1),
(488, 2049, 1, 1),
(489, 2101, 1, 1),
(490, 2102, 1, 1),
(491, 2102, 1, 1),
(492, 2100, 1, 1);

-- --------------------------------------------------------

--
-- Estructura de tabla para la tabla `box_type`
--

CREATE TABLE `box_type` (
  `box_type_id` int(11) NOT NULL,
  `max_number_of_item` int(11) NOT NULL,
  `name` varchar(256) NOT NULL
) ENGINE=InnoDB DEFAULT CHARSET=utf8;

--
-- Volcado de datos para la tabla `box_type`
--

INSERT INTO `box_type` (`box_type_id`, `max_number_of_item`, `name`) VALUES
(1, 150, 'HB'),
(2, 1, 'QB'),
(3, 1, 'EB'),
(4, 1, 'FB');

-- --------------------------------------------------------

--
-- Estructura de tabla para la tabla `buy`
--

CREATE TABLE `buy` (
  `buy_id` int(11) NOT NULL,
  `request_id` int(11) NOT NULL,
  `user_id` int(11) NOT NULL
) ENGINE=InnoDB DEFAULT CHARSET=utf8;

--
-- Volcado de datos para la tabla `buy`
--

INSERT INTO `buy` (`buy_id`, `request_id`, `user_id`) VALUES
(34, 77, 15),
(35, 83, 15),
(36, 90, 15),
(37, 89, 15),
(38, 87, 15),
(39, 91, 15),
(40, 88, 15),
(41, 86, 15),
(42, 92, 15),
(43, 110, 15),
(44, 112, 15),
(45, 111, 15),
(46, 109, 15),
(47, 96, 15),
(48, 98, 15),
(49, 74, 15),
(50, 99, 15),
(51, 73, 15),
(52, 79, 15),
(53, 75, 15),
(54, 78, 15),
(55, 97, 15),
(56, 120, 19),
(57, 121, 19),
(58, 122, 19),
(59, 126, 19),
(60, 125, 19),
(61, 124, 19),
(62, 123, 19),
(63, 108, 15),
(64, 94, 15),
(65, 129, 19),
(66, 128, 19),
(67, 127, 19),
(68, 95, 15),
(69, 80, 15),
(70, 76, 15),
(71, 81, 15),
(72, 82, 15),
(73, 84, 15),
(74, 132, 19),
(75, 131, 19),
(76, 85, 15),
(77, 133, 19),
(78, 104, 15),
(79, 102, 15),
(80, 101, 15),
(81, 103, 15),
(82, 136, 19),
(83, 135, 19),
(84, 134, 19),
(85, 145, 19),
(86, 144, 19),
(87, 147, 19),
(88, 146, 19),
(89, 143, 19),
(90, 142, 19),
(91, 141, 19),
(92, 140, 19),
(93, 148, 19),
(94, 152, 19),
(95, 149, 19),
(96, 150, 19),
(97, 151, 19),
(98, 153, 19),
(99, 154, 19),
(100, 155, 19),
(101, 163, 19),
(102, 164, 19),
(103, 171, 19),
(104, 165, 19),
(105, 166, 19),
(106, 167, 19),
(107, 168, 19),
(108, 169, 19),
(109, 174, 19),
(110, 173, 19),
(111, 172, 19),
(112, 177, 19),
(113, 176, 19),
(114, 175, 19),
(115, 179, 17),
(116, 180, 15),
(117, 182, 19),
(118, 181, 19),
(119, 183, 17),
(120, 93, 15),
(121, 186, 17),
(122, 100, 15),
(123, 72, 15),
(124, 71, 15),
(125, 187, 15),
(126, 115, 15),
(127, 116, 15),
(128, 117, 15),
(129, 118, 15),
(130, 119, 15),
(131, 185, 17),
(132, 189, 19),
(133, 188, 19),
(134, 178, 19),
(135, 184, 17),
(136, 190, 15),
(137, 191, 18),
(138, 194, 15),
(139, 195, 15),
(140, 198, 15),
(141, 193, 17),
(142, 200, 18),
(143, 199, 18),
(144, 192, 19),
(145, 206, 1),
(146, 205, 15),
(147, 212, 17),
(148, 221, 17),
(149, 222, 17),
(150, 207, 19),
(151, 208, 19),
(152, 209, 19),
(153, 257, 19),
(154, 258, 19),
(155, 260, 19),
(156, 262, 19),
(157, 265, 19),
(158, 266, 19),
(159, 267, 19),
(160, 264, 19),
(161, 268, 17),
(162, 261, 17),
(163, 263, 17),
(164, 259, 17),
(165, 291, 17),
(166, 292, 16),
(167, 293, 16),
(168, 294, 16),
(169, 295, 16),
(170, 296, 16),
(171, 297, 17),
(172, 328, 17),
(173, 329, 17),
(174, 330, 17),
(175, 331, 17),
(176, 382, 19),
(177, 255, 17),
(178, 327, 17),
(179, 402, 17),
(180, 406, 17),
(181, 467, 17),
(182, 475, 19),
(183, 473, 19),
(184, 474, 19),
(185, 472, 19),
(186, 480, 19),
(187, 310, 17),
(188, 439, 17),
(189, 344, 17),
(190, 482, 15),
(191, 434, 15),
(193, 410, 15),
(194, 483, 17),
(195, 484, 17),
(196, 485, 17),
(197, 486, 17),
(198, 487, 17),
(199, 488, 17),
(200, 489, 17),
(201, 490, 17),
(202, 491, 19),
(203, 492, 19),
(204, 493, 19),
(205, 495, 15),
(206, 496, 15),
(207, 497, 15),
(208, 311, 17),
(209, 503, 17),
(210, 504, 17),
(211, 343, 17),
(212, 438, 17),
(213, 505, 17),
(214, 507, 17),
(215, 508, 17),
(216, 494, 19),
(217, 509, 15),
(218, 510, 15),
(219, 512, 17),
(220, 463, 17),
(221, 511, 17),
(222, 516, 19),
(223, 513, 19),
(224, 498, 19),
(225, 464, 19),
(226, 515, 19),
(227, 517, 17),
(228, 312, 17),
(229, 342, 17),
(230, 437, 17),
(231, 210, 19),
(232, 441, 15),
(233, 518, 17),
(234, 468, 17),
(235, 520, 17),
(236, 211, 19),
(237, 521, 17),
(238, 522, 17),
(239, 523, 17),
(240, 524, 17),
(241, 525, 17),
(242, 528, 19),
(243, 529, 19),
(244, 527, 19),
(245, 531, 17),
(246, 530, 17),
(247, 313, 15),
(248, 533, 15),
(249, 345, 15),
(250, 338, 15),
(251, 237, 19),
(252, 341, 15),
(253, 519, 15),
(254, 442, 17),
(255, 469, 17),
(256, 238, 19),
(257, 534, 17),
(258, 451, 17),
(259, 250, 19),
(260, 535, 17),
(261, 536, 17),
(262, 537, 17),
(263, 538, 19),
(264, 481, 15),
(265, 252, 19),
(266, 506, 19),
(267, 411, 19),
(268, 453, 19),
(269, 502, 19),
(270, 514, 19),
(271, 542, 17),
(272, 532, 19),
(273, 541, 17),
(274, 540, 17),
(275, 314, 17),
(276, 346, 17),
(277, 337, 17),
(278, 462, 17),
(279, 446, 17),
(280, 443, 17),
(281, 470, 17),
(282, 544, 17),
(283, 543, 17),
(284, 545, 17),
(285, 546, 19),
(286, 547, 19),
(287, 548, 19),
(288, 549, 19),
(289, 550, 17),
(290, 551, 17),
(291, 552, 19),
(292, 466, 19),
(293, 499, 19),
(294, 553, 19),
(295, 452, 17),
(296, 315, 17),
(297, 318, 17),
(298, 447, 17),
(299, 354, 17),
(300, 353, 17),
(301, 352, 17),
(302, 356, 17),
(303, 444, 19),
(304, 347, 19),
(305, 435, 17),
(306, 433, 17),
(307, 432, 17),
(308, 436, 19),
(309, 355, 17),
(310, 471, 17),
(311, 357, 17),
(312, 554, 19),
(313, 555, 17),
(314, 556, 15),
(315, 316, 17),
(316, 361, 19),
(317, 362, 19),
(318, 363, 19),
(319, 360, 19),
(320, 431, 17),
(321, 339, 19),
(322, 430, 17),
(323, 428, 19),
(324, 429, 17),
(325, 358, 19),
(326, 359, 19),
(327, 558, 17),
(328, 559, 19),
(329, 560, 19),
(330, 561, 19),
(331, 562, 19),
(332, 563, 19),
(333, 564, 19),
(334, 565, 19),
(335, 566, 19),
(336, 569, 19),
(337, 568, 19),
(338, 567, 19),
(339, 461, 17),
(340, 570, 17),
(341, 571, 17),
(342, 572, 17),
(343, 573, 17),
(344, 574, 17),
(345, 575, 17),
(346, 576, 17),
(347, 577, 17),
(348, 445, 17),
(349, 448, 17),
(350, 454, 17),
(351, 336, 17),
(352, 319, 17),
(353, 369, 17),
(354, 368, 17),
(355, 367, 17),
(356, 366, 17),
(357, 365, 17),
(358, 364, 17),
(359, 424, 17),
(360, 425, 17),
(361, 426, 17),
(362, 427, 17),
(363, 317, 17),
(364, 348, 17),
(365, 578, 17),
(366, 581, 17),
(367, 584, 17),
(368, 583, 17),
(369, 585, 19),
(370, 582, 17),
(371, 580, 17),
(372, 579, 17),
(373, 586, 17),
(374, 587, 17),
(375, 589, 19),
(376, 590, 19),
(377, 598, 19),
(378, 597, 19),
(379, 596, 19),
(380, 595, 19),
(381, 592, 19),
(382, 591, 19),
(383, 594, 19),
(384, 593, 19),
(385, 607, 17),
(386, 374, 17),
(387, 608, 17),
(388, 373, 17),
(389, 372, 17),
(390, 609, 19),
(391, 371, 17),
(392, 423, 17),
(393, 370, 17),
(394, 600, 17),
(395, 420, 17),
(396, 421, 17),
(397, 422, 17),
(398, 349, 17),
(399, 320, 17),
(400, 323, 17),
(401, 335, 17),
(402, 455, 17),
(403, 457, 17),
(404, 449, 17),
(405, 601, 17),
(406, 602, 17),
(407, 604, 17),
(408, 605, 17),
(409, 606, 17),
(410, 375, 17),
(411, 599, 17),
(412, 611, 17),
(413, 610, 15),
(414, 620, 19),
(415, 623, 19),
(416, 622, 19),
(417, 621, 19),
(418, 376, 17),
(419, 628, 17),
(421, 629, 1),
(423, 417, 1),
(424, 630, 17),
(425, 416, 17),
(426, 415, 17),
(427, 631, 19),
(428, 377, 17),
(429, 378, 17),
(430, 379, 17),
(431, 380, 17),
(432, 381, 17),
(433, 419, 17),
(434, 627, 17),
(435, 350, 17),
(436, 321, 17),
(437, 334, 17),
(438, 456, 17),
(439, 450, 17),
(440, 626, 17),
(441, 625, 17),
(442, 624, 17),
(443, 460, 17),
(444, 637, 15),
(445, 636, 19),
(446, 634, 19),
(447, 633, 19),
(448, 632, 19),
(449, 635, 19),
(450, 638, 19),
(451, 388, 17),
(452, 414, 17),
(453, 413, 17),
(454, 412, 17),
(455, 384, 17),
(456, 385, 17),
(457, 386, 17),
(458, 387, 17),
(459, 389, 17),
(460, 351, 17),
(461, 322, 17),
(462, 326, 17),
(463, 333, 17),
(464, 639, 17),
(465, 640, 17),
(466, 641, 17),
(467, 642, 17),
(468, 612, 17),
(469, 646, 17),
(470, 647, 17),
(471, 390, 17),
(472, 391, 17),
(473, 392, 17),
(474, 393, 17),
(475, 649, 19),
(476, 650, 19),
(477, 648, 19),
(478, 394, 17),
(479, 395, 17),
(480, 651, 19),
(481, 324, 17),
(482, 458, 17),
(483, 643, 15),
(484, 652, 17),
(485, 654, 17),
(486, 655, 17),
(487, 656, 17),
(488, 657, 1),
(489, 658, 15),
(490, 459, 15),
(491, 653, 17),
(492, 659, 19),
(493, 500, 19),
(494, 501, 19),
(495, 663, 19),
(496, 662, 19),
(497, 661, 19),
(498, 660, 19),
(499, 664, 19),
(500, 396, 17),
(501, 397, 17),
(502, 398, 17),
(503, 399, 17),
(504, 400, 17),
(505, 401, 17),
(506, 665, 17),
(507, 409, 17),
(508, 408, 17),
(509, 407, 17),
(510, 405, 17),
(511, 404, 17),
(512, 403, 17),
(513, 666, 19),
(514, 677, 19),
(515, 676, 19),
(516, 675, 19),
(517, 674, 19),
(518, 673, 19),
(519, 672, 19),
(520, 671, 19),
(521, 670, 19),
(522, 678, 19),
(523, 679, 19),
(524, 667, 19),
(525, 669, 19),
(526, 668, 19),
(527, 680, 17),
(528, 682, 17),
(529, 687, 17),
(530, 683, 17),
(531, 681, 17),
(532, 684, 19),
(533, 686, 17),
(534, 685, 19),
(535, 688, 17),
(536, 689, 17),
(537, 692, 19),
(538, 691, 19),
(539, 690, 19),
(540, 693, 19),
(541, 694, 19),
(542, 695, 19),
(543, 696, 19),
(544, 698, 19),
(545, 697, 19),
(546, 705, 17),
(547, 704, 17),
(548, 703, 17),
(549, 702, 17),
(550, 701, 17),
(551, 700, 17),
(552, 699, 17),
(553, 706, 19),
(554, 645, 19),
(555, 644, 19),
(556, 707, 17),
(557, 619, 19),
(558, 618, 19),
(559, 617, 19),
(560, 615, 19),
(561, 613, 19),
(562, 708, 19),
(563, 709, 19),
(564, 710, 19),
(565, 719, 17),
(566, 716, 17),
(567, 715, 17),
(568, 714, 17),
(569, 713, 17),
(570, 712, 17),
(571, 718, 19),
(572, 711, 17),
(573, 717, 17),
(574, 720, 19),
(575, 721, 19),
(576, 722, 19),
(577, 724, 19),
(578, 723, 19),
(579, 728, 17),
(580, 727, 17),
(581, 726, 17),
(582, 725, 17),
(583, 729, 17),
(584, 730, 19),
(585, 731, 19),
(586, 732, 19),
(587, 733, 19),
(588, 734, 19),
(589, 735, 19),
(590, 736, 17),
(591, 256, 17),
(592, 737, 19),
(593, 741, 19),
(594, 740, 19),
(595, 739, 19),
(596, 742, 17),
(597, 747, 15),
(598, 743, 19),
(599, 744, 19),
(600, 745, 19),
(601, 746, 19),
(602, 748, 19),
(603, 749, 19),
(604, 750, 19),
(605, 753, 18),
(606, 752, 18),
(607, 751, 18),
(608, 757, 18),
(609, 269, 17),
(610, 270, 17),
(611, 765, 15),
(612, 766, 18),
(613, 767, 19),
(614, 761, 19),
(615, 271, 17),
(616, 273, 17),
(617, 768, 18),
(618, 756, 18),
(619, 758, 18),
(620, 759, 18),
(621, 760, 18),
(622, 762, 18),
(623, 763, 18),
(624, 764, 18),
(625, 769, 19),
(626, 232, 17),
(627, 770, 18),
(628, 233, 17),
(629, 231, 17),
(630, 230, 17),
(631, 227, 17),
(632, 755, 18),
(633, 226, 17),
(634, 754, 18),
(635, 224, 17),
(636, 225, 17),
(637, 228, 17),
(638, 738, 19),
(639, 775, 19),
(640, 776, 19);

-- --------------------------------------------------------

--
-- Estructura de tabla para la tabla `buy_element`
--

CREATE TABLE `buy_element` (
  `buy_element_id` int(11) NOT NULL,
  `qty` int(11) NOT NULL,
  `price` float NOT NULL,
  `provider_id` int(11) NOT NULL,
  `buy_id` int(11) NOT NULL,
  `request_product_id` int(11) NOT NULL,
  `date` date NOT NULL,
  `etiqueta` varchar(65) DEFAULT NULL,
  `iva_active` int(11) NOT NULL
) ENGINE=InnoDB DEFAULT CHARSET=utf8;

--
-- Volcado de datos para la tabla `buy_element`
--

INSERT INTO `buy_element` (`buy_element_id`, `qty`, `price`, `provider_id`, `buy_id`, `request_product_id`, `date`, `etiqueta`, `iva_active`) VALUES
(110, 1, 0.39, 2, 34, 141, '2019-12-16', '', 0),
(111, 1, 0.39, 2, 35, 151, '2019-12-16', '', 0),
(112, 1, 0.2, 7, 36, 163, '2019-12-16', '', 0),
(113, 4, 0.2, 38, 36, 163, '2019-12-16', '', 0),
(114, 3, 0.2, 33, 36, 163, '2019-12-16', '', 0),
(115, 12, 0.24, 98, 36, 163, '2019-12-16', '', 0),
(116, 2, 0.2, 18, 37, 162, '2019-12-16', '', 0),
(117, 1, 0.57, 2, 37, 158, '2019-12-16', '', 0),
(118, 8, 0.22, 25, 37, 159, '2019-12-16', '', 0),
(119, 2, 0.2, 25, 37, 160, '2019-12-16', '', 0),
(120, 2, 0.22, 25, 37, 161, '2019-12-16', '', 0),
(121, 13, 0.4, 2, 38, 156, '2019-12-16', '', 0),
(122, 5, 0.22, 7, 39, 165, '2019-12-16', '', 0),
(123, 1, 0.2, 38, 36, 164, '2019-12-17', 'Purple Haze', 0),
(124, 1, 0.2, 38, 36, 164, '2019-12-17', 'Ocean Song', 0),
(125, 4, 0.23, 67, 40, 188, '2019-12-17', '', 0),
(126, 3, 0.2, 18, 41, 155, '2019-12-17', 'PINK FLOYD', 0),
(127, 1, 0.2, 69, 41, 155, '2019-12-17', 'PINK FLOYD', 0),
(128, 2, 0.18, 32, 41, 155, '2019-12-17', 'ELIZA', 0),
(129, 8, 0.4, 2, 42, 166, '2019-12-17', '', 0),
(130, 3, 0.28, 34, 43, 223, '2019-12-17', '', 0),
(131, 3, 0.2, 34, 43, 224, '2019-12-17', '', 0),
(132, 3, 0.26, 34, 43, 225, '2019-12-17', '', 0),
(133, 1, 0.22, 34, 44, 227, '2019-12-17', '', 0),
(134, 4, 0.22, 34, 45, 226, '2019-12-17', '', 0),
(135, 3, 0.23, 67, 46, 222, '2019-12-17', '', 0),
(136, 1, 0.4, 2, 47, 172, '2019-12-17', '', 0),
(137, 1, 0.23, 67, 47, 171, '2019-12-17', '', 0),
(138, 2, 0.2, 43, 48, 247, '2019-12-17', 'TIBET', 0),
(139, 3, 0.39, 2, 49, 136, '2019-12-17', '', 0),
(140, 1, 0.18, 25, 49, 138, '2019-12-17', 'TOPAZ', 0),
(141, 6, 0.2, 43, 49, 137, '2019-12-17', 'PLAYA BLANCA/ALBA/HIGH PURE/ POLAR STAR', 0),
(142, 3, 0.16, 43, 50, 176, '2019-12-17', 'TIBET', 0),
(143, 1, 0.4, 2, 51, 135, '2019-12-17', '', 0),
(144, 13, 0.4, 2, 52, 146, '2019-12-17', '', 0),
(145, 4, 0.23, 67, 53, 139, '2019-12-17', '', 0),
(146, 1, 0.57, 2, 54, 145, '2019-12-17', '', 0),
(147, 1, 0.2, 43, 55, 174, '2019-12-18', 'ALBA', 0),
(148, 2, 0.22, 13, 56, 268, '2019-12-18', '', 0),
(149, 1, 0.2, 25, 56, 267, '2019-12-18', '', 0),
(150, 3, 0.22, 13, 57, 269, '2019-12-18', '', 0),
(151, 1, 0.24, 13, 57, 270, '2019-12-18', '', 0),
(152, 1, 0.2, 34, 58, 271, '2019-12-18', '', 0),
(153, 1, 0.2, 19, 59, 277, '2019-12-18', '', 0),
(154, 7, 0.18, 25, 59, 277, '2019-12-18', '', 0),
(155, 2, 0.2, 33, 59, 277, '2019-12-18', '', 0),
(156, 9, 0.18, 25, 59, 278, '2019-12-18', '', 0),
(157, 1, 0.2, 7, 59, 278, '2019-12-18', '', 0),
(158, 10, 0.18, 25, 59, 276, '2019-12-18', '', 0),
(159, 1, 0.2, 33, 60, 275, '2019-12-18', '', 0),
(160, 3, 0.2, 33, 61, 273, '2019-12-18', '', 0),
(161, 2, 0.2, 7, 61, 273, '2019-12-18', '', 0),
(162, 2, 0.2, 7, 61, 274, '2019-12-18', '', 0),
(163, 3, 0.2, 7, 62, 272, '2019-12-18', '', 0),
(164, 10, 0.2, 25, 63, 221, '2019-12-19', '', 0),
(165, 3, 0.22, 7, 63, 221, '2019-12-19', '', 0),
(166, 5, 0.22, 9, 63, 221, '2019-12-19', '', 0),
(167, 10, 0.24, 98, 64, 245, '2019-12-19', '', 0),
(168, 4, 0.2, 38, 64, 245, '2019-12-19', '', 0),
(169, 1, 0.2, 7, 64, 245, '2019-12-19', '', 0),
(170, 5, 0.2, 33, 64, 245, '2019-12-19', '', 0),
(171, 2, 0.2, 38, 64, 246, '2019-12-19', 'PURPLE HAZE/OCEAN SONG', 0),
(172, 1, 0.2, 7, 65, 283, '2019-12-20', '', 0),
(173, 2, 0.2, 25, 65, 284, '2019-12-20', '', 0),
(174, 1, 0.2, 34, 66, 282, '2019-12-20', '', 0),
(175, 1, 0.2, 70, 67, 279, '2019-12-20', '', 0),
(176, 3, 0.2, 33, 67, 279, '2019-12-20', '', 0),
(177, 2, 0.2, 7, 67, 279, '2019-12-20', '', 0),
(178, 4, 0.2, 38, 67, 279, '2019-12-20', '', 0),
(179, 2, 0.2, 38, 67, 281, '2019-12-20', '', 0),
(180, 6, 0.2, 69, 67, 280, '2019-12-20', '', 0),
(181, 1, 0.2, 7, 67, 280, '2019-12-20', '', 0),
(182, 2, 0.2, 38, 67, 280, '2019-12-20', '', 0),
(183, 5, 0.5, 100, 68, 170, '2019-12-20', 'MONDIAL BLUE', 0),
(184, 3, 0.2, 33, 69, 147, '2019-12-20', '', 0),
(185, 12, 0.24, 98, 69, 147, '2019-12-20', '', 0),
(186, 1, 0.2, 7, 69, 147, '2019-12-20', '', 0),
(187, 4, 0.2, 38, 69, 147, '2019-12-20', '', 0),
(188, 2, 0.2, 38, 69, 148, '2019-12-20', 'P. HAZE/ O. SONG', 0),
(189, 2, 0.5, 99, 70, 140, '2019-12-20', 'VENDELA AZUL', 0),
(190, 2, 0.2, 25, 54, 143, '2019-12-20', '', 0),
(191, 8, 0.22, 25, 54, 142, '2019-12-20', '', 0),
(192, 2, 0.22, 25, 54, 144, '2019-12-20', '', 0),
(193, 1, 0.18, 25, 71, 149, '2019-12-23', '', 0),
(194, 1, 0.39, 2, 72, 150, '2019-12-23', '', 0),
(195, 17, 0.22, 98, 73, 153, '2019-12-23', '', 0),
(196, 2, 0.2, 33, 73, 153, '2019-12-23', '', 0),
(197, 11, 0.2, 25, 73, 153, '2019-12-23', '', 0),
(198, 17, 0.22, 98, 73, 152, '2019-12-23', 'VENDELA/MONDIAL', 0),
(199, 13, 0.2, 25, 73, 152, '2019-12-23', 'VENDELA', 0),
(200, 5, 0.2, 7, 74, 298, '2019-12-23', '', 0),
(201, 1, 0.2, 25, 74, 298, '2019-12-23', '', 0),
(202, 1, 0.2, 7, 74, 297, '2019-12-23', '', 0),
(203, 3, 0.18, 19, 74, 299, '2019-12-23', '', 0),
(204, 4, 0.18, 45, 74, 299, '2019-12-23', '', 0),
(205, 1, 0.18, 33, 74, 299, '2019-12-23', '', 0),
(206, 4, 0.2, 38, 75, 294, '2019-12-23', 'CHERRY OH', 0),
(207, 1, 0.2, 70, 75, 294, '2019-12-23', ' PINK FLOYD', 0),
(208, 3, 0.2, 33, 75, 294, '2019-12-23', 'HOT SHOT, TOPAZ', 0),
(209, 2, 0.2, 7, 75, 294, '2019-12-23', 'PINK FLOYD', 0),
(210, 2, 0.2, 38, 75, 296, '2019-12-23', 'OCEAN SONG, PURPLE HAZE', 0),
(211, 2, 0.4, 2, 76, 154, '2019-12-23', '', 0),
(212, 2, 0.2, 7, 75, 295, '2019-12-23', 'NINA', 0),
(213, 6, 0.2, 69, 75, 295, '2019-12-23', 'NINA', 0),
(214, 2, 0.2, 38, 75, 295, '2019-12-23', 'FIGJI', 0),
(215, 1, 0.2, 19, 77, 300, '2019-12-23', 'LEMONADE', 0),
(216, 1, 0.2, 43, 77, 301, '2019-12-23', 'OCEANG SONG', 0),
(217, 1, 0.2, 43, 77, 302, '2019-12-23', 'MANITOU', 0),
(218, 7, 0.2, 19, 78, 185, '2019-12-23', '', 0),
(219, 5, 0.2, 43, 78, 186, '2019-12-23', 'ORANGE CRUSH/ H. ORANGE', 0),
(220, 1, 0.2, 7, 78, 186, '2019-12-23', 'ORANGE CRUSH', 0),
(221, 2, 0.18, 27, 78, 187, '2019-12-23', 'VENDELA', 0),
(222, 2, 0.2, 19, 79, 181, '2019-12-23', '', 0),
(223, 3, 0.18, 25, 79, 180, '2019-12-23', 'PINK FLOYD', 0),
(224, 3, 0.2, 33, 79, 180, '2019-12-23', 'HOTSHOT/ P FLOYD/QUEENBERRY', 0),
(225, 2, 0.2, 38, 79, 179, '2019-12-23', 'OCEAN SONG/DEEP PURPLE/ MODY BLUE', 0),
(226, 2, 0.2, 33, 79, 182, '2019-12-23', 'ORANGE CRUSH/MILVA', 0),
(227, 3, 0.18, 25, 79, 182, '2019-12-23', 'ORANGE CRUSH/IGUANA', 0),
(228, 3, 0.2, 18, 79, 183, '2019-12-23', 'WHITE CHOCOLATE', 0),
(229, 2, 0.2, 19, 79, 183, '2019-12-23', 'TIBET', 0),
(230, 4, 0.2, 38, 80, 178, '2019-12-23', '', 0),
(231, 1, 0.18, 33, 81, 184, '2019-12-23', '', 0),
(232, 12, 0.21, 98, 82, 307, '2019-12-24', '', 0),
(233, 20, 0.2, 7, 82, 307, '2019-12-24', '', 0),
(234, 1, 0.2, 19, 82, 307, '2019-12-24', '', 0),
(235, 7, 0.18, 25, 83, 304, '2019-12-24', '', 0),
(236, 2, 0.2, 33, 83, 304, '2019-12-24', '', 0),
(237, 1, 0.2, 19, 83, 304, '2019-12-24', '', 0),
(238, 6, 0.18, 25, 83, 305, '2019-12-24', 'ORANGE CRUSH', 0),
(239, 2, 0.2, 7, 83, 305, '2019-12-24', 'NINA', 0),
(240, 2, 0.2, 33, 83, 305, '2019-12-24', 'ORANGE CRUSH, WILD SPIRIT', 0),
(241, 8, 0.18, 25, 83, 306, '2019-12-24', 'TARA, HIGH YELLOW, HIGH MAGIC', 0),
(242, 2, 0.18, 19, 83, 306, '2019-12-24', 'TARA', 0),
(243, 10, 0.21, 98, 84, 303, '2019-12-24', '', 0),
(244, 1, 0.22, 13, 85, 356, '2019-12-26', '', 0),
(245, 1, 0.2, 25, 85, 357, '2019-12-26', '', 0),
(246, 4, 0.22, 13, 86, 354, '2019-12-26', '', 0),
(247, 2, 0.22, 13, 86, 355, '2019-12-26', '', 0),
(248, 1, 0.2, 38, 87, 360, '2019-12-26', '', 0),
(249, 1, 0.2, 25, 87, 359, '2019-12-26', '', 0),
(250, 2, 0.5, 99, 88, 358, '2019-12-26', '', 0),
(251, 1, 0.2, 33, 89, 352, '2019-12-26', '', 0),
(252, 4, 0.2, 33, 89, 353, '2019-12-26', '', 0),
(253, 3, 0.23, 67, 90, 351, '2019-12-26', '', 0),
(254, 2, 0.2, 19, 91, 350, '2019-12-26', '', 0),
(255, 1, 0.38, 2, 91, 347, '2019-12-26', '', 0),
(256, 2, 0.2, 18, 91, 348, '2019-12-26', '', 0),
(257, 2, 0.22, 25, 91, 349, '2019-12-26', '', 0),
(258, 1, 0.2, 34, 92, 346, '2019-12-26', '', 0),
(259, 3, 0.22, 13, 93, 362, '2019-12-26', '', 0),
(260, 1, 0.2, 25, 93, 361, '2019-12-26', '', 0),
(261, 1, 0.23, 67, 93, 363, '2019-12-26', '', 0),
(262, 1, 0.2, 34, 94, 371, '2019-12-27', '', 0),
(263, 4, 0.24, 34, 95, 372, '2019-12-27', '', 0),
(264, 1, 0.18, 19, 96, 365, '2019-12-27', 'LEMONADE', 0),
(265, 1, 0.18, 9, 96, 366, '2019-12-27', 'DEEP PURPLE', 0),
(266, 1, 0.18, 9, 96, 367, '2019-12-27', 'HIGH ORANGE', 0),
(267, 1, 0.2, 70, 97, 368, '2019-12-27', 'PINK FLOYD', 0),
(268, 2, 0.2, 7, 97, 368, '2019-12-27', 'HOT LADY, TOPAZ', 0),
(269, 4, 0.2, 38, 97, 368, '2019-12-27', 'CHERRY OH', 0),
(270, 3, 0.2, 33, 97, 368, '2019-12-27', 'QUEEN BERRY, HOT SHOT', 0),
(271, 2, 0.2, 38, 97, 370, '2019-12-27', 'OCEAN SONG, PURPLE HAZE', 0),
(272, 6, 0.2, 69, 97, 369, '2019-12-27', 'NINA, ORANGE CRUSH', 0),
(273, 2, 0.2, 7, 97, 369, '2019-12-27', 'ORANGE CRUSH, NINA', 0),
(274, 2, 0.2, 38, 97, 369, '2019-12-27', 'FIDJI', 0),
(275, 7, 0.18, 25, 98, 373, '2019-12-30', '', 0),
(276, 1, 0.2, 19, 98, 373, '2019-12-30', '', 0),
(277, 2, 0.2, 33, 98, 373, '2019-12-30', '', 0),
(278, 9, 0.18, 25, 98, 374, '2019-12-30', 'IGUANA, ORANGE CRUSH', 0),
(279, 1, 0.2, 7, 98, 374, '2019-12-30', 'NINA', 0),
(280, 10, 0.18, 25, 98, 375, '2019-12-30', 'TARA, HIGH YELLOW, HIGH MAGIC, STARDUST', 0),
(281, 3, 0.2, 33, 99, 376, '2019-12-30', 'QUEEN BERRY   ', 0),
(282, 4, 0.2, 38, 99, 376, '2019-12-30', 'CHERRY OH, HOT LADY', 0),
(283, 1, 0.2, 70, 99, 376, '2019-12-30', 'PINK FLOYD, HOT LADY', 0),
(284, 2, 0.2, 7, 99, 376, '2019-12-30', 'TOPAZ', 0),
(285, 2, 0.2, 38, 99, 378, '2019-12-30', 'PURPLE HAZE, OCEAN SONG', 0),
(286, 2, 0.2, 38, 99, 377, '2019-12-30', 'NINA, FIDJI', 0),
(287, 6, 0.2, 69, 99, 377, '2019-12-30', 'NINA, ORANGE CRUSH', 0),
(288, 2, 0.2, 7, 99, 377, '2019-12-30', 'NINA', 0),
(289, 1, 0.22, 7, 100, 383, '2019-12-30', '', 0),
(290, 3, 0.18, 19, 100, 379, '2019-12-30', 'LEMONADE', 0),
(291, 3, 0.18, 35, 100, 380, '2019-12-30', 'COOL WATER', 0),
(292, 1, 0.2, 54, 100, 381, '2019-12-30', 'HERMOSA', 0),
(293, 1, 0.18, 19, 100, 382, '2019-12-30', 'TARA', 0),
(294, 2, 0.2, 7, 100, 382, '2019-12-30', 'BRIGTHON', 0),
(295, 15, 0.2, 7, 101, 457, '2020-01-02', '', 0),
(296, 15, 0.2, 98, 101, 457, '2020-01-02', '', 0),
(297, 2, 0.18, 25, 101, 455, '2020-01-02', 'IGUANA', 0),
(298, 3, 0.18, 70, 101, 455, '2020-01-02', 'CHERRY BRANDY, STAR 2000', 0),
(299, 2, 0.18, 69, 101, 455, '2020-01-02', 'NINA', 0),
(300, 5, 0.2, 18, 101, 455, '2020-01-02', 'HIGH ORANGE ', 0),
(301, 5, 0.18, 38, 101, 455, '2020-01-02', 'FIDJI, HIGH ORANGE, NINA, IGUANA', 0),
(302, 1, 0.2, 98, 101, 456, '2020-01-02', 'HERMOSA', 0),
(303, 5, 0.22, 7, 101, 456, '2020-01-02', 'TITANIC, HERMOSA, PINK MONDIAL', 0),
(304, 3, 0.2, 25, 101, 456, '2020-01-02', 'PINK MONDIAL', 0),
(305, 4, 0.2, 1, 101, 456, '2020-01-02', 'PINK MONDIAL, TITANIC ', 0),
(306, 1, 0.2, 29, 101, 456, '2020-01-02', 'PINK MONDIAL', 0),
(307, 1, 0.2, 33, 101, 456, '2020-01-02', 'TITANIC', 0),
(309, 1, 0.38, 2, 102, 458, '2020-01-02', '', 0),
(310, 2, 0.22, 25, 102, 460, '2020-01-02', '', 0),
(311, 2, 0.2, 25, 102, 459, '2020-01-02', '', 0),
(312, 2, 0.2, 19, 103, 470, '2020-01-02', '', 0),
(313, 14, 0.39, 2, 104, 462, '2020-01-02', '', 0),
(314, 5, 0.23, 67, 104, 471, '2020-01-02', '', 0),
(315, 2, 0.18, 25, 105, 464, '2020-01-02', 'HIGH & YELLOW', 0),
(316, 1, 0.39, 2, 106, 465, '2020-01-02', '', 0),
(317, 1, 0.2, 38, 107, 466, '2020-01-02', '', 0),
(318, 1, 0.2, 25, 107, 467, '2020-01-02', '', 0),
(319, 1, 0.23, 67, 108, 468, '2020-01-02', '', 0),
(320, 5, 0.22, 7, 101, 472, '2020-01-02', 'TITANIC,', 0),
(321, 3, 0.2, 25, 101, 472, '2020-01-02', 'PINK MONDIAL', 0),
(322, 1, 0.21, 98, 101, 472, '2020-01-02', 'HERMOSA', 0),
(323, 4, 0.2, 1, 101, 472, '2020-01-02', 'PINK MONDIAL, TITANIC', 0),
(324, 1, 0.2, 29, 101, 472, '2020-01-02', 'PINK MONDIAL', 0),
(325, 1, 0.2, 33, 101, 472, '2020-01-02', 'TITANIC', 0),
(326, 2, 0.2, 7, 109, 477, '2020-01-03', 'NINA', 0),
(327, 3, 0.2, 70, 109, 477, '2020-01-03', 'STAR 200; WOW', 0),
(328, 2, 0.2, 38, 109, 477, '2020-01-03', 'FIDJI', 0),
(329, 1, 0.18, 25, 109, 477, '2020-01-03', 'IGUANA, ORANGE CRUSH', 0),
(330, 2, 0.18, 9, 109, 477, '2020-01-03', 'BLUSH', 0),
(331, 1, 0.18, 25, 110, 475, '2020-01-03', 'TOPAZ', 0),
(332, 2, 0.2, 7, 110, 475, '2020-01-03', 'TOPAZ', 0),
(333, 3, 0.2, 33, 110, 475, '2020-01-03', 'CHERRY OH, TOPAZ, RAVEL, PINK FLOYD', 0),
(334, 4, 0.2, 38, 110, 475, '2020-01-03', 'QUEEN BERRY, CHERRY OH, PINK FLOYD', 0),
(335, 2, 0.2, 38, 110, 476, '2020-01-03', 'OCEAN SONG, PURPLE HAZE', 0),
(336, 3, 0.18, 19, 111, 473, '2020-01-03', 'LEMONADE', 0),
(337, 1, 0.18, 25, 111, 474, '2020-01-03', 'DEEP PURPLE', 0),
(338, 3, 0.2, 33, 112, 486, '2020-01-06', 'QUEEN BERRY, CHERRY OH, PINK FLOYD', 0),
(339, 2, 0.2, 7, 112, 486, '2020-01-06', 'HOT LADY, PINK FLOYD', 0),
(340, 4, 0.2, 38, 112, 486, '2020-01-06', 'HOT LADY, PINK FLOYD, CHERRY OH', 0),
(341, 1, 0.2, 83, 112, 486, '2020-01-06', 'TOPAZ', 0),
(342, 2, 0.2, 38, 112, 488, '2020-01-06', 'OCEAN SONG, PURPLE HAZZ', 0),
(343, 2, 0.2, 7, 112, 487, '2020-01-06', 'ORNAGE CRUSH, NINA, IGUANA', 0),
(344, 3, 0.2, 70, 112, 487, '2020-01-06', 'ORNAGE CRUSH, NINA', 0),
(345, 2, 0.2, 38, 112, 487, '2020-01-06', 'FIDJI, HIGH ORANGE, ORANGE CRUSH', 0),
(346, 3, 0.2, 83, 112, 487, '2020-01-06', 'ORANGE CRUSH', 0),
(347, 1, 0.32, 38, 113, 485, '2020-01-06', '', 0),
(348, 1, 0.18, 7, 113, 483, '2020-01-06', '', 0),
(349, 12, 0.2, 83, 113, 484, '2020-01-06', '', 0),
(350, 1, 0.2, 7, 113, 484, '2020-01-06', '', 0),
(351, 1, 0.18, 9, 113, 484, '2020-01-06', '', 0),
(352, 3, 0.18, 32, 113, 484, '2020-01-06', '', 0),
(353, 1, 0.18, 33, 113, 482, '2020-01-06', '', 0),
(354, 1, 0.2, 73, 114, 478, '2020-01-06', '', 0),
(355, 3, 0.2, 25, 114, 480, '2020-01-06', '', 0),
(356, 5, 0.18, 45, 114, 480, '2020-01-06', '', 0),
(357, 10, 0.18, 9, 114, 480, '2020-01-06', '', 0),
(358, 4, 0.18, 33, 114, 481, '2020-01-06', 'PROUD', 0),
(359, 1, 0.2, 25, 114, 479, '2020-01-06', '', 0),
(360, 1, 0.2, 18, 115, 508, '2020-01-07', '', 0),
(361, 1, 2.95, 4, 115, 504, '2020-01-07', '', 0),
(362, 2, 2.4, 4, 115, 503, '2020-01-07', '', 0),
(363, 1, 0.2, 13, 115, 495, '2020-01-07', '', 0),
(364, 1, 0.18, 13, 115, 497, '2020-01-07', '', 0),
(365, 1, 0.18, 13, 115, 496, '2020-01-07', '', 0),
(366, 1, 0.22, 101, 115, 499, '2020-01-07', '', 0),
(367, 2, 0.18, 19, 116, 510, '2020-01-07', '', 0),
(368, 2, 0.2, 38, 116, 510, '2020-01-07', '', 0),
(369, 1, 0.2, 29, 116, 510, '2020-01-07', '', 0),
(370, 1, 0.01, 102, 115, 500, '2020-01-07', '', 0),
(371, 1, 0.2, 18, 115, 505, '2020-01-07', '', 0),
(372, 1, 0.2, 18, 115, 506, '2020-01-07', '', 0),
(373, 2, 0.3, 103, 115, 498, '2020-01-07', '', 0),
(374, 1, 0.275555, 70, 115, 509, '2020-01-07', '', 0),
(375, 1, 0.18, 38, 115, 502, '2020-01-07', '', 0),
(376, 1, 0.18, 38, 115, 501, '2020-01-07', '', 0),
(377, 1, 0.2, 18, 115, 507, '2020-01-07', '', 0),
(378, 1, 0.28, 36, 117, 512, '2020-01-07', '', 0),
(379, 2, 0.2, 18, 118, 511, '2020-01-07', 'IGUANA, NINA', 0),
(380, 1, 0.18, 33, 118, 511, '2020-01-07', 'VOODO', 0),
(381, 3, 0.18, 70, 118, 511, '2020-01-07', 'NINA, WOW, STAR 2000', 0),
(382, 3, 0.18, 69, 118, 511, '2020-01-07', 'NINA, ORANGE CRUSH', 0),
(383, 1, 0.18, 38, 118, 511, '2020-01-07', 'ORANGE CRUSH', 0),
(384, 4, 0.23, 104, 116, 510, '2020-01-07', '', 0),
(385, 1, 2.95, 4, 119, 525, '2020-01-07', '', 0),
(386, 2, 2.4, 4, 119, 524, '2020-01-07', '', 0),
(387, 1, 0.2, 13, 119, 514, '2020-01-07', '', 0),
(388, 1, 0.2, 13, 119, 515, '2020-01-07', '', 0),
(390, 1, 0.175555, 38, 119, 517, '2020-01-07', '', 0),
(391, 1, 0.2, 38, 119, 519, '2020-01-07', '', 0),
(392, 1, 0.2, 18, 119, 520, '2020-01-07', '', 0),
(393, 1, 0.2, 18, 119, 521, '2020-01-07', '', 0),
(394, 2, 0.3, 103, 119, 523, '2020-01-07', '', 0),
(395, 1, 0.266666, 70, 119, 522, '2020-01-07', '', 0),
(396, 1, 0.2, 13, 119, 513, '2020-01-07', '', 0),
(397, 1, 0.18, 38, 119, 516, '2020-01-07', '', 0),
(398, 5, 0.22, 9, 63, 541, '2020-01-08', '', 0),
(399, 10, 0.2, 25, 63, 541, '2020-01-08', '', 0),
(400, 6, 0.2, 25, 63, 220, '2020-01-08', 'VENDELA', 0),
(401, 4, 0.22, 98, 63, 220, '2020-01-08', 'VENDELA', 0),
(402, 5, 0.2, 27, 63, 220, '2020-01-08', 'VENDELA', 0),
(403, 3, 0.22, 7, 120, 266, '2020-01-08', '', 0),
(404, 1, 0.2, 27, 55, 173, '2020-01-08', '', 0),
(405, 2, 2.4, 4, 121, 561, '2020-01-08', '', 0),
(406, 1, 2.95, 4, 121, 568, '2020-01-08', '', 0),
(407, 13, 0.4, 2, 52, 567, '2020-01-08', '', 0),
(408, 1, 0.132941, 13, 121, 557, '2020-01-08', '', 0),
(409, 3, 0.18, 25, 122, 177, '2020-01-08', 'PINK FLOYD', 0),
(410, 1, 0.2, 18, 121, 564, '2020-01-08', '', 0),
(411, 1, 0.2, 13, 121, 555, '2020-01-08', '', 0),
(412, 1, 0.18, 38, 121, 558, '2020-01-08', '', 0),
(414, 1, 0.2, 18, 121, 563, '2020-01-08', '', 0),
(415, 2, 0.3, 103, 121, 560, '2020-01-08', '', 0),
(416, 2, 0.4, 2, 123, 134, '2020-01-08', '', 0),
(417, 1, 0.2, 13, 121, 556, '2020-01-08', '', 0),
(418, 1, 0.18, 38, 121, 559, '2020-01-08', '', 0),
(419, 1, 0.2, 18, 121, 565, '2020-01-08', '', 0),
(420, 1, 0.39, 2, 124, 133, '2020-01-08', '', 0),
(421, 1, 0.22, 13, 125, 569, '2020-01-08', '', 0),
(422, 1, 0.18, 33, 126, 257, '2020-01-08', '', 0),
(423, 6, 0.2, 43, 126, 256, '2020-01-08', '', 0),
(424, 6, 0.18, 45, 126, 257, '2020-01-08', '', 0),
(425, 4, 0.23, 67, 127, 258, '2020-01-08', '', 0),
(426, 11, 0.41, 2, 128, 259, '2020-01-08', '', 0),
(427, 2, 0.2, 25, 129, 261, '2020-01-08', '', 0),
(428, 2, 0.22, 25, 129, 260, '2020-01-08', '', 0),
(429, 2, 0.2, 19, 129, 262, '2020-01-08', '', 0),
(430, 1, 0.2, 70, 130, 263, '2020-01-08', 'HOT LADY', 0),
(431, 3, 0.2, 33, 130, 263, '2020-01-08', 'TOPAZ/QUEENBERRY/HOT SHOT', 0),
(432, 2, 0.2, 7, 130, 263, '2020-01-08', 'HOT LADY/TOPAZ/PINK FLOYD', 0),
(433, 4, 0.2, 38, 130, 263, '2020-01-08', 'CHERRY OH/ HOT LADY', 0),
(434, 2, 0.2, 38, 130, 265, '2020-01-08', 'PURPLE HAZE/ OCEAN SONG', 0),
(435, 2, 0.2, 38, 130, 264, '2020-01-08', 'FIDGI', 0),
(436, 6, 0.2, 69, 130, 264, '2020-01-08', 'ORANGE CRUSH/NINA', 0),
(437, 6, 0.2, 69, 130, 264, '2020-01-08', 'NINA/ ORANGE CRUSH', 0),
(438, 2, 0.2, 7, 130, 264, '2020-01-08', 'ORANGE CRUSH/ NINA', 0),
(439, 6, 0.2, 69, 130, 570, '2020-01-08', 'ORANGE CRUSH/ NINA', 0),
(440, 2, 0.2, 7, 130, 570, '2020-01-08', 'ORANGE CRUSH/NINA', 0),
(441, 2, 0.2, 38, 130, 570, '2020-01-08', 'FIDGI', 0),
(442, 1, 0.2, 13, 131, 542, '2020-01-08', '', 0),
(443, 1, 0.2, 13, 131, 543, '2020-01-08', '', 0),
(444, 1, 0.2, 13, 131, 544, '2020-01-08', '', 0),
(445, 2, 0.3, 103, 131, 545, '2020-01-08', '', 0),
(446, 1, 0.18, 38, 131, 546, '2020-01-08', '', 0),
(447, 1, 0.178333, 38, 131, 547, '2020-01-08', '', 0),
(448, 1, 0.2, 19, 132, 575, '2020-01-08', '', 0),
(449, 2, 0.2, 33, 132, 575, '2020-01-08', '', 0),
(450, 7, 0.18, 25, 132, 575, '2020-01-08', '', 0),
(451, 9, 0.18, 25, 132, 573, '2020-01-08', 'IGUANA, ORANGE CRUSH', 0),
(452, 1, 0.2, 7, 132, 573, '2020-01-08', 'NINA', 0),
(453, 10, 0.18, 25, 132, 574, '2020-01-08', 'HIGH YELLOW, HIGH MAGIC, TARA,', 0),
(454, 14, 0.39, 2, 133, 571, '2020-01-08', '', 0),
(455, 5, 0.23, 67, 133, 572, '2020-01-08', '', 0),
(456, 2, 0.2, 19, 134, 493, '2020-01-08', '', 0),
(457, 1, 0.38, 2, 134, 494, '2020-01-08', '', 0),
(458, 2, 0.2, 25, 134, 491, '2020-01-08', '', 0),
(459, 1, 0.2, 25, 134, 490, '2020-01-08', '', 0),
(460, 2, 2.4, 4, 131, 576, '2020-01-08', '', 0),
(461, 1, 2.95, 4, 131, 577, '2020-01-08', '', 0),
(462, 8, 0.22, 25, 134, 489, '2020-01-08', '', 0),
(463, 2, 0.22, 25, 134, 492, '2020-01-08', '', 0),
(464, 1, 0.203889, 18, 131, 550, '2020-01-08', '', 0),
(465, 1, 0.2, 18, 131, 551, '2020-01-08', '', 0),
(466, 1, 0.2075, 18, 131, 552, '2020-01-08', '', 0),
(467, 1, 0.2, 18, 131, 553, '2020-01-08', '', 0),
(468, 1, 0.262222, 70, 131, 554, '2020-01-08', '', 0),
(469, 1, 2.95, 4, 135, 534, '2020-01-08', '', 0),
(470, 2, 2.4, 4, 135, 533, '2020-01-08', '', 0),
(471, 2, 0.3, 103, 135, 530, '2020-01-08', '', 0),
(472, 1, 0.21, 19, 135, 526, '2020-01-08', '', 0),
(473, 1, 0.202778, 13, 135, 527, '2020-01-08', '', 0),
(474, 1, 0.203889, 13, 135, 528, '2020-01-08', '', 0),
(475, 1, 0.215, 13, 135, 529, '2020-01-08', '', 0),
(476, 1, 0.18, 38, 135, 532, '2020-01-08', '', 0),
(477, 1, 0.200625, 38, 135, 531, '2020-01-08', '', 0),
(478, 1, 0.2, 18, 135, 535, '2020-01-08', '', 0),
(479, 1, 0.2, 18, 135, 536, '2020-01-08', '', 0),
(480, 1, 0.2, 18, 135, 537, '2020-01-08', '', 0),
(481, 1, 0.2, 18, 135, 538, '2020-01-08', '', 0),
(482, 1, 0.2, 1, 135, 539, '2020-01-08', '', 0),
(483, 1, 0.223636, 70, 135, 540, '2020-01-08', '', 0),
(484, 2, 0.2, 33, 136, 578, '2020-01-08', 'ORANGE CRUSH', 0),
(485, 1, 0.2, 7, 136, 578, '2020-01-08', 'ORANGE CRUSH', 0),
(486, 2, 0.2, 33, 136, 578, '2020-01-08', 'ORANGE CRUSH', 0),
(487, 2, 0.2, 33, 136, 580, '2020-01-08', 'ORANGE CRUSH', 0),
(488, 1, 0.2, 7, 136, 580, '2020-01-08', 'ORANGE CRUSH', 0),
(489, 2, 0.2, 25, 136, 580, '2020-01-08', 'ORANGE CRUSH/IGUANA', 0),
(490, 1, 0.2, 43, 136, 579, '2020-01-08', 'SHOCKING VERSILIA', 0),
(491, 1, 0.2, 25, 136, 579, '2020-01-08', 'TOPAZ', 0),
(492, 1, 0.23, 67, 137, 582, '2020-01-09', '', 0),
(493, 4, 0.2, 7, 138, 611, '2020-01-09', '', 0),
(494, 1, 0.2, 7, 138, 608, '2020-01-09', 'CUMBIA', 0),
(495, 1, 0.2, 7, 138, 609, '2020-01-09', 'HERMOSA', 0),
(496, 1, 0.2, 7, 138, 610, '2020-01-09', 'VENDELA', 0),
(497, 6, 0.2, 7, 139, 612, '2020-01-09', '', 0),
(498, 8, 0.18, 28, 140, 626, '2020-01-09', '', 0),
(499, 5, 0.2, 1, 140, 625, '2020-01-09', 'TITANIC', 0),
(500, 1, 3.35, 4, 141, 603, '2020-01-09', '', 0),
(501, 2, 2.9, 4, 141, 602, '2020-01-09', '', 0),
(502, 2, 0.3, 103, 141, 599, '2020-01-09', '', 0),
(503, 1, 0.223636, 70, 141, 627, '2020-01-09', '', 0),
(504, 1, 0.18, 38, 141, 600, '2020-01-09', '', 0),
(505, 1, 0.18, 38, 141, 601, '2020-01-09', '', 0),
(506, 1, 0.2, 18, 141, 607, '2020-01-09', '', 0),
(507, 1, 0.2, 18, 141, 604, '2020-01-09', '', 0),
(508, 1, 0.2, 18, 141, 605, '2020-01-09', '', 0),
(509, 1, 0.2, 18, 141, 606, '2020-01-09', '', 0),
(510, 1, 0.2, 13, 141, 597, '2020-01-09', '', 0),
(511, 1, 0.2, 13, 141, 596, '2020-01-09', '', 0),
(512, 1, 0.2, 13, 141, 598, '2020-01-09', '', 0),
(513, 1, 0.2, 83, 142, 633, '2020-01-10', 'TOPAZ', 0),
(514, 4, 0.2, 38, 142, 634, '2020-01-10', 'PINK FLOYD; CHERRY OH', 0),
(515, 2, 0.2, 7, 142, 635, '2020-01-10', 'TOPAZ,  HOT LADY, PINK FLOYD', 0),
(516, 3, 0.24, 33, 142, 636, '2020-01-10', 'TOPAZ', 0),
(517, 2, 0.2, 38, 142, 637, '2020-01-10', 'PURPLE HAZE, OCEAN SONG', 0),
(518, 2, 0.2, 7, 142, 629, '2020-01-10', 'ORANGE CRUSH /NINA', 0),
(519, 3, 0.2, 70, 142, 632, '2020-01-10', 'wow, star 2000', 0),
(520, 3, 0.2, 83, 142, 630, '2020-01-10', 'ORANGE CRUSH, EXOTICA', 0),
(521, 2, 0.2, 38, 142, 631, '2020-01-10', 'FIDJI', 0),
(522, 1, 0.23, 67, 143, 628, '2020-01-10', '', 0),
(523, 1, 0.34, 60, 144, 585, '2020-01-10', '', 0),
(524, 5, 2.1, 2, 144, 594, '2020-01-10', '', 0),
(525, 1, 2.1, 2, 144, 595, '2020-01-10', '', 0),
(526, 2, 0.38, 2, 144, 586, '2020-01-10', '', 0),
(527, 5, 0.4, 2, 144, 589, '2020-01-10', '', 0),
(528, 2, 0.4, 2, 144, 590, '2020-01-10', '', 0),
(529, 1, 0.4, 2, 144, 592, '2020-01-10', '', 0),
(530, 6, 0.4, 2, 144, 587, '2020-01-10', '', 0),
(531, 4, 0.4, 2, 144, 620, '2020-01-10', '', 0),
(532, 1, 0.38, 2, 144, 621, '2020-01-10', '', 0),
(533, 1, 0.22, 57, 144, 584, '2020-01-10', '', 0),
(534, 6, 0.21, 57, 144, 619, '2020-01-10', '', 0),
(535, 2, 0.5, 41, 145, 651, '2020-01-10', '', 0),
(536, 1, 0.4, 68, 145, 652, '2020-01-10', '', 0),
(539, 1, 0.18, 19, 147, 704, '2020-01-13', 'LEMONADE', 0),
(540, 2, 0.2, 38, 148, 717, '2020-01-14', 'PINK FLOYD', 0),
(541, 2, 0.2, 38, 148, 717, '2020-01-14', 'CHERRY OH', 0),
(542, 3, 0.2, 33, 148, 717, '2020-01-14', 'QUEENBERRY, TOPAZ', 0),
(543, 2, 0.2, 7, 148, 717, '2020-01-14', 'TOPAZ', 0),
(544, 1, 0.2, 83, 148, 717, '2020-01-14', 'PINK FLOYD', 0),
(545, 2, 0.2, 7, 148, 718, '2020-01-14', 'Rose orange', 0),
(546, 3, 0.2, 70, 148, 718, '2020-01-14', 'wow, star 2000', 0),
(547, 2, 0.2, 38, 148, 718, '2020-01-14', 'FIDJI', 0),
(548, 3, 0.2, 83, 148, 718, '2020-01-14', 'EXOTICA, ORANGE CRUSH', 0),
(549, 2, 0.2, 38, 148, 719, '2020-01-14', 'OCEAN SONG; PURPLE HAZE', 0),
(550, 4, 0.2, 1, 149, 720, '2020-01-14', '', 0),
(551, 1, 0.19, 33, 149, 720, '2020-01-14', '', 0),
(552, 1, 3.4, 60, 150, 662, '2020-01-15', '', 0),
(553, 3, 3.6, 60, 150, 663, '2020-01-15', '', 0),
(554, 1, 2.1, 2, 150, 653, '2020-01-15', '', 0),
(555, 5, 2.1, 2, 150, 654, '2020-01-15', '', 0),
(556, 2, 0.38, 2, 150, 655, '2020-01-15', '', 0),
(557, 6, 0.4, 2, 150, 665, '2020-01-15', '', 0),
(558, 2, 0.4, 2, 150, 656, '2020-01-15', '', 0),
(559, 4, 0.4, 2, 150, 657, '2020-01-15', '', 0),
(560, 6, 0.4, 2, 150, 661, '2020-01-15', '', 0),
(561, 1, 2.2, 57, 150, 660, '2020-01-15', '', 0),
(562, 2, 1.1, 53, 150, 659, '2020-01-15', '', 0),
(563, 2, 0.24, 34, 150, 658, '2020-01-15', '', 0),
(564, 4, 2.8, 60, 151, 667, '2020-01-15', '', 0),
(565, 3, 3, 60, 151, 668, '2020-01-15', '', 0),
(566, 3, 3.4, 60, 151, 671, '2020-01-15', '', 0),
(567, 1, 2.1, 2, 151, 669, '2020-01-15', '', 0),
(568, 2, 2.1, 2, 151, 670, '2020-01-15', '', 0),
(569, 1, 0.4, 2, 151, 672, '2020-01-15', '', 0),
(570, 2, 0.4, 2, 151, 673, '2020-01-15', '', 0),
(571, 1, 2.2, 57, 151, 666, '2020-01-15', '', 0),
(572, 1, 0.24, 34, 151, 674, '2020-01-15', '', 0),
(573, 10, 2.59, 25, 152, 675, '2020-01-15', '', 0),
(574, 1, 3, 60, 152, 676, '2020-01-15', '', 0),
(575, 2, 3.4, 60, 152, 677, '2020-01-15', '', 0),
(576, 2, 2.5, 57, 152, 679, '2020-01-15', '', 0),
(577, 3, 2.4, 57, 152, 680, '2020-01-15', '', 0),
(578, 1, 2.4, 57, 152, 681, '2020-01-15', '', 0),
(579, 1, 0.28, 34, 152, 678, '2020-01-15', '', 0),
(580, 3, 0.11, 105, 150, 838, '2020-01-15', '', 0),
(581, 1, 0.32, 89, 153, 839, '2020-01-15', '', 0),
(582, 1, 3, 60, 154, 840, '2020-01-15', '', 0),
(583, 1, 0.32, 89, 155, 844, '2020-01-15', '', 0),
(584, 1, 3.6, 60, 156, 847, '2020-01-15', '', 0),
(585, 1, 3.4, 60, 157, 852, '2020-01-15', '', 0),
(586, 1, 0.28, 53, 158, 853, '2020-01-15', '', 0),
(587, 1, 3.6, 60, 159, 854, '2020-01-15', '', 0),
(588, 3, 0.28, 53, 160, 849, '2020-01-15', '', 0),
(589, 2, 0.28, 53, 160, 850, '2020-01-15', '', 0),
(590, 2, 0.28, 53, 160, 851, '2020-01-15', '', 0),
(591, 1, 0.2, 19, 161, 855, '2020-01-15', '', 0),
(592, 7, 0.18, 25, 161, 855, '2020-01-15', '', 0),
(593, 2, 0.2, 33, 161, 855, '2020-01-15', '', 0),
(594, 9, 0.18, 25, 161, 856, '2020-01-15', 'ORANGE CRUSH IGUANA', 0),
(595, 1, 0.2, 7, 161, 856, '2020-01-15', 'NINA', 0),
(596, 10, 0.18, 25, 161, 857, '2020-01-15', 'TARA, HIGH MAGIC, HIGH YELLOW', 0),
(597, 14, 0.39, 2, 162, 845, '2020-01-15', '', 0),
(598, 5, 0.2, 67, 162, 858, '2020-01-15', '', 0),
(599, 2, 0.39, 2, 163, 848, '2020-01-15', '', 0),
(600, 2, 0.2, 19, 164, 843, '2020-01-15', '', 0),
(601, 1, 0.38, 2, 164, 841, '2020-01-15', '', 0),
(602, 2, 0.2, 25, 164, 842, '2020-01-15', '', 0),
(604, 1, 0.32, 106, 165, 891, '2020-01-16', '', 0),
(605, 10, 0.15, 56, 166, 892, '2020-01-16', '', 0),
(606, 2, 0.15, 56, 166, 893, '2020-01-16', '', 0),
(607, 2, 0.15, 56, 166, 894, '2020-01-16', '', 0),
(608, 7, 0.15, 56, 167, 895, '2020-01-16', '', 0),
(609, 2, 0.15, 56, 167, 896, '2020-01-16', '', 0),
(610, 2, 0.15, 56, 167, 897, '2020-01-16', '', 0),
(611, 9, 0.15, 56, 168, 898, '2020-01-16', '', 0),
(612, 3, 0.15, 56, 168, 899, '2020-01-16', '', 0),
(613, 4, 0.15, 56, 168, 900, '2020-01-16', '', 0),
(614, 10, 0.15, 56, 169, 901, '2020-01-16', '', 0),
(615, 2, 0.15, 56, 169, 902, '2020-01-16', '', 0),
(616, 2, 0.15, 56, 169, 903, '2020-01-16', '', 0),
(617, 10, 0.15, 56, 170, 904, '2020-01-16', '', 0),
(618, 3, 0.22, 104, 171, 905, '2020-01-16', '', 0),
(619, 5, 0.2, 38, 172, 976, '2020-01-16', '', 0),
(620, 2, 0.2, 7, 173, 977, '2020-01-16', '', 0),
(621, 1, 0.17, 33, 174, 978, '2020-01-16', 'ROSE RED', 0),
(622, 2, 0.17, 33, 175, 979, '2020-01-16', '', 0),
(623, 1, 3.6, 60, 176, 1030, '2020-01-16', '', 0),
(624, 2, 0.3, 103, 177, 822, '2020-01-16', '', 0),
(625, 2, 2.4, 4, 177, 823, '2020-01-16', '', 0),
(626, 1, 2.95, 4, 177, 824, '2020-01-16', '', 0),
(627, 1, 0.2, 13, 177, 818, '2020-01-16', '', 0),
(628, 1, 0.2, 13, 177, 816, '2020-01-16', '', 0),
(629, 1, 0.2, 13, 177, 820, '2020-01-16', '', 0),
(630, 1, 0.227272, 70, 177, 819, '2020-01-17', '', 0),
(631, 1, 0.18, 38, 177, 821, '2020-01-17', '', 0),
(632, 1, 0.182777, 38, 177, 813, '2020-01-17', '', 0),
(633, 1, 0.2, 18, 177, 812, '2020-01-17', '', 0),
(634, 1, 0.2, 18, 177, 815, '2020-01-17', '', 0),
(635, 1, 0.2, 18, 177, 814, '2020-01-17', '', 0),
(636, 1, 0.2, 18, 177, 817, '2020-01-17', '', 0),
(637, 1, 0.39, 2, 178, 975, '2020-01-17', '', 0),
(638, 3, 0.2, 33, 179, 1051, '2020-01-17', 'TOPAZ', 0),
(639, 2, 0.2, 7, 179, 1051, '2020-01-17', 'TOPAZ', 0),
(640, 4, 0.2, 38, 179, 1051, '2020-01-17', 'CHERRY OH, PINK FLOYD', 0),
(641, 1, 0.2, 83, 179, 1051, '2020-01-17', 'PINK FLOYD', 0),
(642, 2, 0.2, 38, 179, 1053, '2020-01-17', 'OCEAN SONG, PURPLE HAZE', 0),
(643, 2, 0.2, 7, 179, 1052, '2020-01-17', 'ORANGE CRUSH', 0),
(644, 3, 0.2, 70, 179, 1052, '2020-01-17', 'WOW/ STAR200', 0),
(645, 2, 0.2, 38, 179, 1052, '2020-01-17', 'FIDJI', 0),
(646, 2, 0.2, 83, 179, 1052, '2020-01-17', 'ORANGE CRUSH', 0),
(647, 1, 0.2, 33, 179, 1052, '2020-01-17', 'ORANGE CRUSH', 0),
(648, 11, 0.18, 70, 180, 1057, '2020-01-17', 'CHERRY BRANDY; WOW', 0),
(649, 11, 0.18, 69, 180, 1057, '2020-01-17', 'NINA; ORANGE CRUSH', 0),
(650, 5, 0.25, 18, 180, 1057, '2020-01-17', 'NINA, ORANGE CRUSH, HILUX, HIGH ORANGE', 0),
(651, 11, 0.25, 70, 181, 1188, '2020-01-17', 'CHERRY BRANDY, WOW', 0),
(652, 11, 0.25, 69, 181, 1188, '2020-01-17', 'NINA, ORANGE CRUSH', 0),
(653, 5, 0.25, 18, 181, 1188, '2020-01-17', 'NINA, ORANGE CRUSH, HILUX, HIGH ORANGE', 0),
(654, 3, 0.28, 107, 182, 1198, '2020-01-17', '', 1),
(655, 3, 0.28, 107, 182, 1199, '2020-01-17', '', 1),
(656, 3, 0.28, 107, 182, 1200, '2020-01-17', '', 1),
(657, 2, 0.295, 113, 183, 1196, '2020-01-17', '', 0),
(658, 1, 0.4, 116, 184, 1197, '2020-01-17', '', 0),
(659, 1, 0.28, 107, 185, 1194, '2020-01-17', '', 1),
(660, 1, 0.28, 107, 185, 1193, '2020-01-17', '', 1),
(661, 1, 0.28, 107, 185, 1195, '2020-01-17', '', 1),
(662, 1, 0.3, 29, 186, 1207, '2020-01-20', '', 0),
(663, 1, 0.3, 29, 186, 1206, '2020-01-20', '', 0),
(664, 7, 4.8, 39, 187, 942, '2020-01-20', '', 0),
(665, 3, 4.8, 70, 187, 942, '2020-01-20', '', 0),
(666, 3, 5.4, 33, 187, 942, '2020-01-20', '', 0),
(667, 26, 4.8, 18, 187, 942, '2020-01-20', '', 0),
(668, 5, 4.8, 7, 187, 942, '2020-01-20', '', 0),
(669, 10, 2.88, 70, 187, 943, '2020-01-20', '', 0),
(670, 4, 3, 33, 187, 943, '2020-01-20', '', 0),
(671, 25, 3, 18, 187, 943, '2020-01-20', '', 0),
(672, 15, 3.6, 18, 187, 944, '2020-01-20', '', 0),
(673, 1, 3.6, 7, 187, 944, '2020-01-20', '', 0),
(674, 11, 0.26, 69, 188, 1104, '2020-01-20', 'NINA - ORANGE CRUSH', 0),
(675, 11, 0.26, 70, 188, 1104, '2020-01-20', 'WOW, STAR 2000, CHERRY BRANDY', 0),
(676, 5, 0.25, 18, 188, 1104, '2020-01-20', 'NINA, HIGH ORANGE, IGUANA', 0),
(677, 1, 0.35, 18, 189, 992, '2020-01-20', 'PINK FLOYD', 0),
(678, 3, 0.36, 39, 189, 992, '2020-01-20', 'TOPAZ', 0),
(679, 3, 0.35, 70, 189, 992, '2020-01-20', 'PINK FLOYD, TOPAZ, CHERRY OH, HOT LADY', 0),
(680, 3, 0.35, 69, 189, 992, '2020-01-20', 'TOPAZ, PINK FLOYD, CHERRY OH', 0),
(681, 1, 0.35, 69, 189, 992, '2020-01-20', 'ENGAGEMENT', 0),
(682, 9, 0.2, 41, 190, 1221, '2020-01-20', '', 0),
(683, 1, 0.2, 66, 190, 1221, '2020-01-20', '', 0),
(684, 5, 0.2, 66, 190, 1222, '2020-01-20', 'BLUE CURIOSA, C WATER', 0),
(685, 1, 3.2, 2, 191, 1099, '2020-01-20', '', 0),
(686, 1, 3.2, 2, 191, 1098, '2020-01-20', '', 0),
(688, 2, 0.24, 83, 193, 1061, '2020-01-20', 'VENDELA', 0),
(689, 1, 0.15, 33, 194, 1223, '2020-01-20', '', 0),
(690, 2, 0.15, 33, 195, 1224, '2020-01-20', '', 0),
(691, 3, 0.15, 33, 196, 1225, '2020-01-20', '', 0),
(692, 2, 0.15, 33, 197, 1226, '2020-01-20', '', 0),
(693, 2, 0.15, 33, 198, 1227, '2020-01-20', '', 0),
(694, 3, 0.15, 33, 199, 1228, '2020-01-20', '', 0),
(695, 1, 0.15, 33, 200, 1229, '2020-01-20', '', 0),
(696, 1, 0.15, 33, 201, 1230, '2020-01-20', '', 0),
(697, 1, 0.35, 69, 189, 992, '2020-01-20', 'ENGAGEMENT', 0),
(698, 1, 0.4, 116, 202, 1231, '2020-01-20', '', 0),
(699, 1, 0.34, 60, 203, 1232, '2020-01-20', '', 0),
(700, 1, 0.32, 89, 204, 1233, '2020-01-20', '', 0),
(701, 2, 0.22, 70, 205, 1235, '2020-01-20', '', 0),
(702, 2, 0.24, 70, 205, 1236, '2020-01-20', '', 0),
(703, 2, 0.35, 2, 206, 1237, '2020-01-21', '', 0),
(704, 1, 0.32, 2, 207, 1239, '2020-01-21', '', 0),
(705, 1, 0.32, 2, 207, 1238, '2020-01-21', '', 0),
(706, 7, 4.8, 39, 208, 945, '2020-01-21', '', 0),
(707, 3, 4.8, 70, 208, 945, '2020-01-21', '', 0),
(708, 3, 5.4, 33, 208, 945, '2020-01-21', '', 0),
(709, 5, 4.8, 7, 208, 945, '2020-01-21', '', 0),
(710, 26, 4.8, 18, 208, 945, '2020-01-21', '', 0),
(711, 10, 2.88, 70, 208, 946, '2020-01-21', '', 0),
(712, 4, 3, 33, 208, 946, '2020-01-21', '', 0),
(713, 25, 3, 18, 208, 946, '2020-01-21', '', 0),
(714, 15, 3.6, 18, 208, 947, '2020-01-21', '', 0),
(715, 1, 3.6, 7, 208, 947, '2020-01-21', '', 0),
(716, 2, 0.43, 2, 209, 1260, '2020-01-21', '', 0),
(717, 2, 0.43, 2, 209, 1261, '2020-01-21', '', 0),
(718, 12, 0.43, 2, 210, 1262, '2020-01-21', '', 0),
(719, 1, 0.35, 69, 211, 991, '2020-01-21', 'ENGAGEMENT', 0),
(720, 3, 0.35, 39, 211, 991, '2020-01-21', 'TOPAZ', 0),
(721, 3, 0.35, 70, 211, 991, '2020-01-21', '2 PINK FLOYD, 1 HOT LADY', 0),
(722, 3, 0.35, 69, 211, 991, '2020-01-21', '2 CHERRY OH, 1 PINK FLOYD', 0),
(723, 1, 0.35, 18, 211, 991, '2020-01-21', 'PINK FLOYD, CHERRY OH, TOPAZ', 0),
(724, 8, 0.25, 69, 212, 1103, '2020-01-21', '5 NINA, 6 ORANGE CRUSH', 0),
(725, 11, 0.25, 70, 212, 1103, '2020-01-21', '7 CHERRY BRANDY, 4 WOW', 0),
(726, 5, 0.25, 18, 212, 1103, '2020-01-21', '2 NINA, IGUANA, ORANGE CRUSH, HIGH ORANGE', 0),
(727, 1, 0.43, 2, 213, 1263, '2020-01-21', '', 0),
(728, 10, 0.44, 2, 214, 1289, '2020-01-21', '', 0),
(729, 2, 0.2, 38, 215, 1290, '2020-01-21', 'PURPLE HAZE, OCEAN SONG', 0),
(730, 1, 0.18, 25, 216, 1234, '2020-01-21', '', 0),
(731, 1, 0.4, 2, 217, 1293, '2020-01-21', '', 0),
(732, 1, 0.2, 9, 217, 1291, '2020-01-21', '', 0),
(733, 1, 0.25, 9, 217, 1292, '2020-01-21', '', 0),
(734, 4, 0.15, 33, 218, 1294, '2020-01-21', 'FREEDOM', 0),
(735, 3, 0.2, 33, 219, 1297, '2020-01-21', 'TOPAZ, HOT SHOT, CHERRY OH', 0),
(736, 2, 0.2, 7, 219, 1297, '2020-01-21', 'TOPAZ', 0),
(737, 4, 0.2, 38, 219, 1297, '2020-01-21', 'CHERRY OH, PINK FLOYD', 0),
(738, 1, 0.2, 83, 219, 1297, '2020-01-21', 'TOPAZ', 0),
(739, 3, 0.2, 70, 219, 1298, '2020-01-21', '2 WOW, 1 STAR 2000', 0),
(740, 2, 0.2, 7, 219, 1298, '2020-01-21', 'ORANGE CRUSH', 0),
(741, 2, 0.2, 38, 219, 1298, '2020-01-21', 'FIDJI', 0),
(743, 2, 0.3, 18, 220, 1174, '2020-01-21', 'NINA, IGUANA, ORANGE CRUSH', 0),
(744, 3, 0.35, 33, 220, 1175, '2020-01-21', 'ORANGE CRUSH, VOODOO', 0),
(745, 5, 0.35, 39, 220, 1175, '2020-01-21', 'TOPAZ', 0),
(746, 2, 0.35, 117, 220, 1175, '2020-01-21', 'TOPAZ', 0),
(747, 1, 0.35, 19, 220, 1175, '2020-01-21', 'HOT EXPLORER', 0),
(748, 1, 0.35, 25, 220, 1175, '2020-01-21', 'TOPAZ', 0),
(749, 3, 0.35, 29, 220, 1175, '2020-01-21', 'PINK FLOYD', 0),
(750, 1, 0.35, 25, 220, 1176, '2020-01-21', 'DEEP PURPLE', 0),
(751, 1, 0.35, 19, 220, 1176, '2020-01-21', 'DEEP PURPLE', 0),
(752, 1, 0.35, 33, 220, 1177, '2020-01-21', 'JESSIKA', 0),
(753, 1, 0.35, 29, 220, 1177, '2020-01-21', 'NOVIA', 0),
(754, 1, 0.35, 19, 220, 1177, '2020-01-21', 'SWEET UNIQUE', 0),
(755, 1, 0.35, 18, 220, 1177, '2020-01-21', 'LUCIANA', 0),
(756, 1, 0.35, 25, 220, 1177, '2020-01-21', 'PINK MONDIAL', 0),
(757, 4, 0.25, 33, 221, 1295, '2020-01-21', 'orange crush, voodoo', 0),
(758, 7, 0.25, 25, 221, 1295, '2020-01-21', 'orange crush, nina', 0),
(759, 2, 0.25, 29, 221, 1295, '2020-01-21', 'nina', 0),
(761, 4, 0.25, 7, 221, 1295, '2020-01-21', 'ORANGE CRUSH', 0),
(762, 1, 0.25, 56, 221, 1295, '2020-01-21', 'ROCKSTART', 0),
(763, 2, 0.25, 19, 221, 1295, '2020-01-21', 'FREE SPIRIT', 0),
(764, 1, 0.25, 25, 221, 1296, '2020-01-21', 'HIGH MAGIC', 0),
(765, 1, 0.25, 29, 221, 1296, '2020-01-21', 'BRIGHTON', 0),
(766, 1, 0.25, 117, 221, 1296, '2020-01-21', 'BRIGHTON, HIGH MAGIC', 0),
(767, 2, 0.25, 39, 221, 1296, '2020-01-21', 'BRIGHTON', 0),
(768, 2, 0.25, 19, 221, 1296, '2020-01-21', 'BRIGHTON', 0),
(769, 2, 0.25, 70, 221, 1296, '2020-01-21', '1 BRIGHTON, 1 KEIRO', 0),
(770, 5, 0.25, 69, 221, 1296, '2020-01-21', '3 HIGH MAGIC, 1 TARA, 1 BRIGHTON', 0),
(771, 5, 0.25, 7, 221, 1296, '2020-01-21', 'ROSE COLOR YELLOW', 0),
(772, 4, 0.25, 33, 221, 1296, '2020-01-21', 'STARDUST/YELLOW STORM', 0),
(773, 1, 0.25, 118, 221, 1296, '2020-01-21', 'BRIGHTON', 0),
(774, 1, 0.2, 25, 222, 1322, '2020-01-21', '', 0),
(775, 1, 0.36, 60, 223, 1300, '2020-01-21', '', 0),
(776, 1, 0.28, 53, 223, 1299, '2020-01-21', '', 0),
(777, 3, 0.26, 69, 221, 1324, '2020-01-21', 'ORANGE CRUSH, NINA', 0),
(778, 7, 0.25, 25, 221, 1324, '2020-01-21', 'ORANGE CRUSH, NINA', 0),
(779, 4, 0.25, 33, 221, 1324, '2020-01-21', 'ORANGE CRUSH, NINA', 0),
(780, 2, 0.26, 29, 221, 1324, '2020-01-21', 'NINA', 0),
(782, 4, 0.25, 7, 221, 1324, '2020-01-21', 'ORANGE CRUSH', 0),
(783, 1, 0.24, 56, 221, 1324, '2020-01-21', 'ROCK STAR', 0),
(784, 2, 0.28, 19, 221, 1324, '2020-01-21', 'FREE SPIRIT', 0),
(785, 1, 0.35, 2, 224, 1241, '2020-01-21', '', 0),
(786, 1, 0.35, 2, 224, 1240, '2020-01-21', '', 0),
(787, 3, 0.26, 7, 212, 1103, '2020-01-21', 'MOVIE STAR', 0),
(788, 2, 0.4, 83, 225, 1181, '2020-01-21', '', 0),
(789, 1, 0.32, 83, 225, 1180, '2020-01-21', '', 0),
(791, 1, 0.38, 83, 225, 1182, '2020-01-21', '', 0),
(792, 1, 0.24, 83, 225, 1178, '2020-01-21', '', 0),
(793, 2, 0.2, 25, 225, 1179, '2020-01-22', '', 0),
(794, 2, 0.23, 117, 226, 1321, '2020-01-22', '', 0),
(795, 1, 0.24, 25, 226, 1329, '2020-01-22', '', 0),
(796, 1, 0.24, 25, 226, 1330, '2020-01-22', '', 0),
(797, 4, 0.12, 25, 226, 1328, '2020-01-22', '', 0),
(798, 2, 0.2, 19, 227, 1333, '2020-01-22', '', 0),
(799, 1, 0.38, 2, 227, 1331, '2020-01-22', '', 0),
(800, 2, 0.2, 25, 227, 1332, '2020-01-22', 'ORANGE CRUSH', 0),
(801, 2, 0.22, 25, 227, 1334, '2020-01-22', '', 0),
(802, 7, 4.8, 39, 228, 948, '2020-01-22', '', 0),
(803, 3, 4.8, 70, 228, 948, '2020-01-22', '', 0),
(804, 3, 5.4, 33, 228, 948, '2020-01-22', '', 0),
(805, 26, 4.8, 18, 228, 948, '2020-01-22', '', 0),
(806, 5, 4.8, 7, 228, 948, '2020-01-22', '', 0),
(807, 10, 2.88, 70, 228, 949, '2020-01-22', '', 0),
(808, 4, 3, 33, 228, 949, '2020-01-22', '', 0),
(809, 25, 3, 18, 228, 949, '2020-01-22', '', 0),
(810, 15, 3.6, 18, 228, 950, '2020-01-22', '', 0),
(811, 1, 3.6, 7, 228, 950, '2020-01-22', '', 0),
(812, 1, 0.35, 69, 229, 990, '2020-01-22', 'ENGAGEMENT - PINK', 0),
(813, 3, 0.36, 39, 229, 990, '2020-01-22', 'TOPAZ', 0),
(814, 3, 0.35, 70, 229, 990, '2020-01-22', 'PINK FLOYD, CHERRY OH, HOT LADY', 0),
(815, 3, 0.35, 69, 229, 990, '2020-01-22', 'PINK FLOYD, TOPAZ, CHERRY OH', 0),
(816, 1, 0.35, 18, 229, 990, '2020-01-22', 'PINK / HOT PINK', 0),
(817, 11, 0.26, 70, 230, 1102, '2020-01-22', 'ROSE COLOR ORANGE', 0),
(818, 5, 0.26, 69, 230, 1102, '2020-01-22', 'ORANGE CRUSH/NINA', 0),
(819, 5, 0.25, 18, 230, 1102, '2020-01-22', 'ROSE ORANGE', 0),
(820, 3, 2.1, 2, 231, 685, '2020-01-22', '', 0),
(821, 5, 2.1, 2, 231, 686, '2020-01-22', '', 0),
(822, 1, 0.385, 2, 231, 688, '2020-01-22', '', 0),
(823, 5, 0.4, 2, 231, 687, '2020-01-22', '', 0),
(824, 2, 0.4, 2, 231, 689, '2020-01-22', '', 0),
(825, 3, 0.4, 2, 231, 690, '2020-01-22', '', 0),
(826, 19, 0.6, 70, 232, 1106, '2020-01-22', '', 0),
(827, 1, 0.22, 57, 231, 682, '2020-01-22', '', 0),
(828, 1, 2.2, 53, 231, 683, '2020-01-22', '', 0),
(829, 5, 2.1, 57, 231, 684, '2020-01-22', '', 0),
(830, 5, 0.6, 69, 232, 1106, '2020-01-22', '', 0),
(831, 1, 0.57, 56, 232, 1106, '2020-01-22', '', 0),
(832, 2, 1.4, 53, 231, 691, '2020-01-22', '', 0),
(833, 2, 1.4, 53, 231, 692, '2020-01-22', '', 0),
(834, 1, 0.2, 7, 233, 1335, '2020-01-22', '', 0),
(835, 1, 1.4, 53, 231, 693, '2020-01-22', '', 0),
(836, 4, 1.4, 53, 231, 694, '2020-01-22', '', 0),
(837, 2, 2.3, 57, 231, 695, '2020-01-22', '', 0),
(838, 2, 2.3, 57, 231, 696, '2020-01-22', '', 0),
(839, 2, 2.3, 57, 231, 697, '2020-01-22', '', 0),
(840, 2, 2.3, 57, 231, 698, '2020-01-22', '', 0),
(841, 9, 5.4, 18, 234, 1189, '2020-01-22', '', 0),
(842, 10, 5.04, 32, 234, 1189, '2020-01-22', '', 0),
(843, 1, 2.3, 57, 231, 699, '2020-01-22', '', 0),
(844, 2, 2.3, 57, 231, 700, '2020-01-22', '', 0),
(845, 2, 2.3, 57, 231, 701, '2020-01-22', '', 0),
(846, 4, 2.3, 57, 231, 702, '2020-01-22', '', 0),
(847, 4, 0.25, 33, 235, 1337, '2020-01-22', 'ROSE ORANGE', 0),
(848, 7, 0.25, 25, 235, 1337, '2020-01-22', 'ROSE ORANGE', 0),
(849, 3, 0.26, 29, 235, 1337, '2020-01-22', 'NINA', 0),
(850, 1, 0.25, 117, 235, 1337, '2020-01-22', 'ROSE ORANGE', 0),
(851, 2, 0.28, 19, 235, 1337, '2020-01-22', 'ROSE ORANGE', 0),
(852, 7, 0.25, 7, 235, 1337, '2020-01-22', '6 ORANGE CRUSH, 1 NINA', 0),
(853, 1, 0.24, 56, 235, 1337, '2020-01-22', 'ROSE ORANGE', 0),
(854, 4, 0.25, 33, 235, 1338, '2020-01-22', 'ROSE YELLOW', 0),
(855, 1, 0.26, 29, 235, 1338, '2020-01-22', 'BRIGHTON', 0),
(856, 1, 0.26, 117, 235, 1338, '2020-01-22', 'ROSE YELLOW', 0),
(857, 2, 0.24, 118, 235, 1338, '2020-01-22', 'ROSE YELLOW', 0),
(858, 2, 0.26, 39, 235, 1338, '2020-01-22', 'ROSE YELLOW', 0),
(859, 2, 0.26, 19, 235, 1338, '2020-01-22', 'ROSE YELLOW', 0),
(860, 2, 0.25, 70, 235, 1338, '2020-01-22', 'ROSE YELLOW', 0),
(861, 5, 0.25, 69, 235, 1338, '2020-01-22', 'ROSE YELLOW', 0),
(862, 6, 0.25, 7, 235, 1338, '2020-01-22', '2 HOT MERENGUE, 2 DEJAVU, 2 BRIGHTON', 0),
(863, 1, 2.1, 2, 236, 703, '2020-01-22', '', 0),
(864, 11, 0.43, 2, 237, 1339, '2020-01-22', '', 0),
(865, 5, 0.23, 67, 237, 1340, '2020-01-22', '', 0),
(866, 1, 0.43, 2, 238, 1341, '2020-01-22', '', 0),
(867, 5, 1.2, 115, 144, 1343, '2020-01-22', '', 0),
(868, 4, 0.15, 56, 239, 1342, '2020-01-22', '', 0),
(869, 3, 1.15, 115, 144, 1344, '2020-01-22', '', 0),
(870, 2, 1.4, 53, 144, 616, '2020-01-22', '', 0),
(871, 2, 1.4, 53, 144, 617, '2020-01-22', '', 0),
(872, 1, 1.4, 53, 144, 618, '2020-01-22', '', 0),
(873, 2, 1.1, 53, 144, 588, '2020-01-22', '', 0),
(874, 7, 0.18, 25, 240, 1345, '2020-01-22', '', 0),
(875, 2, 0.2, 33, 240, 1345, '2020-01-22', '', 0),
(876, 1, 0.2, 19, 240, 1345, '2020-01-22', '', 0),
(877, 1, 2.4, 57, 144, 593, '2020-01-22', '', 0),
(878, 2, 0.23, 57, 144, 624, '2020-01-22', '', 0),
(879, 9, 0.2, 25, 240, 1346, '2020-01-22', 'ROSE ORANGE', 0),
(880, 1, 0.2, 7, 240, 1346, '2020-01-22', 'ROSE ORANGE', 0),
(881, 2, 2.7, 53, 144, 622, '2020-01-22', '', 0),
(882, 10, 0.2, 25, 240, 1347, '2020-01-22', 'ROSE YELLOW', 0),
(883, 6, 0.23, 57, 144, 623, '2020-01-22', '', 0),
(884, 2, 0.24, 34, 144, 583, '2020-01-22', '', 0),
(885, 1, 0.15, 33, 241, 1348, '2020-01-22', '', 0),
(886, 6, 0.26, 43, 230, 1102, '2020-01-22', 'ORANGE CRUSH', 0),
(887, 1, 0.24, 107, 242, 1360, '2020-01-22', '', 0),
(888, 1, 0.24, 107, 242, 1361, '2020-01-22', '', 0),
(889, 1, 0.24, 60, 242, 1362, '2020-01-22', '', 0),
(890, 1, 0.24, 107, 242, 1363, '2020-01-22', '', 0),
(891, 2, 0.24, 107, 243, 1364, '2020-01-22', '', 0),
(892, 4, 0.24, 107, 243, 1365, '2020-01-22', '', 0),
(893, 6, 2.5, 9, 244, 1359, '2020-01-22', '', 0),
(894, 4, 0.15, 33, 245, 1367, '2020-01-22', '', 0),
(895, 2, 0.15, 33, 246, 1366, '2020-01-22', '', 0),
(896, 10, 2.88, 70, 247, 952, '2020-01-23', '', 0),
(897, 4, 3, 33, 247, 952, '2020-01-23', '', 0),
(898, 25, 3, 18, 247, 952, '2020-01-23', '', 0),
(899, 15, 3.6, 18, 247, 953, '2020-01-23', '', 0),
(900, 1, 3.6, 7, 247, 953, '2020-01-23', '', 0),
(901, 5, 4.8, 7, 247, 951, '2020-01-23', '', 0),
(902, 7, 4.8, 39, 247, 951, '2020-01-23', '', 0),
(903, 3, 4.8, 70, 247, 951, '2020-01-23', '', 0),
(904, 3, 5.4, 33, 247, 951, '2020-01-23', '', 0),
(905, 26, 4.8, 18, 247, 951, '2020-01-23', '', 0),
(906, 1, 0.43, 2, 248, 1383, '2020-01-23', '', 0),
(907, 8, 0.67, 56, 249, 993, '2020-01-23', '', 0),
(908, 12, 0.7, 70, 249, 993, '2020-01-23', '', 0),
(909, 2, 4.2, 7, 250, 986, '2020-01-23', '', 0),
(910, 10, 4.32, 39, 250, 986, '2020-01-23', '', 0),
(911, 4, 2.8, 60, 251, 744, '2020-01-23', '', 0),
(912, 3, 3, 60, 251, 745, '2020-01-23', '', 0),
(913, 3, 3.4, 60, 251, 746, '2020-01-23', '', 0),
(914, 1, 2.1, 2, 251, 747, '2020-01-23', '', 0),
(915, 1, 0.35, 69, 252, 989, '2020-01-23', 'ENGAGEMENT', 0),
(916, 3, 0.36, 39, 252, 989, '2020-01-23', 'TOPAZ', 0),
(917, 3, 0.35, 69, 252, 989, '2020-01-23', 'HOT PINK', 0),
(918, 1, 0.35, 18, 252, 989, '2020-01-23', 'HOT PINK', 0),
(919, 3, 0.35, 70, 252, 989, '2020-01-23', 'HOT PINK', 0),
(920, 2, 2.1, 2, 251, 748, '2020-01-23', '', 0),
(921, 4, 0.4, 2, 251, 749, '2020-01-23', '', 0),
(922, 1, 2.2, 57, 251, 743, '2020-01-23', '', 0),
(923, 8, 1.4, 53, 251, 751, '2020-01-23', '', 0),
(924, 1, 0.24, 34, 251, 750, '2020-01-23', '', 0),
(925, 11, 0.26, 70, 253, 1384, '2020-01-23', 'ORANGE', 0),
(926, 11, 0.26, 69, 253, 1384, '2020-01-23', 'ORANGE', 0),
(927, 5, 0.25, 18, 253, 1384, '2020-01-23', 'ORANGE', 0),
(928, 19, 0.6, 70, 254, 1107, '2020-01-23', '', 0),
(929, 5, 0.6, 69, 254, 1107, '2020-01-23', '', 0),
(930, 1, 0.57, 56, 254, 1107, '2020-01-23', '', 0),
(931, 5, 5.04, 32, 255, 1190, '2020-01-23', '', 0),
(932, 3, 5.4, 18, 255, 1190, '2020-01-23', '', 0),
(933, 10, 2.59, 25, 256, 752, '2020-01-23', '', 0),
(934, 1, 3, 60, 256, 753, '2020-01-23', '', 0),
(935, 2, 3.4, 60, 256, 754, '2020-01-23', '', 0),
(936, 1, 3.6, 60, 256, 755, '2020-01-23', '', 0),
(937, 2, 0.26, 106, 257, 1385, '2020-01-23', '', 0),
(938, 1, 3.6, 60, 256, 756, '2020-01-23', '', 0),
(939, 1, 0.2, 19, 258, 1116, '2020-01-23', '', 0),
(940, 1, 0.35, 18, 258, 1116, '2020-01-23', '', 0),
(941, 1, 0.35, 33, 258, 1116, '2020-01-23', '', 0),
(942, 4, 0.26, 39, 258, 1117, '2020-01-23', '', 0),
(943, 1, 0.35, 25, 258, 1118, '2020-01-23', '', 0),
(944, 1, 0.5, 18, 258, 1118, '2020-01-23', '', 0),
(946, 20, 0.43, 2, 258, 1121, '2020-01-23', '', 0),
(947, 8, 0.23, 67, 258, 1120, '2020-01-23', '', 0),
(948, 1, 2.1, 2, 256, 760, '2020-01-23', '', 0),
(949, 2, 0.3, 17, 256, 761, '2020-01-23', '', 0),
(950, 1, 2.4, 57, 256, 757, '2020-01-23', '', 0),
(951, 2, 0.45, 118, 258, 1119, '2020-01-23', '', 0),
(952, 1, 0.2, 19, 258, 1119, '2020-01-23', '', 0),
(953, 3, 2.4, 57, 256, 758, '2020-01-23', '', 0),
(954, 1, 0.28, 34, 256, 759, '2020-01-23', '', 0),
(955, 1, 2.8, 60, 259, 789, '2020-01-23', '', 0),
(956, 1, 3, 60, 259, 790, '2020-01-23', '', 0),
(957, 4, 0.25, 33, 260, 1386, '2020-01-23', 'ORANGE', 0),
(958, 7, 0.25, 25, 260, 1386, '2020-01-23', 'ORANGE CRUSH, IGUANA, NINA', 0),
(959, 2, 0.26, 29, 260, 1386, '2020-01-23', 'NINA', 0),
(960, 2, 0.26, 69, 260, 1386, '2020-01-23', 'ORANGE', 0),
(961, 1, 0.26, 19, 260, 1386, '2020-01-23', 'FREE SPIRIT', 0),
(962, 7, 0.25, 7, 260, 1386, '2020-01-23', 'ORANGE', 0),
(963, 2, 0.24, 56, 260, 1386, '2020-01-23', 'ROCKSTAR', 0),
(964, 1, 3.6, 60, 259, 791, '2020-01-23', '', 0),
(965, 3, 2.1, 2, 259, 792, '2020-01-23', '', 0),
(966, 4, 2.1, 2, 259, 793, '2020-01-23', '', 0),
(967, 1, 0.385, 2, 259, 795, '2020-01-23', '', 0),
(968, 5, 0.4, 2, 259, 794, '2020-01-23', '', 0),
(969, 2, 0.38, 2, 259, 796, '2020-01-23', '', 0),
(970, 1, 0.4, 2, 259, 797, '2020-01-23', '', 0),
(971, 1, 0.38, 2, 259, 798, '2020-01-23', '', 0),
(972, 3, 0.4, 2, 259, 799, '2020-01-23', '', 0),
(973, 1, 0.22, 57, 259, 787, '2020-01-23', '', 0),
(974, 1, 0.22, 53, 259, 788, '2020-01-23', '', 0),
(975, 4, 0.25, 33, 260, 1387, '2020-01-23', 'YELLOW', 0),
(976, 1, 0.26, 29, 260, 1387, '2020-01-23', 'BRIGHTON', 0),
(977, 1, 0.26, 118, 260, 1387, '2020-01-23', 'HUMMER, BRIGHTON', 0),
(978, 1, 0.26, 39, 260, 1387, '2020-01-23', 'BRIGHTON', 0),
(979, 1, 0.26, 19, 260, 1387, '2020-01-23', 'BRIGHTON, TARA', 0),
(980, 1, 0.25, 70, 260, 1387, '2020-01-23', 'YELLOW', 0),
(981, 5, 0.25, 69, 260, 1387, '2020-01-23', 'YELLOW', 0),
(982, 1, 0.26, 117, 260, 1387, '2020-01-23', 'HUMMER, BRIGHTON', 0),
(983, 1, 0.24, 118, 260, 1387, '2020-01-23', 'BRIGHTON', 0),
(984, 10, 0.25, 7, 260, 1387, '2020-01-23', 'YELLOW', 0),
(985, 2, 0.24, 57, 259, 800, '2020-01-23', '', 0),
(986, 4, 0.25, 33, 260, 1388, '2020-01-23', 'YELLOW', 0),
(987, 1, 0.26, 29, 260, 1388, '2020-01-23', 'BRIGHTON', 0),
(988, 1, 0.26, 117, 260, 1388, '2020-01-23', 'HUMMER, BRIGHTON', 0),
(989, 1, 0.24, 118, 260, 1388, '2020-01-23', 'BRIGHTON', 0),
(990, 1, 0.26, 39, 260, 1388, '2020-01-23', 'BRIGHTON', 0),
(991, 1, 0.26, 19, 260, 1388, '2020-01-23', 'BRIGHTON, TARA', 0),
(992, 1, 0.25, 70, 260, 1388, '2020-01-23', 'YELLOW', 0),
(993, 5, 0.25, 69, 260, 1388, '2020-01-23', 'YELLOW', 0),
(994, 10, 0.25, 7, 260, 1388, '2020-01-23', 'YELLOW', 0),
(995, 2, 0.15, 56, 261, 1389, '2020-01-23', '', 0),
(996, 1, 0.15, 33, 262, 1390, '2020-01-23', '', 0),
(997, 1, 0.3, 60, 263, 1391, '2020-01-23', '', 0),
(998, 1, 0.225455, 70, 264, 1215, '2020-01-24', '', 0),
(999, 1, 0.2, 18, 264, 1208, '2020-01-24', '', 0),
(1000, 1, 2.95, 4, 264, 1220, '2020-01-24', '', 0),
(1001, 2, 2.4, 4, 264, 1219, '2020-01-24', '', 0),
(1002, 1, 0.2, 18, 264, 1210, '2020-01-24', '', 0),
(1003, 1, 0.2, 18, 264, 1211, '2020-01-24', '', 0),
(1004, 1, 0.3, 103, 264, 1218, '2020-01-24', '', 0),
(1005, 1, 0.18, 38, 264, 1216, '2020-01-24', '', 0),
(1006, 1, 0.3, 103, 264, 1218, '2020-01-24', '', 0),
(1007, 1, 0.18, 38, 264, 1217, '2020-01-24', '', 0),
(1008, 1, 0.2, 18, 264, 1209, '2020-01-24', '', 0),
(1009, 1, 0.0000001, 109, 265, 802, '2020-01-24', '', 0),
(1010, 6, 3.4, 107, 265, 803, '2020-01-24', '', 0),
(1011, 2, 3.6, 107, 265, 804, '2020-01-24', '', 0),
(1012, 1, 2.1, 2, 265, 805, '2020-01-24', '', 0),
(1013, 1, 0.4, 2, 265, 806, '2020-01-24', '', 0),
(1014, 1, 3.4, 107, 266, 1268, '2020-01-24', '', 0),
(1015, 1, 3.6, 107, 266, 1269, '2020-01-24', '', 0),
(1016, 1, 2.1, 2, 266, 1270, '2020-01-24', '', 0),
(1017, 5, 2.1, 2, 266, 1271, '2020-01-24', '', 0),
(1018, 2, 0.38, 2, 266, 1272, '2020-01-24', '', 0),
(1019, 6, 0.4, 2, 266, 1273, '2020-01-24', '', 0),
(1020, 2, 0.4, 2, 266, 1274, '2020-01-24', '', 0),
(1021, 4, 0.4, 2, 266, 1275, '2020-01-24', '', 0),
(1022, 6, 0.4, 2, 266, 1276, '2020-01-24', '', 0),
(1023, 1, 2, 110, 266, 1265, '2020-01-24', '', 0),
(1024, 5, 2.1, 110, 266, 1266, '2020-01-24', '', 0),
(1025, 1, 2.2, 110, 266, 1267, '2020-01-24', '', 0),
(1026, 3, 1.15, 115, 266, 1264, '2020-01-24', '', 0),
(1027, 2, 1.1, 53, 266, 1278, '2020-01-24', '', 0),
(1028, 4, 2.3, 110, 266, 1279, '2020-01-24', '', 0),
(1029, 2, 2.3, 110, 266, 1280, '2020-01-24', '', 0),
(1030, 2, 2.3, 110, 266, 1281, '2020-01-24', '', 0),
(1031, 1, 2.3, 110, 266, 1282, '2020-01-24', '', 0),
(1032, 2, 2.3, 110, 266, 1283, '2020-01-24', '', 0),
(1033, 2, 2.3, 110, 266, 1284, '2020-01-24', '', 0),
(1034, 4, 2.3, 110, 266, 1285, '2020-01-24', '', 0),
(1035, 2, 2.3, 110, 266, 1286, '2020-01-24', '', 0),
(1036, 4, 2.3, 110, 266, 1287, '2020-01-24', '', 0),
(1037, 2, 2.3, 110, 266, 1288, '2020-01-24', '', 0),
(1038, 2, 0.24, 34, 266, 1277, '2020-01-24', '', 0),
(1039, 4, 2.8, 107, 267, 1063, '2020-01-24', '', 0),
(1040, 3, 3, 107, 267, 1064, '2020-01-24', '', 0),
(1041, 3, 3.4, 107, 267, 1065, '2020-01-24', '', 0),
(1042, 1, 2.1, 2, 267, 1070, '2020-01-24', '', 0),
(1043, 2, 2.1, 2, 267, 1071, '2020-01-24', '', 0),
(1044, 2, 0.4, 2, 267, 1067, '2020-01-24', '', 0),
(1045, 1, 0.38, 2, 267, 1068, '2020-01-24', '', 0),
(1046, 1, 2.2, 110, 267, 1066, '2020-01-24', '', 0),
(1047, 8, 1.4, 53, 267, 1069, '2020-01-24', '', 0),
(1048, 1, 2.3, 110, 267, 1072, '2020-01-24', '', 0),
(1049, 1, 0.24, 34, 267, 1062, '2020-01-24', '', 0),
(1050, 10, 2.59, 108, 268, 1134, '2020-01-24', '', 0),
(1051, 1, 3, 107, 268, 1130, '2020-01-24', '', 0),
(1052, 2, 3.4, 107, 268, 1131, '2020-01-24', '', 0),
(1053, 2, 3.6, 107, 268, 1132, '2020-01-24', '', 0),
(1054, 1, 2.1, 2, 268, 1135, '2020-01-24', '', 0),
(1055, 2, 2.1, 2, 268, 1136, '2020-01-24', '', 0),
(1056, 1, 0.4, 2, 268, 1133, '2020-01-24', '', 0),
(1057, 2, 0.3, 17, 268, 1128, '2020-01-24', '', 0),
(1058, 1, 2.5, 110, 268, 1137, '2020-01-24', '', 0);
INSERT INTO `buy_element` (`buy_element_id`, `qty`, `price`, `provider_id`, `buy_id`, `request_product_id`, `date`, `etiqueta`, `iva_active`) VALUES
(1059, 1, 2.4, 110, 268, 1138, '2020-01-24', '', 0),
(1060, 1, 2.4, 110, 268, 1139, '2020-01-24', '', 0),
(1061, 1, 0.28, 34, 268, 1129, '2020-01-24', '', 0),
(1062, 25, 5.9775, 109, 269, 1249, '2020-01-24', '', 0),
(1063, 5, 5.9, 108, 269, 1249, '2020-01-24', '', 0),
(1064, 1, 3, 107, 269, 1250, '2020-01-24', '', 0),
(1065, 1, 2.8, 107, 269, 1251, '2020-01-24', '', 0),
(1066, 7, 3.6, 107, 269, 1252, '2020-01-24', '', 0),
(1067, 1, 3.6, 107, 269, 1253, '2020-01-24', '', 0),
(1068, 2, 2.1, 2, 269, 1254, '2020-01-24', '', 0),
(1069, 3, 2.1, 2, 269, 1255, '2020-01-24', '', 0),
(1070, 1, 0.385, 2, 269, 1257, '2020-01-24', '', 0),
(1071, 5, 0.4, 2, 269, 1256, '2020-01-24', '', 0),
(1072, 1, 0.4, 2, 269, 1258, '2020-01-24', '', 0),
(1073, 3, 0.4, 2, 269, 1259, '2020-01-24', '', 0),
(1074, 1, 2.2, 110, 269, 1246, '2020-01-24', '', 0),
(1075, 1, 2.2, 110, 269, 1247, '2020-01-24', '', 0),
(1076, 1, 2.2, 110, 269, 1248, '2020-01-24', '', 0),
(1077, 25, 5.9775, 109, 270, 1302, '2020-01-24', '', 0),
(1078, 5, 5.9, 108, 270, 1302, '2020-01-24', '', 0),
(1079, 1, 2.8, 107, 270, 1304, '2020-01-24', '', 0),
(1080, 1, 3.6, 107, 270, 1305, '2020-01-24', '', 0),
(1081, 1, 3.6, 107, 270, 1320, '2020-01-24', '', 0),
(1082, 2, 2.1, 2, 270, 1306, '2020-01-24', '', 0),
(1084, 5, 2.1, 2, 270, 1307, '2020-01-24', '', 0),
(1085, 2, 0.38, 2, 270, 1308, '2020-01-24', '', 0),
(1086, 2, 0.4, 2, 270, 1309, '2020-01-24', '', 0),
(1087, 2, 0.4, 2, 270, 1310, '2020-01-24', '', 0),
(1088, 1, 0.43, 2, 270, 1318, '2020-01-24', '', 0),
(1089, 4, 0.4, 2, 270, 1319, '2020-01-24', '', 0),
(1090, 3, 0.43, 2, 270, 1311, '2020-01-24', '', 0),
(1091, 4, 0.4, 2, 270, 1312, '2020-01-24', '', 0),
(1092, 1, 0.45, 2, 270, 1313, '2020-01-24', '', 0),
(1093, 6, 1.15, 115, 270, 1303, '2020-01-24', '', 0),
(1094, 8, 1.4, 53, 270, 1315, '2020-01-24', '', 0),
(1095, 4, 1.1, 53, 270, 1317, '2020-01-24', '', 0),
(1096, 1, 2.3, 57, 270, 1316, '2020-01-24', '', 0),
(1097, 2, 0.24, 34, 270, 1314, '2020-01-24', '', 0),
(1098, 10, 2.59, 108, 272, 1368, '2020-01-24', '', 0),
(1099, 25, 5.9775, 109, 272, 1369, '2020-01-24', '', 0),
(1100, 5, 5.9, 108, 272, 1369, '2020-01-24', '', 0),
(1101, 3, 2.8, 107, 272, 1371, '2020-01-24', '', 0),
(1102, 4, 3, 107, 272, 1372, '2020-01-24', '', 0),
(1103, 5, 3.4, 107, 272, 1373, '2020-01-24', '', 0),
(1104, 1, 3.6, 107, 272, 1374, '2020-01-24', '', 0),
(1105, 1, 2.1, 2, 272, 1375, '2020-01-24', '', 0),
(1106, 3, 2.1, 2, 272, 1376, '2020-01-24', '', 0),
(1107, 1, 0.43, 2, 272, 1377, '2020-01-24', '', 0),
(1109, 7, 0.26, 69, 274, 1405, '2020-01-24', 'ORANGE', 0),
(1110, 7, 0.26, 70, 274, 1405, '2020-01-24', 'ORANGE', 0),
(1111, 26, 4.8, 18, 275, 954, '2020-01-24', '', 0),
(1112, 2, 4.8, 7, 275, 954, '2020-01-24', '', 0),
(1113, 3, 5.4, 33, 275, 954, '2020-01-24', '', 0),
(1114, 3, 4.8, 70, 275, 954, '2020-01-24', '', 0),
(1115, 6, 4.8, 39, 275, 954, '2020-01-24', '', 0),
(1116, 5, 4.8, 7, 275, 1408, '2020-01-24', '', 0),
(1117, 26, 4.8, 18, 275, 1408, '2020-01-24', '', 0),
(1118, 3, 5.4, 33, 275, 1408, '2020-01-24', '', 0),
(1119, 3, 4.8, 70, 275, 1408, '2020-01-24', '', 0),
(1120, 6, 4.8, 39, 275, 1408, '2020-01-24', '', 0),
(1121, 10, 2.88, 70, 275, 955, '2020-01-24', '', 0),
(1122, 4, 3, 33, 275, 955, '2020-01-24', '', 0),
(1123, 25, 3, 18, 275, 955, '2020-01-24', '', 0),
(1124, 15, 3.6, 18, 275, 956, '2020-01-24', '', 0),
(1125, 1, 3.6, 7, 275, 956, '2020-01-24', '', 0),
(1126, 20, 0.6, 16, 276, 994, '2020-01-24', '', 0),
(1127, 2, 4.2, 7, 277, 985, '2020-01-24', '', 0),
(1128, 10, 4.32, 39, 277, 985, '2020-01-24', '', 0),
(1129, 4, 0.26, 69, 278, 1170, '2020-01-24', 'ORANGE', 0),
(1130, 4, 0.26, 70, 278, 1170, '2020-01-24', 'ORANGE', 0),
(1131, 2, 0.25, 32, 278, 1171, '2020-01-24', 'DARK PINK', 0),
(1132, 4, 0.35, 33, 278, 1171, '2020-01-24', 'DARK PINK', 0),
(1133, 11, 0.36, 39, 278, 1171, '2020-01-24', 'DARK PINK', 0),
(1134, 4, 0.35, 117, 278, 1171, '2020-01-24', 'DARK PINK', 0),
(1135, 1, 0.35, 19, 278, 1171, '2020-01-24', 'DARK PINK', 0),
(1136, 6, 0.35, 25, 278, 1171, '2020-01-24', 'DARK PINK', 0),
(1137, 1, 0.35, 29, 278, 1171, '2020-01-24', 'DARK PINK', 0),
(1138, 3, 0.35, 33, 278, 1172, '2020-01-24', 'LAVANDER', 0),
(1139, 4, 0.35, 33, 278, 1173, '2020-01-24', 'PINK', 0),
(1140, 4, 0.35, 29, 278, 1173, '2020-01-24', 'PINK', 0),
(1141, 1, 0.35, 39, 278, 1173, '2020-01-24', 'PINK', 0),
(1142, 4, 0.35, 19, 278, 1173, '2020-01-24', 'PINK', 0),
(1143, 2, 0.35, 18, 278, 1173, '2020-01-24', 'PINK', 0),
(1144, 5, 0.35, 25, 278, 1173, '2020-01-24', 'PINK', 0),
(1145, 9, 0.43, 2, 279, 1111, '2020-01-24', '', 0),
(1146, 19, 0.6, 70, 280, 1108, '2020-01-24', '', 0),
(1147, 5, 0.6, 69, 280, 1108, '2020-01-24', '', 0),
(1148, 1, 0.57, 56, 280, 1108, '2020-01-24', '', 0),
(1149, 3, 5.04, 32, 281, 1191, '2020-01-24', '', 0),
(1150, 3, 5.4, 18, 281, 1191, '2020-01-24', '', 0),
(1151, 3, 0.2, 33, 282, 1411, '2020-01-24', 'DARK PINK', 0),
(1153, 8, 0.2, 38, 282, 1411, '2020-01-24', 'DARK PINK', 0),
(1154, 1, 0.2, 83, 282, 1411, '2020-01-24', 'DARK PINK', 0),
(1155, 6, 0.2, 43, 282, 1411, '2020-01-24', '4TOPAZ, 2CHERRY OH', 0),
(1156, 4, 0.2, 38, 282, 1413, '2020-01-24', 'LAVANDER', 0),
(1157, 2, 0.2, 7, 282, 1412, '2020-01-24', 'ORANGE', 0),
(1158, 6, 0.2, 70, 282, 1412, '2020-01-24', 'ORANGE', 0),
(1159, 4, 0.2, 38, 282, 1412, '2020-01-24', 'ORANGE', 0),
(1160, 3, 0.2, 83, 282, 1412, '2020-01-24', 'ORANGE', 0),
(1161, 5, 0.2, 43, 282, 1412, '2020-01-24', '1 HIGH ORANGE, 1 MANITOU, 1 SANTANA, 2 HIGH INTENZZ', 0),
(1162, 4, 0.25, 33, 283, 1410, '2020-01-24', 'Yellow', 0),
(1163, 1, 0.26, 29, 283, 1410, '2020-01-24', 'yellow', 0),
(1164, 1, 0.25, 117, 283, 1410, '2020-01-24', 'Yellow', 0),
(1165, 1, 0.24, 118, 283, 1410, '2020-01-24', 'yellow', 0),
(1166, 1, 0.26, 39, 283, 1410, '2020-01-24', 'yellow', 0),
(1167, 1, 0.26, 19, 283, 1410, '2020-01-24', 'yellow', 0),
(1168, 1, 0.25, 70, 283, 1410, '2020-01-24', 'yellow', 0),
(1169, 5, 0.25, 69, 283, 1410, '2020-01-24', 'yellow', 0),
(1170, 10, 0.25, 7, 283, 1410, '2020-01-24', 'yellow', 0),
(1171, 4, 0.25, 33, 283, 1409, '2020-01-24', 'ORANGE', 0),
(1172, 7, 0.25, 25, 283, 1409, '2020-01-24', 'ORANGE', 0),
(1173, 2, 0.26, 29, 283, 1409, '2020-01-24', 'ORANGE', 0),
(1174, 2, 0.26, 69, 283, 1409, '2020-01-24', 'ORANGE', 0),
(1175, 6, 0.25, 7, 283, 1409, '2020-01-24', 'ORANGE', 0),
(1176, 1, 0.26, 50, 283, 1409, '2020-01-24', 'ORANGE', 0),
(1177, 2, 0.24, 56, 283, 1409, '2020-01-24', 'ORANGE', 0),
(1178, 1, 0.25, 43, 283, 1409, '2020-01-24', 'HIGH ORANGE', 0),
(1179, 2, 0.48, 38, 284, 1414, '2020-01-24', '', 0),
(1180, 1, 0.26, 50, 284, 1415, '2020-01-24', '', 0),
(1181, 2, 0.24, 107, 285, 1416, '2020-01-24', '', 0),
(1182, 2, 0.24, 107, 285, 1417, '2020-01-24', '', 0),
(1183, 3, 0.24, 107, 285, 1418, '2020-01-24', '', 0),
(1184, 2, 0.24, 107, 285, 1419, '2020-01-24', '', 0),
(1185, 2, 0.24, 107, 285, 1420, '2020-01-24', '', 0),
(1186, 23, 0.7, 53, 286, 1421, '2020-01-24', '', 0),
(1187, 3, 0.4, 116, 287, 1422, '2020-01-24', '', 0),
(1188, 1, 0.4, 116, 288, 1423, '2020-01-24', '', 0),
(1189, 4, 0.24, 70, 289, 1425, '2020-01-24', '', 0),
(1190, 4, 0.24, 70, 289, 1424, '2020-01-24', '', 0),
(1191, 2, 0.22, 70, 290, 1427, '2020-01-24', '', 0),
(1192, 2, 0.24, 70, 290, 1426, '2020-01-24', '', 0),
(1193, 1, 0.3, 29, 291, 1429, '2020-01-25', '', 0),
(1194, 1, 0.3, 29, 291, 1428, '2020-01-25', '', 0),
(1195, 6, 0.36, 43, 292, 1185, '2020-01-25', '', 0),
(1196, 2, 0.35, 32, 292, 1185, '2020-01-25', '', 0),
(1197, 3, 0.26, 33, 292, 1186, '2020-01-25', '', 0),
(1198, 1, 0.38, 83, 292, 1187, '2020-01-25', 'TOPAZ', 0),
(1199, 1, 0.24, 83, 292, 1184, '2020-01-25', 'GOVINDA', 0),
(1200, 1, 0.35, 2, 293, 1243, '2020-01-25', '', 0),
(1201, 1, 0.35, 2, 293, 1242, '2020-01-25', '', 0),
(1202, 1, 0.2, 25, 294, 1430, '2020-01-25', '', 0),
(1203, 1, 0.25, 25, 294, 1431, '2020-01-25', '', 0),
(1204, 8, 0.23, 67, 295, 1126, '2020-01-25', '', 0),
(1205, 6, 4.8, 39, 296, 957, '2020-01-25', '', 0),
(1206, 3, 4.8, 70, 296, 957, '2020-01-25', '', 0),
(1207, 2, 5.4, 33, 296, 957, '2020-01-25', '', 0),
(1208, 27, 4.8, 18, 296, 957, '2020-01-25', '', 0),
(1209, 7, 4.8, 7, 296, 957, '2020-01-25', '', 0),
(1210, 10, 2.88, 70, 296, 958, '2020-01-25', '', 0),
(1211, 14, 3.6, 18, 296, 959, '2020-01-25', '', 0),
(1212, 2, 3.6, 7, 296, 959, '2020-01-25', '', 0),
(1213, 10, 0.43, 2, 297, 966, '2020-01-25', '', 0),
(1214, 9, 0.43, 2, 298, 1112, '2020-01-25', '', 0),
(1215, 1, 5.64, 33, 299, 1002, '2020-01-25', '', 0),
(1216, 11, 6, 25, 299, 1002, '2020-01-25', '', 0),
(1218, 6, 6.6, 7, 301, 1000, '2020-01-25', '', 0),
(1219, 2, 6.84, 56, 301, 1000, '2020-01-25', '', 0),
(1220, 1, 0.35, 18, 295, 1122, '2020-01-25', '', 0),
(1221, 1, 0.35, 33, 295, 1122, '2020-01-25', '', 0),
(1222, 1, 0.35, 19, 295, 1122, '2020-01-25', '', 0),
(1223, 1, 0.35, 19, 295, 1122, '2020-01-25', '', 0),
(1224, 4, 0.26, 39, 295, 1123, '2020-01-25', '', 0),
(1225, 1, 0.35, 25, 295, 1124, '2020-01-25', '', 0),
(1226, 1, 0.5, 18, 295, 1124, '2020-01-25', '', 0),
(1227, 2, 0.48, 38, 295, 1124, '2020-01-25', '', 0),
(1228, 20, 0.43, 2, 295, 1127, '2020-01-25', '', 0),
(1229, 1, 0.45, 118, 295, 1125, '2020-01-25', '', 0),
(1230, 2, 0.45, 19, 295, 1125, '2020-01-25', '', 0),
(1231, 23, 6, 117, 302, 1004, '2020-01-25', '', 0),
(1232, 19, 0.6, 70, 303, 1109, '2020-01-25', '', 0),
(1233, 5, 0.6, 69, 303, 1109, '2020-01-25', '', 0),
(1234, 1, 0.57, 56, 303, 1109, '2020-01-25', '', 0),
(1235, 11, 0.7, 70, 304, 995, '2020-01-25', '', 0),
(1236, 6, 0.67, 56, 304, 995, '2020-01-25', '', 0),
(1237, 3, 0.6, 16, 304, 995, '2020-01-25', '', 0),
(1238, 4, 6.6, 99, 305, 1100, '2020-01-25', '', 0),
(1239, 4, 6.6, 18, 305, 1100, '2020-01-25', '', 0),
(1240, 5, 6.6, 83, 306, 1097, '2020-01-25', '', 0),
(1241, 4, 6, 118, 306, 1097, '2020-01-25', '', 0),
(1242, 4, 6, 118, 307, 1096, '2020-01-25', '', 0),
(1243, 1, 6.6, 18, 307, 1096, '2020-01-25', '', 0),
(1244, 4, 12, 117, 308, 1101, '2020-01-25', '', 0),
(1245, 4, 7.2, 29, 309, 1003, '2020-01-25', '', 0),
(1246, 2, 6, 117, 309, 1003, '2020-01-25', '', 0),
(1247, 19, 12.24, 39, 308, 1101, '2020-01-25', '', 0),
(1248, 2, 13.2, 7, 308, 1101, '2020-01-25', '', 0),
(1249, 3, 3.24, 32, 310, 1192, '2020-01-25', '', 0),
(1250, 3, 5.4, 18, 310, 1192, '2020-01-25', '', 0),
(1251, 10, 6, 117, 311, 1005, '2020-01-25', '', 0),
(1252, 30, 12, 118, 308, 1101, '2020-01-25', '', 0),
(1253, 4, 13.2, 19, 308, 1101, '2020-01-25', '', 0),
(1254, 21, 13.2, 98, 308, 1101, '2020-01-25', '', 0),
(1255, 4, 0.25, 33, 312, 1432, '2020-01-25', '', 0),
(1256, 6, 0.25, 25, 312, 1432, '2020-01-25', '', 0),
(1257, 2, 0.26, 29, 312, 1432, '2020-01-25', '', 0),
(1258, 2, 0.26, 69, 312, 1432, '2020-01-25', '', 0),
(1259, 1, 0.26, 19, 312, 1432, '2020-01-25', '', 0),
(1260, 6, 0.25, 7, 312, 1432, '2020-01-25', '', 0),
(1261, 1, 0.24, 56, 312, 1432, '2020-01-25', '', 0),
(1262, 3, 0.2, 43, 312, 1432, '2020-01-25', '', 0),
(1263, 6, 0.25, 69, 312, 1433, '2020-01-25', '', 0),
(1264, 9, 0.25, 7, 312, 1433, '2020-01-25', '', 0),
(1265, 1, 0.24, 118, 312, 1433, '2020-01-25', '', 0),
(1266, 1, 0.26, 39, 312, 1433, '2020-01-25', '', 0),
(1267, 1, 0.26, 19, 312, 1433, '2020-01-25', '', 0),
(1268, 1, 0.25, 70, 312, 1433, '2020-01-25', '', 0),
(1269, 4, 0.25, 33, 312, 1433, '2020-01-25', '', 0),
(1270, 1, 0.26, 29, 312, 1433, '2020-01-25', '', 0),
(1271, 1, 0.25, 117, 312, 1433, '2020-01-25', '', 0),
(1272, 4, 3, 33, 296, 958, '2020-01-25', '', 0),
(1273, 25, 3, 18, 296, 958, '2020-01-25', '', 0),
(1274, 4, 0.43, 2, 313, 1434, '2020-01-25', '', 0),
(1275, 2, 0.2, 7, 314, 1435, '2020-01-25', 'TOPAZ', 0),
(1277, 6, 4.8, 39, 315, 960, '2020-01-26', '', 0),
(1278, 4, 4.8, 70, 315, 960, '2020-01-26', '', 0),
(1279, 2, 5.4, 33, 315, 960, '2020-01-26', '', 0),
(1280, 26, 4.8, 18, 315, 960, '2020-01-26', '', 0),
(1281, 9, 2.88, 70, 315, 961, '2020-01-26', '', 0),
(1282, 4, 3, 33, 315, 961, '2020-01-26', '', 0),
(1283, 26, 3, 18, 315, 961, '2020-01-26', '', 0),
(1284, 2, 6, 25, 316, 1009, '2020-01-26', '', 0),
(1286, 14, 3.6, 18, 315, 962, '2020-01-26', '', 0),
(1288, 20, 6, 117, 317, 1010, '2020-01-26', '', 0),
(1289, 10, 6, 117, 318, 1011, '2020-01-26', '', 0),
(1291, 11, 6, 25, 319, 1008, '2020-01-26', '', 0),
(1293, 30, 12, 118, 320, 1095, '2020-01-26', '', 0),
(1294, 19, 12.24, 39, 320, 1095, '2020-01-26', '', 0),
(1295, 4, 13.2, 19, 320, 1095, '2020-01-26', '', 0),
(1296, 21, 13.2, 98, 320, 1095, '2020-01-26', '', 0),
(1298, 1, 0.35, 18, 321, 987, '2020-01-26', '', 0),
(1299, 1, 0.35, 69, 321, 987, '2020-01-26', '', 0),
(1300, 3, 0.35, 39, 321, 987, '2020-01-26', '', 0),
(1301, 3, 0.35, 70, 321, 987, '2020-01-26', '', 0),
(1302, 3, 0.35, 69, 321, 987, '2020-01-26', '', 0),
(1303, 5, 6.6, 83, 322, 1094, '2020-01-26', '', 0),
(1304, 3, 6, 118, 322, 1094, '2020-01-26', '', 0),
(1305, 1, 6.6, 18, 323, 1092, '2020-01-26', '', 0),
(1306, 4, 6.6, 99, 323, 1092, '2020-01-26', '', 0),
(1307, 6, 6, 118, 324, 1093, '2020-01-26', '', 0),
(1308, 4, 6.6, 18, 324, 1093, '2020-01-26', '', 0),
(1309, 6, 6.84, 33, 325, 1006, '2020-01-26', '', 0),
(1310, 2, 6.84, 56, 325, 1006, '2020-01-26', '', 0),
(1311, 4, 7.2, 29, 326, 1007, '2020-01-26', '', 0),
(1312, 2, 6.6, 7, 326, 1007, '2020-01-26', '', 0),
(1313, 3, 0.35, 39, 327, 1437, '2020-01-26', 'TOPAZ', 0),
(1314, 1, 0.35, 18, 327, 1437, '2020-01-26', 'PINK FLOYD', 0),
(1315, 1, 0.35, 69, 327, 1437, '2020-01-26', 'ENGAGEMENT', 0),
(1316, 3, 0.35, 70, 327, 1437, '2020-01-26', 'PINK FLOYD, TOPAZ, CHERRY OH', 0),
(1317, 3, 0.35, 69, 327, 1437, '2020-01-26', 'PINK FLOYD, TOPAZ, CHERRY OH', 0),
(1318, 1, 0.15, 33, 328, 1438, '2020-01-26', '', 0),
(1319, 3, 0.15, 33, 329, 1439, '2020-01-26', '', 0),
(1320, 3, 0.15, 33, 330, 1440, '2020-01-26', '', 0),
(1321, 1, 0.15, 33, 331, 1441, '2020-01-26', '', 0),
(1322, 2, 0.15, 33, 332, 1442, '2020-01-26', '', 0),
(1323, 2, 0.15, 33, 333, 1443, '2020-01-26', '', 0),
(1324, 1, 0.15, 33, 334, 1444, '2020-01-26', '', 0),
(1325, 1, 0.15, 33, 335, 1445, '2020-01-26', '', 0),
(1326, 1, 0.15, 33, 335, 1445, '2020-01-26', '', 0),
(1327, 1, 0.15, 33, 336, 1448, '2020-01-27', '', 0),
(1328, 3, 0.15, 33, 337, 1447, '2020-01-27', '', 0),
(1329, 3, 0.8, 70, 338, 1446, '2020-01-27', '', 0),
(1330, 7, 0.26, 69, 339, 1166, '2020-01-27', 'ORANGE', 0),
(1331, 6, 0.35, 33, 339, 1167, '2020-01-27', 'DARK PINK', 0),
(1332, 6, 0.35, 25, 339, 1167, '2020-01-27', 'DARK PINK', 0),
(1333, 2, 0.35, 19, 339, 1167, '2020-01-27', 'DARK PINK', 0),
(1334, 2, 0.35, 118, 339, 1167, '2020-01-27', 'DARK PINK', 0),
(1335, 1, 0.35, 25, 339, 1168, '2020-01-27', 'LAVANDER', 0),
(1336, 4, 0.35, 33, 339, 1169, '2020-01-27', 'PINK', 0),
(1337, 4, 0.35, 29, 339, 1169, '2020-01-27', 'PINK', 0),
(1338, 1, 0.35, 39, 339, 1169, '2020-01-27', 'PINK', 0),
(1339, 2, 0.35, 19, 339, 1169, '2020-01-27', 'PINK', 0),
(1340, 2, 0.35, 18, 339, 1169, '2020-01-27', 'PINK', 0),
(1341, 7, 0.35, 25, 339, 1169, '2020-01-27', 'PINK', 0),
(1342, 9, 0.36, 39, 340, 1450, '2020-01-27', 'dark pink', 0),
(1343, 5, 0.35, 117, 340, 1450, '2020-01-27', 'dark pink', 0),
(1344, 2, 0.43, 2, 341, 1451, '2020-01-27', '', 0),
(1345, 1, 0.43, 2, 342, 1452, '2020-01-27', '', 0),
(1346, 2, 0.25, 117, 343, 1453, '2020-01-27', '', 0),
(1347, 2, 0.25, 29, 343, 1453, '2020-01-27', '', 0),
(1348, 1, 0.35, 33, 344, 1454, '2020-01-27', '', 0),
(1349, 1, 0.35, 19, 344, 1454, '2020-01-27', '', 0),
(1350, 10, 0.35, 18, 345, 1455, '2020-01-27', 'pink', 0),
(1351, 6, 0.43, 2, 346, 1456, '2020-01-27', '', 0),
(1352, 6, 0.43, 2, 347, 1457, '2020-01-27', '', 0),
(1353, 6, 0.43, 2, 347, 1458, '2020-01-27', '', 0),
(1355, 5, 0.6, 69, 348, 1110, '2020-01-27', '', 0),
(1356, 2, 0.57, 56, 348, 1110, '2020-01-27', '', 0),
(1357, 4, 0.43, 2, 349, 1113, '2020-01-27', '', 0),
(1358, 8, 0.23, 67, 350, 1144, '2020-01-27', '', 0),
(1360, 2, 0.35, 19, 350, 1140, '2020-01-27', '', 0),
(1361, 1, 0.35, 18, 350, 1140, '2020-01-27', '', 0),
(1362, 1, 0.35, 33, 350, 1140, '2020-01-27', '', 0),
(1363, 4, 0.26, 39, 350, 1141, '2020-01-27', '', 0),
(1364, 1, 0.35, 25, 350, 1142, '2020-01-27', '', 0),
(1365, 1, 0.5, 18, 350, 1142, '2020-01-27', '', 0),
(1366, 2, 0.48, 38, 350, 1142, '2020-01-27', '', 0),
(1367, 1, 0.45, 19, 350, 1143, '2020-01-27', '', 0),
(1368, 2, 0.45, 118, 350, 1143, '2020-01-27', '', 0),
(1369, 10, 4.32, 39, 351, 984, '2020-01-27', '', 0),
(1370, 2, 4.2, 7, 351, 984, '2020-01-27', '', 0),
(1371, 8, 0.43, 2, 352, 967, '2020-01-27', '', 0),
(1372, 10, 6, 117, 353, 1017, '2020-01-27', '', 0),
(1375, 5, 6.6, 98, 355, 1015, '2020-01-27', '', 0),
(1377, 13, 6, 25, 356, 1014, '2020-01-27', '', 0),
(1378, 2, 7.2, 29, 356, 1014, '2020-01-27', '', 0),
(1379, 6, 6.6, 7, 357, 1013, '2020-01-27', '', 0),
(1380, 6, 6.84, 33, 358, 1012, '2020-01-27', '', 0),
(1381, 2, 6.84, 56, 358, 1012, '2020-01-27', '', 0),
(1382, 5, 6.6, 18, 359, 1088, '2020-01-27', '', 0),
(1383, 1, 6, 118, 360, 1089, '2020-01-27', '', 0),
(1384, 5, 6.6, 18, 360, 1089, '2020-01-27', '', 0),
(1385, 4, 6.6, 99, 360, 1089, '2020-01-27', '', 0),
(1386, 8, 6, 118, 361, 1090, '2020-01-27', '', 0),
(1387, 4, 12, 117, 362, 1091, '2020-01-27', '', 0),
(1388, 30, 12, 118, 362, 1091, '2020-01-27', '', 0),
(1390, 4, 13.2, 19, 362, 1091, '2020-01-27', '', 0),
(1391, 21, 13.2, 98, 362, 1091, '2020-01-27', '', 0),
(1393, 27, 4.8, 18, 363, 963, '2020-01-27', '', 0),
(1394, 2, 5.4, 33, 363, 963, '2020-01-27', '', 0),
(1395, 4, 4.8, 70, 363, 963, '2020-01-27', '', 0),
(1397, 10, 2.88, 70, 363, 964, '2020-01-27', '', 0),
(1398, 3, 3, 33, 363, 964, '2020-01-27', '', 0),
(1399, 26, 3, 18, 363, 964, '2020-01-27', '', 0),
(1400, 14, 3.6, 18, 363, 965, '2020-01-27', '', 0),
(1401, 2, 3.6, 7, 363, 965, '2020-01-27', '', 0),
(1403, 27, 4.8, 18, 363, 1459, '2020-01-27', '', 0),
(1404, 2, 5.4, 33, 363, 1459, '2020-01-27', '', 0),
(1405, 4, 4.8, 70, 363, 1459, '2020-01-27', '', 0),
(1407, 1, 0.36, 29, 340, 1450, '2020-01-27', 'dark pinjk', 0),
(1408, 1, 0.35, 18, 340, 1450, '2020-01-27', 'dark pink carguera', 0),
(1411, 11, 0.7, 70, 364, 996, '2020-01-27', '', 0),
(1412, 5, 0.67, 56, 364, 996, '2020-01-27', '', 0),
(1413, 4, 0.6, 16, 364, 996, '2020-01-27', '', 0),
(1414, 5, 6.84, 33, 365, 1461, '2020-01-27', '', 0),
(1415, 4, 6.6, 7, 366, 1464, '2020-01-27', '', 0),
(1416, 6, 7.2, 29, 367, 1467, '2020-01-27', '', 0),
(1417, 2, 7, 29, 368, 1466, '2020-01-27', '', 0),
(1418, 1, 0.2, 34, 369, 1468, '2020-01-27', '', 0),
(1419, 5, 6.6, 98, 370, 1465, '2020-01-27', '', 0),
(1420, 5, 7.2, 29, 370, 1465, '2020-01-27', '', 0),
(1421, 4, 7.2, 29, 371, 1463, '2020-01-27', '', 0),
(1422, 2, 6.6, 7, 371, 1463, '2020-01-27', '', 0),
(1423, 2, 13.2, 7, 372, 1462, '2020-01-27', '', 0),
(1425, 2, 3.6, 7, 374, 1472, '2020-01-27', '', 0),
(1426, 3, 4.8, 39, 374, 1471, '2020-01-27', '', 0),
(1427, 11, 4.8, 7, 363, 1459, '2020-01-27', '', 0),
(1428, 4, 0.26, 69, 340, 1460, '2020-01-27', 'ORANGE', 0),
(1429, 11, 0.26, 70, 340, 1460, '2020-01-27', 'ORANGE', 0),
(1430, 4, 7.2, 29, 354, 1475, '2020-01-27', '', 0),
(1431, 15, 6, 117, 354, 1016, '2020-01-27', '', 0),
(1432, 3, 7.2, 29, 355, 1015, '2020-01-27', '', 0),
(1433, 11, 13.2, 7, 362, 1091, '2020-01-27', '', 0),
(1434, 10, 6.6, 39, 362, 1091, '2020-01-27', '', 0),
(1435, 1, 0.22, 34, 375, 1476, '2020-01-27', '', 0),
(1436, 1, 0.24, 34, 376, 1477, '2020-01-27', '', 0),
(1437, 1, 0.24, 34, 376, 1478, '2020-01-27', '', 0),
(1438, 3, 0.35, 69, 327, 1488, '2020-01-27', 'pink', 0),
(1439, 1, 0.35, 18, 327, 1488, '2020-01-27', 'pink', 0),
(1440, 3, 0.36, 70, 327, 1488, '2020-01-27', 'pink', 0),
(1441, 4, 0.35, 39, 327, 1488, '2020-01-27', 'pink', 0),
(1442, 4, 0.28, 113, 377, 1487, '2020-01-28', '', 0),
(1443, 6, 0.4, 116, 378, 1486, '2020-01-28', '', 0),
(1444, 5, 0.4, 116, 379, 1485, '2020-01-28', '', 0),
(1445, 20, 0.7, 53, 380, 1484, '2020-01-28', '', 0),
(1446, 1, 0.18, 25, 381, 1480, '2020-01-28', '', 0),
(1447, 1, 0.34, 60, 382, 1479, '2020-01-28', '', 0),
(1448, 1, 0.15, 33, 383, 1483, '2020-01-28', '', 0),
(1449, 10, 0.75, 5, 384, 1481, '2020-01-28', '', 0),
(1450, 2, 0.65, 98, 384, 1481, '2020-01-28', '', 0),
(1451, 8, 0.85, 5, 384, 1482, '2020-01-28', '', 0),
(1452, 8, 0.75, 98, 384, 1482, '2020-01-28', '', 0),
(1453, 20, 0.43, 2, 385, 1502, '2020-01-28', '', 0),
(1454, 5, 0.43, 2, 385, 1503, '2020-01-28', '', 0),
(1455, 2, 7.2, 29, 386, 1022, '2020-01-28', '', 0),
(1456, 2, 6.84, 56, 386, 1022, '2020-01-28', '', 0),
(1457, 5, 6.6, 98, 386, 1022, '2020-01-28', '', 0),
(1458, 11, 7.2, 29, 386, 1022, '2020-01-28', '', 0),
(1459, 2, 7.2, 29, 387, 1504, '2020-01-28', '', 0),
(1460, 2, 6.84, 56, 387, 1504, '2020-01-28', '', 0),
(1461, 5, 6.6, 98, 387, 1504, '2020-01-28', '', 0),
(1462, 11, 7.2, 29, 387, 1504, '2020-01-28', '', 0),
(1463, 6, 6.84, 33, 388, 1021, '2020-01-28', '', 0),
(1464, 7, 6, 25, 389, 1020, '2020-01-28', '', 0),
(1466, 2, 7.2, 29, 389, 1020, '2020-01-28', '', 0),
(1467, 1, 0.2, 25, 390, 1505, '2020-01-28', '', 0),
(1468, 2, 6, 117, 391, 1019, '2020-01-28', '', 0),
(1469, 1, 6, 25, 391, 1019, '2020-01-28', '', 0),
(1470, 40, 12, 118, 392, 1087, '2020-01-28', '', 0),
(1471, 28, 12.24, 39, 392, 1087, '2020-01-28', '', 0),
(1472, 10, 13.2, 19, 392, 1087, '2020-01-28', '', 0),
(1473, 8, 6, 117, 393, 1018, '2020-01-28', '', 0),
(1474, 2, 0.22, 33, 394, 1491, '2020-01-28', 'WHITE', 0),
(1475, 5, 0.22, 38, 394, 1491, '2020-01-28', 'WHITE', 0),
(1476, 3, 0.25, 43, 394, 1492, '2020-01-28', 'YELLOW', 0),
(1477, 3, 0.25, 33, 394, 1492, '2020-01-28', 'YELLOW', 0),
(1478, 4, 0.5, 43, 394, 1493, '2020-01-28', '', 0),
(1479, 2, 0.6, 70, 394, 1493, '2020-01-28', '', 0),
(1480, 4, 0.6, 29, 394, 1493, '2020-01-28', '', 0),
(1481, 5, 6.6, 83, 395, 1083, '2020-01-28', '', 0),
(1482, 9, 6, 118, 396, 1084, '2020-01-28', '', 0),
(1483, 1, 6.6, 18, 396, 1084, '2020-01-28', '', 0),
(1484, 24, 13.2, 98, 397, 1085, '2020-01-28', '', 0),
(1485, 3, 14.4, 29, 397, 1085, '2020-01-28', '', 0),
(1486, 10, 12, 117, 397, 1085, '2020-01-28', '', 0),
(1487, 5, 12, 118, 397, 1085, '2020-01-28', '', 0),
(1488, 4, 6.6, 18, 397, 1086, '2020-01-28', '', 0),
(1489, 4, 6.6, 99, 397, 1086, '2020-01-28', '', 0),
(1490, 11, 0.7, 70, 398, 997, '2020-01-28', '', 0),
(1491, 5, 0.67, 56, 398, 997, '2020-01-28', '', 0),
(1492, 4, 0.6, 16, 398, 997, '2020-01-28', '', 0),
(1493, 10, 0.43, 2, 399, 968, '2020-01-28', '', 0),
(1494, 8, 0.43, 2, 400, 971, '2020-01-28', '', 0),
(1495, 2, 4.2, 7, 401, 983, '2020-01-28', '', 0),
(1496, 10, 4.32, 39, 401, 983, '2020-01-28', '', 0),
(1497, 8, 0.23, 67, 402, 1146, '2020-01-28', '', 0),
(1498, 20, 0.43, 2, 402, 1147, '2020-01-28', '', 0),
(1499, 1, 0.35, 19, 402, 1148, '2020-01-28', '', 0),
(1500, 2, 0.35, 18, 402, 1148, '2020-01-28', '', 0),
(1501, 1, 0.35, 33, 402, 1148, '2020-01-28', '', 0),
(1502, 4, 0.25, 39, 402, 1149, '2020-01-28', '', 0),
(1503, 1, 0.35, 25, 402, 1150, '2020-01-28', '', 0),
(1504, 1, 0.5, 18, 402, 1150, '2020-01-28', '', 0),
(1505, 2, 0.48, 38, 402, 1150, '2020-01-28', '', 0),
(1506, 1, 0.45, 118, 402, 1151, '2020-01-28', '', 0),
(1507, 2, 0.45, 19, 402, 1151, '2020-01-28', '', 0),
(1508, 7, 0.23, 67, 403, 1157, '2020-01-28', '', 0),
(1509, 9, 0.43, 2, 404, 1114, '2020-01-28', '', 0),
(1510, 4, 0.22, 50, 405, 1494, '2020-01-28', 'white', 0),
(1511, 2, 0.22, 70, 405, 1494, '2020-01-28', 'white', 0),
(1512, 1, 0.22, 33, 405, 1494, '2020-01-28', 'white', 0),
(1513, 10, 0.5, 38, 405, 1496, '2020-01-28', '', 0),
(1514, 5, 0.25, 38, 405, 1495, '2020-01-28', 'yellow', 0),
(1515, 2, 0.25, 70, 405, 1495, '2020-01-28', 'yellow', 0),
(1516, 5, 0.35, 18, 406, 1497, '2020-01-28', 'pink', 0),
(1517, 1, 0.35, 25, 406, 1497, '2020-01-28', '0.35', 0),
(1518, 6, 0.43, 2, 407, 1499, '2020-01-28', '', 0),
(1519, 4, 0.22, 39, 408, 1500, '2020-01-28', 'white', 0),
(1520, 2, 0.22, 29, 408, 1500, '2020-01-28', 'white', 0),
(1521, 5, 0.15, 56, 409, 1501, '2020-01-28', '', 0),
(1522, 5, 6.6, 119, 410, 1023, '2020-01-28', '', 0),
(1524, 2, 0.43, 2, 411, 1490, '2020-01-28', '', 0),
(1525, 18, 7.2, 70, 412, 1508, '2020-01-28', '', 0),
(1526, 1, 0.2, 41, 190, 1221, '2020-01-28', '', 0),
(1527, 1, 0.26, 19, 394, 1532, '2020-01-28', 'YELLOW', 0),
(1528, 1, 6, 117, 413, 1507, '2020-01-28', '', 0),
(1529, 6, 0.43, 2, 411, 1556, '2020-01-28', '', 0),
(1530, 1, 0.28, 53, 414, 1594, '2020-01-28', '', 0),
(1531, 5, 0.65, 98, 415, 1597, '2020-01-28', '', 0),
(1532, 16, 0.85, 5, 415, 1598, '2020-01-28', '', 0),
(1533, 4, 0.15, 33, 416, 1596, '2020-01-28', '', 0),
(1534, 23, 0.24, 107, 417, 1595, '2020-01-28', '', 0),
(1537, 2, 0.75, 98, 415, 1609, '2020-01-29', '', 0),
(1538, 6, 6.6, 7, 424, 1610, '2020-01-29', '', 0),
(1539, 5, 6, 118, 425, 1078, '2020-01-29', '', 0),
(1540, 5, 6.6, 83, 425, 1078, '2020-01-29', '', 0),
(1541, 5, 6.6, 83, 426, 1077, '2020-01-29', '', 0),
(1542, 2, 0.23, 117, 427, 1611, '2020-01-29', '', 0),
(1543, 1, 0.24, 25, 427, 1612, '2020-01-29', '', 0),
(1544, 1, 0.24, 25, 427, 1613, '2020-01-29', '', 0),
(1545, 4, 0.12, 25, 427, 1614, '2020-01-29', '', 0),
(1546, 6, 6.84, 33, 418, 1024, '2020-01-29', '', 0),
(1547, 2, 7, 56, 418, 1024, '2020-01-29', '', 0),
(1548, 4, 7.2, 29, 428, 1025, '2020-01-29', '', 0),
(1549, 2, 6.6, 7, 428, 1025, '2020-01-29', '', 0),
(1550, 5, 6.6, 7, 429, 1026, '2020-01-29', '', 0),
(1551, 10, 7.2, 29, 429, 1026, '2020-01-29', '', 0),
(1552, 3, 7.2, 29, 430, 1027, '2020-01-29', '', 0),
(1553, 3, 6.6, 120, 430, 1027, '2020-01-29', '', 0),
(1554, 1, 6, 117, 431, 1028, '2020-01-29', '', 0),
(1555, 5, 6.6, 98, 431, 1028, '2020-01-29', '', 0),
(1556, 5, 6.6, 119, 431, 1028, '2020-01-29', '', 0),
(1557, 19, 6.6, 120, 431, 1028, '2020-01-29', '', 0),
(1558, 3, 6, 25, 432, 1029, '2020-01-29', '', 0),
(1559, 2, 7.2, 29, 432, 1029, '2020-01-29', '', 0),
(1560, 10, 12, 117, 433, 1082, '2020-01-29', '', 0),
(1561, 44, 12, 118, 433, 1082, '2020-01-29', '', 0),
(1562, 23, 13.2, 98, 433, 1082, '2020-01-29', '', 0),
(1563, 1, 13.2, 19, 433, 1082, '2020-01-29', '', 0),
(1564, 3, 12, 117, 423, 1079, '2020-01-29', '', 0),
(1565, 8, 13.2, 19, 423, 1079, '2020-01-29', '', 0),
(1566, 4, 13.2, 98, 423, 1079, '2020-01-29', '', 0),
(1567, 4, 14.4, 29, 423, 1079, '2020-01-29', '', 0),
(1568, 4, 6.6, 99, 423, 1080, '2020-01-29', '', 0),
(1569, 4, 6, 118, 423, 1080, '2020-01-29', '', 0),
(1570, 2, 0.43, 2, 434, 1602, '2020-01-29', '', 0),
(1571, 1, 0.7, 70, 435, 998, '2020-01-29', '', 0),
(1572, 5, 0.5, 56, 435, 998, '2020-01-29', '', 0),
(1573, 10, 0.7, 70, 435, 998, '2020-01-29', '', 0),
(1574, 4, 0.6, 16, 435, 998, '2020-01-29', '', 0),
(1575, 10, 0.45, 2, 436, 969, '2020-01-29', '', 0),
(1576, 2, 4.2, 7, 437, 982, '2020-01-29', '', 0),
(1577, 10, 4.32, 39, 437, 982, '2020-01-29', '', 0),
(1578, 8, 0.23, 67, 438, 1152, '2020-01-29', '', 0),
(1579, 20, 0.43, 2, 438, 1153, '2020-01-29', '', 0),
(1580, 2, 0.35, 19, 438, 1154, '2020-01-29', '', 0),
(1581, 2, 0.35, 18, 438, 1154, '2020-01-29', '', 0),
(1582, 4, 0.25, 39, 438, 1155, '2020-01-29', '', 0),
(1583, 2, 0.45, 118, 438, 1156, '2020-01-29', '', 0),
(1584, 1, 0.45, 19, 438, 1156, '2020-01-29', '', 0),
(1585, 9, 0.43, 2, 439, 1115, '2020-01-29', '', 0),
(1586, 4, 0.35, 18, 440, 1601, '2020-01-29', 'PINK', 0),
(1587, 6, 0.35, 25, 440, 1601, '2020-01-29', 'PINK', 0),
(1588, 3, 0.25, 39, 441, 1600, '2020-01-29', 'WHITE', 0),
(1589, 1, 0.25, 117, 441, 1600, '2020-01-29', 'WHITE', 0),
(1590, 1, 0.25, 29, 441, 1600, '2020-01-29', 'WHITE', 0),
(1591, 3, 0.15, 56, 442, 1599, '2020-01-29', '', 0),
(1592, 6, 0.3, 33, 443, 1163, '2020-01-29', 'dark pink', 0),
(1593, 11, 0.35, 39, 443, 1163, '2020-01-29', 'dark pink', 0),
(1594, 3, 0.35, 117, 443, 1163, '2020-01-29', 'dark pink', 0),
(1595, 2, 0.35, 19, 443, 1163, '2020-01-29', 'dark pink', 0),
(1596, 1, 0.35, 118, 443, 1163, '2020-01-29', 'dark pink', 0),
(1597, 4, 0.35, 25, 443, 1163, '2020-01-29', 'dark pink', 0),
(1598, 3, 0.35, 29, 443, 1163, '2020-01-29', 'DARK PINK', 0),
(1599, 8, 0.25, 25, 443, 1162, '2020-01-29', 'ORANGE', 0),
(1600, 4, 0.25, 33, 443, 1162, '2020-01-29', 'ORANGE', 0),
(1601, 11, 0.25, 69, 443, 1615, '2020-01-29', 'ORANGE', 0),
(1602, 7, 0.25, 70, 443, 1615, '2020-01-29', 'ORANGE', 0),
(1603, 3, 0.3, 33, 443, 1164, '2020-01-29', 'LAVANDA', 0),
(1604, 8, 0.35, 25, 443, 1165, '2020-01-29', 'pink', 0),
(1607, 1, 0.35, 39, 443, 1165, '2020-01-29', 'PINK', 0),
(1609, 1, 0.35, 18, 443, 1165, '2020-01-29', 'PINK', 0),
(1610, 2, 0.2, 19, 419, 1607, '2020-01-29', '', 0),
(1611, 1, 0.38, 2, 419, 1603, '2020-01-29', '', 0),
(1612, 2, 0.2, 25, 419, 1605, '2020-01-29', '', 0),
(1613, 8, 0.22, 35, 419, 1604, '2020-01-29', '', 0),
(1614, 2, 0.2, 18, 419, 1606, '2020-01-29', '', 0),
(1615, 4, 12, 117, 320, 1616, '2020-01-29', '', 0),
(1616, 3, 6, 117, 444, 1623, '2020-01-29', '', 0),
(1617, 7, 0.24, 107, 445, 1621, '2020-01-29', '', 0),
(1618, 7, 0.24, 107, 445, 1622, '2020-01-29', '', 0),
(1619, 2, 0.4, 116, 446, 1619, '2020-01-29', '', 0),
(1620, 7, 0.4, 116, 447, 1618, '2020-01-29', '', 0),
(1621, 1, 0.36, 60, 448, 1617, '2020-01-29', '', 0),
(1622, 1, 0.292, 12, 449, 1620, '2020-01-30', '', 0),
(1623, 2, 0.75, 98, 450, 1624, '2020-01-30', '', 0),
(1624, 1, 6.6, 120, 451, 1037, '2020-01-30', '', 0),
(1625, 1, 6.84, 33, 451, 1037, '2020-01-30', '', 0),
(1626, 7, 7.2, 29, 451, 1037, '2020-01-30', '', 0),
(1627, 7, 6.6, 7, 451, 1037, '2020-01-30', '', 0),
(1628, 2, 6, 25, 451, 1037, '2020-01-30', '', 0),
(1629, 4, 6.6, 98, 451, 1037, '2020-01-30', '', 0),
(1630, 8, 7.2, 29, 451, 1037, '2020-01-30', '', 0),
(1633, 6, 12, 117, 452, 1075, '2020-01-30', '', 0),
(1634, 30, 12, 118, 452, 1075, '2020-01-30', '', 0),
(1635, 12, 12.24, 39, 452, 1075, '2020-01-30', '', 0),
(1636, 4, 13.2, 19, 452, 1075, '2020-01-30', '', 0),
(1637, 21, 13.2, 98, 452, 1075, '2020-01-30', '', 0),
(1638, 6, 6.6, 18, 452, 1076, '2020-01-30', '', 0),
(1639, 3, 6.6, 83, 452, 1076, '2020-01-30', '', 0),
(1640, 8, 6, 118, 453, 1074, '2020-01-30', '', 0),
(1641, 2, 6.6, 99, 453, 1074, '2020-01-30', '', 0),
(1642, 6, 6.6, 99, 454, 1073, '2020-01-30', '', 0),
(1643, 7, 6, 117, 455, 1033, '2020-01-30', '', 0),
(1645, 2, 6.84, 56, 456, 1034, '2020-01-30', '', 0),
(1646, 5, 6.6, 98, 457, 1035, '2020-01-30', '', 0),
(1647, 5, 6.6, 119, 457, 1035, '2020-01-30', '', 0),
(1648, 5, 6.6, 120, 457, 1035, '2020-01-30', '', 0),
(1649, 6, 6.6, 120, 458, 1036, '2020-01-30', '', 0),
(1650, 5, 6.84, 33, 459, 1038, '2020-01-30', '', 0),
(1651, 11, 0.7, 70, 460, 999, '2020-01-30', '', 0),
(1652, 5, 0.67, 56, 460, 999, '2020-01-30', '', 0),
(1653, 4, 0.6, 16, 460, 999, '2020-01-30', '', 0),
(1654, 10, 0.43, 2, 461, 970, '2020-01-30', '', 0),
(1655, 10, 0.43, 2, 462, 974, '2020-01-30', '', 0),
(1656, 1, 4.2, 7, 463, 981, '2020-01-30', '', 0),
(1657, 11, 4.32, 39, 463, 981, '2020-01-30', '', 0),
(1658, 2, 0.2, 33, 464, 1626, '2020-01-30', '', 0),
(1659, 2, 0.5, 16, 464, 1626, '2020-01-30', '', 0),
(1660, 2, 0.2, 19, 464, 1626, '2020-01-30', '', 0),
(1661, 14, 0.18, 25, 464, 1626, '2020-01-30', '', 0),
(1662, 18, 0.2, 25, 464, 1627, '2020-01-30', 'orange', 0),
(1663, 2, 0.2, 38, 464, 1627, '2020-01-30', 'orange', 0),
(1664, 18, 0.2, 25, 464, 1628, '2020-01-30', 'yellow', 0),
(1665, 2, 0.2, 29, 464, 1628, '2020-01-30', 'yellow', 0),
(1666, 4, 0.43, 2, 465, 1629, '2020-01-30', '', 0),
(1667, 6, 0.85, 5, 450, 1624, '2020-01-30', '', 0),
(1668, 7, 0.75, 5, 450, 1625, '2020-01-30', '', 0),
(1669, 1, 0.65, 98, 450, 1625, '2020-01-30', '', 0),
(1670, 1, 0.5, 118, 466, 1630, '2020-01-30', '', 0),
(1672, 1, 2.95, 4, 468, 1521, '2020-01-30', '', 0),
(1673, 2, 2.4, 4, 468, 1520, '2020-01-30', '', 0),
(1674, 1, 0.2, 18, 468, 1510, '2020-01-30', '', 0),
(1675, 1, 0.2, 18, 468, 1509, '2020-01-30', '', 0),
(1676, 1, 0.2, 18, 468, 1513, '2020-01-30', '', 0),
(1677, 1, 0.2, 18, 468, 1514, '2020-01-30', '', 0),
(1678, 1, 0.12, 13, 468, 1515, '2020-01-30', '', 0),
(1679, 1, 0.12, 13, 468, 1516, '2020-01-30', '', 0),
(1680, 1, 0.191356, 38, 468, 1518, '2020-01-30', '', 0),
(1681, 1, 0.223636, 70, 468, 1517, '2020-01-30', '', 0),
(1682, 2, 0.3, 103, 468, 1519, '2020-01-30', '', 0),
(1683, 1, 0.18, 38, 468, 1512, '2020-01-30', '', 0),
(1684, 1, 0.12, 13, 468, 1511, '2020-01-30', '', 0),
(1685, 2, 0.48, 38, 469, 1669, '2020-01-30', '', 0),
(1686, 1, 0.32, 106, 470, 1670, '2020-01-30', '', 0),
(1687, 1, 7.2, 29, 471, 1039, '2020-01-31', '', 0),
(1688, 7, 6, 25, 471, 1039, '2020-01-31', '', 0),
(1689, 5, 6.72, 98, 472, 1040, '2020-01-31', '', 0),
(1690, 5, 6.6, 7, 473, 1041, '2020-01-31', '', 0),
(1691, 3, 6, 25, 473, 1041, '2020-01-31', '', 0),
(1692, 1, 6.6, 120, 473, 1041, '2020-01-31', '', 0),
(1693, 1, 7.2, 29, 473, 1041, '2020-01-31', '', 0),
(1694, 1, 7, 7, 474, 1042, '2020-01-31', '', 0),
(1695, 4, 7, 29, 474, 1042, '2020-01-31', '', 0),
(1696, 1, 7, 33, 474, 1042, '2020-01-31', '', 0),
(1697, 19, 1.17, 107, 475, 1672, '2020-01-31', '', 0),
(1698, 1, 0.5, 83, 476, 1676, '2020-01-31', '', 0),
(1699, 1, 6.6, 7, 474, 1677, '2020-01-31', '', 0),
(1700, 4, 7.2, 29, 474, 1677, '2020-01-31', '', 0),
(1701, 1, 6.84, 33, 474, 1677, '2020-01-31', '', 0),
(1702, 1, 0.3, 60, 477, 1671, '2020-01-31', '', 0),
(1703, 5, 6.84, 33, 478, 1043, '2020-01-31', '', 0),
(1704, 4, 6.84, 56, 478, 1043, '2020-01-31', '', 0),
(1705, 5, 6.6, 119, 478, 1043, '2020-01-31', '', 0),
(1706, 5, 6.6, 98, 478, 1043, '2020-01-31', '', 0),
(1707, 1, 6.6, 120, 478, 1043, '2020-01-31', '', 0),
(1708, 10, 6.6, 120, 479, 1044, '2020-01-31', '', 0),
(1709, 9, 0.75, 98, 480, 1674, '2020-01-31', '', 0),
(1710, 10, 0.43, 2, 481, 972, '2020-01-31', '', 0),
(1711, 1, 0.35, 25, 482, 1158, '2020-01-31', 'LAVANDER', 0),
(1713, 9, 0.75, 5, 480, 1675, '2020-01-31', '', 0),
(1714, 3, 0.7, 70, 480, 1675, '2020-01-31', '', 0),
(1715, 3, 0.65, 98, 480, 1675, '2020-01-31', '', 0),
(1716, 3, 0.65, 45, 480, 1675, '2020-01-31', '', 0),
(1717, 4, 0.35, 33, 482, 1159, '2020-01-31', 'pink', 0),
(1718, 1, 0.3, 45, 482, 1159, '2020-01-31', 'PINK', 0),
(1719, 2, 0.35, 19, 482, 1159, '2020-01-31', 'PINK', 0),
(1720, 2, 0.35, 25, 482, 1159, '2020-01-31', 'PINK', 0),
(1721, 4, 0.36, 29, 482, 1159, '2020-01-31', 'PINK', 0),
(1722, 1, 0.35, 18, 482, 1159, '2020-01-31', 'PINK', 0),
(1723, 4, 0.35, 29, 483, 1632, '2020-01-31', 'pink', 0),
(1724, 4, 0.35, 33, 483, 1632, '2020-01-31', 'pink', 0),
(1725, 2, 0.35, 19, 483, 1632, '2020-01-31', 'pink', 0),
(1726, 1, 0.35, 18, 484, 1678, '2020-01-31', 'PINK', 0),
(1727, 4, 7.2, 29, 485, 1680, '2020-01-31', '', 0),
(1728, 1, 7.2, 29, 486, 1681, '2020-01-31', '', 0),
(1729, 2, 0.15, 56, 487, 1682, '2020-01-31', '', 0),
(1730, 4, 0.4, 81, 488, 1683, '2020-01-31', '', 0),
(1731, 1, 0.55, 118, 489, 1684, '2020-01-31', '', 0),
(1732, 3, 0.18, 70, 490, 1160, '2020-01-31', 'orange', 0),
(1733, 6, 0.25, 69, 490, 1160, '2020-01-31', 'orange', 0),
(1734, 1, 0.3, 43, 490, 1160, '2020-01-31', 'ornange', 0),
(1735, 1, 0.25, 50, 491, 1679, '2020-01-31', 'blizzard', 0),
(1736, 1, 0.36, 60, 492, 1685, '2020-01-31', '', 0),
(1737, 3, 0.42, 2, 493, 1244, '2020-01-31', '', 0),
(1738, 32, 0.42, 2, 494, 1245, '2020-01-31', '', 0),
(1739, 13, 0.4, 116, 495, 1689, '2020-01-31', '', 0),
(1740, 9, 0.29, 113, 496, 1688, '2020-01-31', '', 0),
(1741, 21, 0.4, 116, 497, 1687, '2020-01-31', '', 0),
(1742, 14, 0.4, 116, 498, 1686, '2020-01-31', '', 0),
(1743, 2, 0.22, 70, 499, 1691, '2020-01-31', '', 0),
(1744, 2, 0.24, 70, 499, 1690, '2020-01-31', '', 0),
(1745, 1, 6, 16, 500, 1045, '2020-02-01', '', 0),
(1746, 7, 6, 25, 500, 1045, '2020-02-01', '', 0),
(1747, 5, 6, 117, 501, 1046, '2020-02-01', '', 0),
(1748, 10, 6.66, 98, 502, 1047, '2020-02-01', '', 0),
(1749, 6, 6.6, 7, 503, 1048, '2020-02-01', '', 0),
(1750, 12, 6.6, 120, 504, 1049, '2020-02-01', '', 0),
(1751, 5, 6.6, 119, 504, 1049, '2020-02-01', '', 0),
(1752, 3, 6.84, 56, 504, 1049, '2020-02-01', '', 0),
(1753, 5, 6.84, 33, 505, 1050, '2020-02-01', '', 0),
(1754, 5, 7.2, 29, 505, 1050, '2020-02-01', '', 0),
(1755, 14, 14.4, 5, 506, 1692, '2020-02-01', '', 0),
(1756, 16, 12.24, 39, 506, 1692, '2020-02-01', '', 0),
(1759, 2, 6.6, 25, 507, 1060, '2020-02-01', '', 0),
(1760, 9, 6.6, 25, 508, 1059, '2020-02-01', '', 0),
(1761, 2, 6.6, 7, 508, 1059, '2020-02-01', '', 0),
(1762, 3, 6.6, 7, 508, 1059, '2020-02-01', '', 0),
(1763, 5, 6.84, 33, 508, 1059, '2020-02-01', '', 0),
(1764, 1, 6.84, 56, 508, 1059, '2020-02-01', '', 0),
(1765, 5, 6.6, 119, 509, 1058, '2020-02-01', '', 0),
(1766, 1, 6.6, 120, 509, 1058, '2020-02-01', '', 0),
(1767, 10, 6.66, 98, 510, 1056, '2020-02-01', '', 0),
(1768, 3, 6.6, 120, 511, 1055, '2020-02-01', '', 0),
(1769, 2, 6, 117, 511, 1055, '2020-02-01', '', 0),
(1770, 8, 6.6, 120, 512, 1054, '2020-02-01', '', 0),
(1771, 1, 0.3, 29, 513, 1694, '2020-02-01', '', 0),
(1772, 1, 0.3, 29, 513, 1693, '2020-02-01', '', 0),
(1773, 8, 6, 16, 507, 1060, '2020-02-01', '', 0),
(1776, 1, 0.15, 33, 514, 1707, '2020-02-03', '', 0),
(1777, 2, 0.15, 33, 515, 1706, '2020-02-03', '', 0),
(1778, 2, 0.15, 33, 516, 1705, '2020-02-03', '', 0),
(1779, 2, 0.15, 33, 517, 1704, '2020-02-03', '', 0),
(1780, 1, 0.15, 33, 518, 1703, '2020-02-03', '', 0),
(1781, 3, 0.15, 33, 519, 1702, '2020-02-03', '', 0),
(1782, 3, 0.15, 33, 520, 1701, '2020-02-03', '', 0),
(1783, 1, 0.15, 33, 521, 1700, '2020-02-03', '', 0),
(1784, 4, 0.15, 33, 522, 1708, '2020-02-03', '', 0),
(1785, 2, 0.15, 33, 523, 1709, '2020-02-03', '', 0),
(1786, 25, 0.75, 5, 524, 1695, '2020-02-03', '', 0),
(1787, 3, 0.85, 5, 524, 1696, '2020-02-03', '', 0),
(1788, 3, 0.7, 16, 524, 1696, '2020-02-03', '', 0),
(1789, 9, 0.85, 5, 524, 1697, '2020-02-03', '', 0),
(1790, 8, 0.75, 5, 525, 1699, '2020-02-03', '', 0),
(1791, 8, 0.7, 70, 525, 1699, '2020-02-03', '', 0),
(1792, 4, 0.65, 45, 525, 1699, '2020-02-03', '', 0),
(1793, 8, 0.6, 16, 525, 1699, '2020-02-03', '', 0),
(1794, 1, 0.75, 98, 526, 1698, '2020-02-03', '', 0),
(1795, 13, 0.85, 5, 526, 1698, '2020-02-03', '', 0),
(1803, 4, 3, 18, 529, 1721, '2020-02-03', '', 0),
(1804, 9, 3.12, 45, 529, 1721, '2020-02-03', '', 0),
(1805, 8, 3.12, 45, 530, 1717, '2020-02-03', '', 0),
(1807, 3, 0.15, 33, 532, 1718, '2020-02-03', '', 0),
(1808, 4, 3.12, 45, 533, 1720, '2020-02-03', '', 0),
(1809, 10, 0.85, 5, 534, 1719, '2020-02-03', '', 0),
(1810, 6, 0.75, 98, 534, 1719, '2020-02-03', '', 0),
(1811, 11, 6.6, 99, 535, 1722, '2020-02-03', '', 0),
(1812, 7, 7.2, 118, 535, 1722, '2020-02-03', '', 0),
(1813, 5, 6.6, 83, 535, 1722, '2020-02-03', '', 0),
(1814, 35, 6.6, 83, 531, 1716, '2020-02-03', '', 0),
(1815, 30, 6.6, 83, 536, 1723, '2020-02-03', '', 0),
(1816, 14, 6.6, 18, 536, 1723, '2020-02-03', '', 0),
(1817, 16, 0.85, 5, 537, 1726, '2020-02-03', '', 0),
(1818, 16, 0.85, 5, 538, 1725, '2020-02-03', '', 0),
(1819, 5, 0.75, 5, 539, 1724, '2020-02-03', '', 0),
(1820, 1, 0.34, 60, 540, 1727, '2020-02-03', '', 0),
(1821, 3, 0.4, 116, 541, 1728, '2020-02-03', '', 0),
(1822, 1, 0.32, 89, 542, 1729, '2020-02-03', '', 0),
(1823, 1, 0.18, 25, 543, 1730, '2020-02-03', '', 0),
(1824, 1, 0.2, 25, 544, 1732, '2020-02-04', '', 0),
(1825, 32, 0.35, 106, 545, 1731, '2020-02-04', '', 0),
(1826, 2, 0.43, 2, 546, 1739, '2020-02-04', '', 0),
(1827, 2, 7.16, 26, 547, 1738, '2020-02-04', '', 0),
(1828, 3, 7.16, 26, 548, 1737, '2020-02-04', '', 0),
(1829, 33, 6.6, 83, 549, 1736, '2020-02-04', '', 0),
(1830, 6, 6.6, 83, 550, 1735, '2020-02-04', '', 0),
(1831, 23, 6.6, 83, 551, 1734, '2020-02-04', '', 0),
(1832, 1, 6.6, 83, 552, 1733, '2020-02-04', '', 0),
(1833, 16, 0.75, 5, 553, 1740, '2020-02-04', '', 0),
(1834, 14, 0.7, 70, 553, 1740, '2020-02-04', '', 0),
(1835, 8, 0.65, 98, 553, 1740, '2020-02-04', '', 0),
(1836, 6, 0.75, 121, 553, 1740, '2020-02-04', '', 0),
(1837, 1, 0.7, 29, 553, 1740, '2020-02-04', '', 0),
(1838, 1, 0.85, 121, 553, 1741, '2020-02-04', '', 0),
(1839, 10, 0.75, 5, 553, 1741, '2020-02-04', '', 0),
(1840, 30, 5.9775, 7, 554, 1657, '2020-02-04', '', 0),
(1841, 10, 2.59, 25, 554, 1658, '2020-02-04', '', 0),
(1842, 3, 2.8, 60, 554, 1659, '2020-02-04', '', 0),
(1843, 4, 3, 60, 554, 1660, '2020-02-04', '', 0),
(1844, 5, 3, 107, 554, 1661, '2020-02-04', '', 0),
(1845, 1, 0.36, 107, 554, 1662, '2020-02-04', '', 0),
(1846, 4, 2.1, 2, 554, 1663, '2020-02-04', '', 0),
(1847, 1, 2.1, 2, 554, 1664, '2020-02-04', '', 0),
(1848, 6, 3.5, 2, 554, 1665, '2020-02-04', '', 0),
(1849, 1, 0.3, 34, 554, 1666, '2020-02-04', '', 0),
(1850, 1, 0.24, 110, 554, 1668, '2020-02-04', '', 0),
(1851, 1, 0.24, 34, 554, 1667, '2020-02-04', '', 0),
(1852, 5, 5.97, 108, 555, 1634, '2020-02-04', '', 0),
(1853, 25, 5.9775, 7, 555, 1634, '2020-02-04', '', 0),
(1854, 1, 3.1, 107, 555, 1635, '2020-02-04', '', 0),
(1855, 1, 2.8, 107, 555, 1636, '2020-02-04', '', 0),
(1856, 2, 3.3, 107, 555, 1637, '2020-02-04', '', 0),
(1857, 15, 3.7, 107, 555, 1638, '2020-02-04', '', 0),
(1858, 10, 3.9, 107, 555, 1639, '2020-02-04', '', 0),
(1859, 1, 3.6, 107, 555, 1640, '2020-02-04', '', 0),
(1860, 2, 2.1, 2, 555, 1641, '2020-02-04', '', 0),
(1861, 10, 3.5, 2, 555, 1642, '2020-02-04', '', 0),
(1862, 4, 2.1, 2, 555, 1643, '2020-02-04', '', 0),
(1863, 2, 0.38, 2, 555, 1644, '2020-02-04', '', 0),
(1864, 2, 0.4, 2, 555, 1645, '2020-02-04', '', 0),
(1865, 3, 0.45, 2, 555, 1646, '2020-02-04', '', 0),
(1866, 2, 0.4, 2, 555, 1649, '2020-02-04', '', 0),
(1867, 1, 0.45, 2, 555, 1647, '2020-02-04', '', 0),
(1868, 2, 0.4, 2, 555, 1648, '2020-02-04', '', 0),
(1869, 7, 7.2, 118, 556, 1743, '2020-02-04', '', 0),
(1870, 10, 6.6, 99, 556, 1743, '2020-02-04', '', 0),
(1872, 4, 0.4, 2, 555, 1650, '2020-02-04', '', 0),
(1873, 5, 0.4, 2, 555, 1651, '2020-02-04', '', 0),
(1874, 4, 1.2, 115, 555, 1633, '2020-02-04', '', 0),
(1875, 8, 1.4, 53, 555, 1655, '2020-02-04', '', 0),
(1876, 1, 1.4, 53, 555, 1656, '2020-02-04', '', 0),
(1877, 3, 0.24, 34, 555, 1652, '2020-02-04', '', 0),
(1878, 1, 0.28, 34, 555, 1653, '2020-02-04', '', 0),
(1879, 2, 0.3, 34, 555, 1654, '2020-02-04', '', 0),
(1880, 14, 7.2, 118, 556, 1742, '2020-02-04', '', 0),
(1881, 14, 6.6, 18, 556, 1742, '2020-02-04', '', 0),
(1882, 69, 6.6, 83, 556, 1742, '2020-02-04', '', 0),
(1883, 25, 5.9775, 109, 557, 1578, '2020-02-04', '', 0),
(1884, 5, 5.97, 108, 557, 1578, '2020-02-04', '', 0),
(1885, 1, 3.1, 107, 557, 1579, '2020-02-04', '', 0),
(1886, 2, 3.3, 107, 557, 1580, '2020-02-04', '', 0),
(1887, 25, 3.7, 107, 557, 1581, '2020-02-04', '', 0),
(1888, 10, 3.9, 107, 557, 1582, '2020-02-04', '', 0),
(1889, 9, 3.5, 2, 557, 1583, '2020-02-04', '', 0),
(1890, 1, 2.1, 2, 557, 1592, '2020-02-04', '', 0),
(1891, 5, 0.4, 2, 557, 1584, '2020-02-04', '', 0),
(1892, 2, 0.4, 2, 557, 1585, '2020-02-04', '', 0),
(1893, 1, 2.2, 53, 557, 1576, '2020-02-04', '', 0),
(1894, 2, 0.22, 110, 557, 1577, '2020-02-04', '', 0),
(1895, 6, 2.3, 110, 557, 1586, '2020-02-04', '', 0),
(1896, 4, 2.3, 110, 557, 1587, '2020-02-04', '', 0),
(1897, 4, 2.3, 110, 557, 1588, '2020-02-04', '', 0),
(1898, 1, 0.25, 110, 557, 1593, '2020-02-04', '', 0),
(1899, 4, 2.3, 110, 557, 1589, '2020-02-04', '', 0),
(1900, 4, 2.3, 110, 557, 1590, '2020-02-04', '', 0),
(1901, 10, 2.3, 110, 557, 1591, '2020-02-04', '', 0),
(1902, 5, 5.97, 108, 558, 1565, '2020-02-04', '', 0),
(1903, 25, 5.9775, 109, 558, 1565, '2020-02-04', '', 0),
(1904, 1, 3.6, 107, 558, 1566, '2020-02-04', '', 0),
(1905, 2, 3.6, 107, 558, 1567, '2020-02-04', '', 0),
(1906, 9, 3.5, 2, 558, 1568, '2020-02-04', '', 0),
(1907, 1, 2.1, 2, 558, 1569, '2020-02-04', '', 0),
(1908, 3, 2.1, 2, 558, 1570, '2020-02-04', '', 0),
(1909, 2, 0.43, 2, 558, 1571, '2020-02-04', '', 0),
(1910, 1, 0.4, 2, 558, 1572, '2020-02-04', '', 0),
(1911, 2, 0.4, 2, 558, 1573, '2020-02-04', '', 0),
(1912, 3, 1.15, 115, 558, 1564, '2020-02-04', '', 0),
(1913, 2, 1.1, 53, 558, 1575, '2020-02-04', '', 0),
(1914, 1, 0.24, 34, 558, 1574, '2020-02-04', '', 0),
(1915, 5, 5.97, 108, 559, 1558, '2020-02-04', '', 0),
(1916, 25, 5.9775, 109, 559, 1558, '2020-02-04', '', 0),
(1917, 1, 3.6, 107, 559, 1559, '2020-02-04', '', 0),
(1918, 1, 3.6, 107, 559, 1560, '2020-02-04', '', 0),
(1919, 4, 2.1, 2, 559, 1561, '2020-02-04', '', 0),
(1920, 7, 3.5, 2, 559, 1562, '2020-02-04', '', 0),
(1921, 1, 0.43, 2, 559, 1563, '2020-02-04', '', 0),
(1922, 5, 5.97, 108, 560, 1536, '2020-02-04', '', 0),
(1923, 25, 5.9775, 109, 560, 1536, '2020-02-04', '', 0),
(1924, 2, 3.1, 107, 560, 1537, '2020-02-04', '', 0),
(1925, 2, 3.3, 107, 560, 1538, '2020-02-04', '', 0),
(1926, 1, 3, 107, 560, 1539, '2020-02-04', '', 0),
(1927, 20, 3.7, 107, 560, 1540, '2020-02-04', '', 0),
(1928, 5, 3.6, 107, 560, 1541, '2020-02-04', '', 0),
(1929, 1, 3.6, 107, 560, 1542, '2020-02-04', '', 0),
(1930, 3, 3.6, 107, 560, 1543, '2020-02-04', '', 0),
(1931, 6, 2.1, 2, 560, 1544, '2020-02-04', '', 0),
(1932, 7, 3.5, 2, 560, 1545, '2020-02-04', '', 0),
(1933, 1, 2.1, 2, 560, 1546, '2020-02-04', '', 0),
(1934, 2, 0.4, 2, 560, 1547, '2020-02-04', '', 0),
(1935, 1, 0.39, 2, 560, 1548, '2020-02-04', '', 0),
(1936, 1, 0.43, 2, 560, 1553, '2020-02-04', '', 0),
(1937, 3, 0.45, 2, 560, 1554, '2020-02-04', '', 0),
(1938, 1, 0.43, 2, 560, 1549, '2020-02-04', '', 0),
(1939, 1, 0.4, 2, 560, 1550, '2020-02-04', '', 0),
(1940, 1, 0.45, 2, 560, 1551, '2020-02-04', '', 0),
(1941, 2, 0.4, 2, 560, 1552, '2020-02-04', '', 0),
(1942, 1, 2.2, 110, 560, 1534, '2020-02-04', '', 0),
(1943, 1, 2.2, 53, 560, 1535, '2020-02-04', '', 0),
(1944, 1, 0.25, 110, 560, 1555, '2020-02-04', '', 0),
(1945, 5, 5.97, 108, 561, 1522, '2020-02-04', '', 0),
(1946, 25, 5.9775, 109, 561, 1522, '2020-02-04', '', 0),
(1947, 1, 2.8, 107, 561, 1523, '2020-02-04', '', 0),
(1948, 1, 3.6, 107, 561, 1524, '2020-02-04', '', 0),
(1949, 6, 3.5, 2, 561, 1525, '2020-02-04', '', 0),
(1950, 2, 2.1, 2, 561, 1526, '2020-02-04', '', 0),
(1951, 4, 0.4, 2, 561, 1527, '2020-02-04', '', 0),
(1952, 1, 0.4, 2, 561, 1528, '2020-02-04', '', 0),
(1953, 3, 0.4, 2, 561, 1529, '2020-02-04', '', 0),
(1954, 1, 0.3, 17, 561, 1530, '2020-02-04', '', 0),
(1955, 1, 0.28, 34, 561, 1531, '2020-02-04', '', 0),
(1956, 1, 0.43, 2, 272, 1378, '2020-02-04', '', 0),
(1957, 1, 0.43, 2, 272, 1379, '2020-02-04', '', 0),
(1958, 1, 2.2, 57, 272, 1370, '2020-02-04', '', 0),
(1959, 1, 0.3, 17, 272, 1381, '2020-02-04', '', 0),
(1960, 1, 2.4, 110, 272, 1382, '2020-02-04', '', 0),
(1961, 1, 0.24, 34, 272, 1380, '2020-02-04', '', 0),
(1962, 10, 2.59, 108, 562, 1745, '2020-02-04', '', 0),
(1963, 6, 3.5, 2, 562, 1746, '2020-02-04', '', 0),
(1964, 6, 2.1, 2, 562, 1747, '2020-02-04', '', 0),
(1965, 1, 2.1, 2, 562, 1748, '2020-02-04', '', 0),
(1966, 1, 2.2, 110, 562, 1744, '2020-02-04', '', 0),
(1967, 1, 0.25, 110, 562, 1750, '2020-02-04', '', 0),
(1968, 5, 0.25, 110, 562, 1751, '2020-02-04', '', 0),
(1969, 1, 0.24, 34, 562, 1749, '2020-02-04', '', 0),
(1970, 1, 0.28, 53, 563, 1752, '2020-02-04', '', 0),
(1971, 2, 0.28, 113, 564, 1753, '2020-02-05', '', 0),
(1972, 2, 0.38, 106, 565, 1765, '2020-02-05', '', 0),
(1973, 8, 0.43, 2, 566, 1762, '2020-02-05', '', 0),
(1974, 8, 0.23, 67, 566, 1761, '2020-02-05', '', 0),
(1975, 8, 0.43, 2, 567, 1760, '2020-02-05', '', 0),
(1976, 2, 0.2, 19, 568, 1759, '2020-02-05', '', 0),
(1977, 2, 0.2, 25, 568, 1758, '2020-02-05', '', 0),
(1978, 12, 5.4, 18, 569, 1757, '2020-02-05', '', 0),
(1979, 2, 0.23, 67, 570, 1756, '2020-02-05', '', 0),
(1980, 4, 0.15, 33, 571, 1764, '2020-02-05', '', 0),
(1981, 7, 6.6, 99, 572, 1754, '2020-02-05', '', 0),
(1982, 7, 7.2, 118, 572, 1754, '2020-02-05', '', 0),
(1983, 18, 6.6, 83, 572, 1754, '2020-02-05', '', 0),
(1984, 6, 6.6, 83, 572, 1755, '2020-02-05', '', 0),
(1985, 7, 7.2, 118, 572, 1755, '2020-02-05', '', 0),
(1986, 14, 6.6, 18, 572, 1755, '2020-02-05', '', 0),
(1987, 6, 7.2, 83, 573, 1763, '2020-02-05', '', 0),
(1988, 6, 7.2, 32, 573, 1763, '2020-02-05', '', 0),
(1989, 15, 0.75, 5, 574, 1766, '2020-02-05', '', 0),
(1990, 9, 0.7, 70, 574, 1766, '2020-02-05', '', 0),
(1991, 3, 0.65, 98, 574, 1766, '2020-02-05', '', 0),
(1992, 18, 0.65, 45, 574, 1766, '2020-02-05', '', 0),
(1993, 4, 0.6, 117, 574, 1766, '2020-02-05', '', 0),
(1994, 4, 0.75, 121, 574, 1766, '2020-02-05', '', 0),
(1995, 4, 0.7, 117, 574, 1767, '2020-02-05', '', 0),
(1996, 1, 0.7, 16, 574, 1767, '2020-02-05', '', 0),
(1997, 1, 0.6, 16, 575, 1768, '2020-02-05', '', 0),
(1998, 1, 0.6, 16, 576, 1769, '2020-02-05', '', 0),
(1999, 1, 0.7, 16, 577, 1771, '2020-02-05', '', 0),
(2000, 1, 0.6, 16, 578, 1770, '2020-02-05', '', 0),
(2001, 3, 6.6, 83, 579, 1779, '2020-02-05', '', 0),
(2002, 3, 6.6, 99, 579, 1779, '2020-02-05', '', 0),
(2003, 1, 6.6, 83, 579, 1780, '2020-02-05', '', 0),
(2004, 1, 7.2, 118, 580, 1778, '2020-02-05', '', 0),
(2005, 3, 0.26, 35, 581, 1774, '2020-02-05', '', 0),
(2006, 1, 0.2, 19, 581, 1777, '2020-02-05', '', 0),
(2007, 1, 0.28, 12, 581, 1775, '2020-02-05', '', 0),
(2008, 1, 0.24, 7, 581, 1776, '2020-02-05', '', 0),
(2009, 1, 0.24, 25, 581, 1776, '2020-02-05', '', 0),
(2010, 1, 0.24, 29, 581, 1776, '2020-02-05', '', 0),
(2011, 54, 6.6, 83, 582, 1772, '2020-02-05', '', 0),
(2012, 7, 6.6, 99, 582, 1772, '2020-02-05', '', 0),
(2013, 81, 6.6, 83, 582, 1773, '2020-02-05', '', 0),
(2014, 5, 0.18, 25, 583, 1781, '2020-02-05', '', 0),
(2015, 5, 0.18, 25, 583, 1782, '2020-02-05', 'ORANGE', 0),
(2016, 5, 0.18, 25, 583, 1783, '2020-02-05', 'YELLOW', 0),
(2017, 1, 0.4, 116, 584, 1784, '2020-02-06', '', 0),
(2018, 1, 0.36, 60, 585, 1785, '2020-02-06', '', 0),
(2019, 1, 0.15, 33, 586, 1786, '2020-02-06', '', 0),
(2020, 1, 0.6, 16, 587, 1787, '2020-02-06', '', 0),
(2021, 10, 0.65, 45, 588, 1788, '2020-02-06', '', 0),
(2022, 2, 0.6, 16, 588, 1788, '2020-02-06', '', 0),
(2023, 2, 0.7, 16, 588, 1789, '2020-02-06', '', 0),
(2024, 1, 0.24, 25, 589, 1791, '2020-02-06', '', 0),
(2025, 1, 0.24, 25, 589, 1792, '2020-02-06', '', 0),
(2026, 4, 0.12, 25, 589, 1790, '2020-02-06', '', 0),
(2027, 2, 0.2, 33, 590, 1793, '2020-02-06', '', 0),
(2028, 1, 0.2, 18, 591, 825, '2020-02-06', '', 0),
(2029, 1, 0.1088, 18, 591, 825, '2020-02-06', '', 0),
(2030, 2, 2.95, 4, 591, 837, '2020-02-06', '', 0),
(2031, 4, 2.4, 4, 591, 836, '2020-02-06', '', 0),
(2032, 2, 0.2, 18, 591, 826, '2020-02-06', '', 0),
(2033, 2, 0.2, 18, 591, 828, '2020-02-06', '', 0),
(2034, 2, 0.2, 18, 591, 827, '2020-02-06', '', 0),
(2035, 1, 0.21, 70, 591, 832, '2020-02-06', '', 0),
(2036, 1, 0.1931, 38, 591, 833, '2020-02-06', '', 0),
(2037, 2, 0.2, 13, 591, 829, '2020-02-06', '', 0),
(2038, 2, 0.2, 13, 591, 830, '2020-02-06', '', 0),
(2039, 1, 0.2, 13, 591, 831, '2020-02-06', '', 0),
(2040, 1, 0.2, 13, 591, 1794, '2020-02-06', '', 0),
(2041, 1, 0.22, 83, 591, 834, '2020-02-06', '', 0),
(2042, 2, 0.3, 103, 591, 835, '2020-02-06', '', 0),
(2043, 1, 0.3, 60, 592, 1795, '2020-02-06', '', 0),
(2044, 4, 0.15, 33, 593, 1810, '2020-02-07', '', 0),
(2045, 2, 0.15, 33, 594, 1809, '2020-02-07', '', 0),
(2046, 1, 0.15, 33, 595, 1808, '2020-02-07', '', 0),
(2047, 1, 0.2333, 41, 596, 1811, '2020-02-07', '', 0),
(2048, 3, 6.5, 89, 597, 1816, '2020-02-07', '', 0),
(2049, 1, 6.5, 89, 597, 1817, '2020-02-07', '', 0),
(2050, 6, 0.42, 106, 598, 1812, '2020-02-07', '', 0),
(2051, 2, 0.4, 116, 599, 1813, '2020-02-07', '', 0),
(2052, 6, 0.275, 113, 600, 1814, '2020-02-07', '', 0),
(2053, 3, 0.35, 2, 601, 1815, '2020-02-07', '', 0),
(2054, 2, 0.35, 106, 601, 1815, '2020-02-07', '', 0),
(2055, 2, 0.22, 70, 602, 1818, '2020-02-07', '', 0),
(2056, 2, 0.24, 70, 602, 1819, '2020-02-07', '', 0),
(2057, 12, 0.3, 9, 603, 1820, '2020-02-07', '', 0),
(2058, 8, 0.18, 9, 603, 1821, '2020-02-07', '', 0),
(2059, 1, 0.2, 122, 604, 1841, '2020-02-07', '', 0),
(2060, 2, 0.2, 12, 604, 1829, '2020-02-07', '', 0),
(2061, 1, 0.2, 25, 604, 1831, '2020-02-07', '', 0),
(2062, 1, 0.2, 73, 604, 1824, '2020-02-07', '', 0),
(2063, 1, 0.24, 73, 604, 1825, '2020-02-07', '', 0),
(2064, 1, 0.2, 122, 604, 1842, '2020-02-07', '', 0),
(2065, 1, 0.24, 25, 604, 1833, '2020-02-07', '', 0),
(2066, 1, 0.2, 73, 604, 1823, '2020-02-07', '', 0),
(2067, 1, 0.2, 25, 604, 1832, '2020-02-07', '', 0),
(2068, 2, 0.2, 73, 604, 1822, '2020-02-07', '', 0),
(2069, 1, 0.24, 69, 604, 1837, '2020-02-07', '', 0),
(2070, 1, 0.2, 122, 604, 1838, '2020-02-07', '', 0),
(2071, 1, 0.24, 122, 604, 1840, '2020-02-07', '', 0),
(2072, 1, 0.2, 69, 604, 1834, '2020-02-07', '', 0),
(2073, 1, 0.22, 73, 604, 1826, '2020-02-07', '', 0),
(2074, 1, 0.26125, 12, 604, 1827, '2020-02-07', '', 0);
INSERT INTO `buy_element` (`buy_element_id`, `qty`, `price`, `provider_id`, `buy_id`, `request_product_id`, `date`, `etiqueta`, `iva_active`) VALUES
(2075, 1, 0.216, 25, 604, 1830, '2020-02-07', '', 0),
(2076, 1, 0.225833, 69, 604, 1835, '2020-02-07', '', 0),
(2077, 1, 0.228333, 69, 604, 1836, '2020-02-07', '', 0),
(2078, 1, 0.21, 122, 604, 1839, '2020-02-07', '', 0),
(2079, 2, 0.2, 12, 604, 1828, '2020-02-07', '', 0),
(2080, 6, 7.3, 99, 605, 1845, '2020-02-10', '', 0),
(2081, 4, 0.38, 106, 606, 1844, '2020-02-10', '', 0),
(2082, 20, 13.2, 18, 607, 1850, '2020-02-10', '', 0),
(2083, 3, 0.38, 106, 608, 1849, '2020-02-10', '', 0),
(2084, 6, 2.5, 9, 609, 859, '2020-02-10', '', 0),
(2085, 6, 2.5, 9, 610, 860, '2020-02-10', '', 0),
(2086, 1, 0.2, 122, 611, 1874, '2020-02-10', '', 0),
(2087, 2, 0.2, 12, 611, 1868, '2020-02-10', '', 0),
(2088, 1, 0.2, 25, 611, 1864, '2020-02-10', '', 0),
(2089, 1, 0.2, 73, 611, 1861, '2020-02-10', '', 0),
(2090, 1, 0.24, 73, 611, 1862, '2020-02-10', '', 0),
(2091, 1, 0.25, 25, 611, 1866, '2020-02-10', '', 0),
(2092, 1, 0.2, 73, 611, 1860, '2020-02-10', '', 0),
(2093, 1, 0.2, 25, 611, 1865, '2020-02-10', '', 0),
(2094, 1, 0.22, 122, 611, 1872, '2020-02-10', '', 0),
(2095, 2, 0.18, 73, 611, 1859, '2020-02-10', '', 0),
(2096, 1, 0.2, 69, 611, 1871, '2020-02-10', '', 0),
(2097, 1, 0.2, 122, 611, 1873, '2020-02-10', '', 0),
(2098, 1, 0.2, 122, 611, 1873, '2020-02-10', '', 0),
(2099, 1, 0.2, 69, 611, 1869, '2020-02-10', '', 0),
(2100, 1, 0.22, 73, 611, 1863, '2020-02-10', '', 0),
(2101, 1, 0.22, 25, 611, 1863, '2020-02-10', '', 0),
(2102, 2, 0.24, 69, 611, 1870, '2020-02-10', '', 0),
(2103, 1, 0.2, 12, 611, 1867, '2020-02-10', '', 0),
(2104, 1, 0.2, 122, 611, 1875, '2020-02-10', '', 0),
(2105, 1, 7.3, 99, 612, 1876, '2020-02-10', '', 0),
(2106, 1, 0.2, 12, 611, 1867, '2020-02-10', '', 0),
(2107, 3, 0.15, 33, 613, 1877, '2020-02-10', '', 0),
(2108, 1, 0.3, 29, 614, 1855, '2020-02-10', '', 0),
(2109, 1, 0.3, 29, 614, 1854, '2020-02-10', '', 0),
(2110, 6, 2.5, 9, 615, 861, '2020-02-10', '', 0),
(2111, 6, 2.5, 9, 616, 863, '2020-02-10', '', 0),
(2112, 1, 0.15, 33, 617, 1878, '2020-02-10', '', 0),
(2113, 2, 0.15, 33, 618, 1848, '2020-02-10', '', 0),
(2114, 3, 0.15, 33, 619, 1851, '2020-02-10', '', 0),
(2115, 1, 0.15, 33, 620, 1852, '2020-02-10', '', 0),
(2116, 2, 0.15, 33, 621, 1853, '2020-02-10', '', 0),
(2117, 3, 0.15, 33, 622, 1856, '2020-02-10', '', 0),
(2118, 2, 0.15, 33, 623, 1857, '2020-02-10', '', 0),
(2119, 1, 0.15, 33, 624, 1858, '2020-02-10', '', 0),
(2120, 6, 2.5, 9, 625, 1879, '2020-02-10', '', 0),
(2121, 1, 0.366666, 123, 626, 735, '2020-02-10', '', 0),
(2122, 1, 0.4, 123, 626, 734, '2020-02-10', '', 0),
(2123, 1, 0.35, 8, 626, 734, '2020-02-10', '', 0),
(2124, 3, 0.6, 41, 627, 1881, '2020-02-10', '', 0),
(2125, 1, 0.6, 41, 627, 1880, '2020-02-10', '', 0),
(2126, 1, 0.3, 25, 627, 1882, '2020-02-10', '', 0),
(2127, 1, 0.32, 89, 628, 736, '2020-02-10', '', 0),
(2128, 1, 0.3, 60, 629, 733, '2020-02-10', '', 0),
(2129, 1, 0.32, 89, 630, 732, '2020-02-10', '', 0),
(2130, 1, 0.32, 89, 631, 729, '2020-02-10', '', 0),
(2131, 1, 0.18, 25, 632, 1847, '2020-02-10', '', 0),
(2132, 1, 0.3, 60, 633, 728, '2020-02-10', '', 0),
(2133, 1, 0.2, 25, 634, 1846, '2020-02-10', '', 0),
(2134, 1, 0.32, 89, 635, 726, '2020-02-10', '', 0),
(2135, 1, 0.32, 89, 636, 727, '2020-02-10', '', 0),
(2136, 1, 0.38, 87, 637, 730, '2020-02-10', '', 0),
(2137, 1, 2.8, 60, 638, 1796, '2020-02-10', '', 0),
(2138, 1, 3.4, 107, 638, 1797, '2020-02-10', '', 0),
(2139, 1, 0.36, 107, 638, 1798, '2020-02-10', '', 0),
(2140, 1, 4, 107, 638, 1799, '2020-02-10', '', 0),
(2141, 1, 0.4, 2, 638, 1800, '2020-02-10', '', 0),
(2142, 1, 2.1, 2, 638, 1801, '2020-02-10', '', 0),
(2143, 3, 2.1, 2, 638, 1802, '2020-02-10', '', 0),
(2144, 1, 0.4, 2, 638, 1803, '2020-02-10', '', 0),
(2145, 5, 0.43, 2, 638, 1804, '2020-02-10', '', 0),
(2146, 1, 0.4, 2, 638, 1805, '2020-02-10', '', 0),
(2147, 1, 0.3, 17, 638, 1807, '2020-02-10', '', 0),
(2148, 1, 0.28, 34, 638, 1806, '2020-02-10', '', 0),
(2149, 1, 0.32, 89, 639, 1909, '2020-02-10', '', 0),
(2150, 2, 0.275, 113, 640, 1910, '2020-02-10', '', 0);

-- --------------------------------------------------------

--
-- Estructura de tabla para la tabla `carguera`
--

CREATE TABLE `carguera` (
  `carguera_id` int(11) NOT NULL,
  `name` varchar(256) NOT NULL,
  `phone` varchar(128) NOT NULL,
  `person_contact` varchar(256) NOT NULL,
  `email` varchar(256) NOT NULL,
  `skype` varchar(128) NOT NULL,
  `address` varchar(512) NOT NULL
) ENGINE=InnoDB DEFAULT CHARSET=utf8;

--
-- Volcado de datos para la tabla `carguera`
--

INSERT INTO `carguera` (`carguera_id`, `name`, `phone`, `person_contact`, `email`, `skype`, `address`) VALUES
(1, 'CARGOMASTER', '397 01 100', 'Iván García', 'ivan.garcia@cargomaster.ws', 'ivang_3', 'Shyris y Naciones Unidas'),
(2, 'VALUE CARGO', '3945940', 'Tania Quintana', 'administracion@valuecargo.com.ec', 'coordinacion.valuecargo', 'Tabacarsen'),
(3, 'WORLWIDE CARGO', '0990352442', 'Sebastián Zambrano', 'coordinacionuio2@worldwide-cargo.com', 'juanse2489', 'Calle Nicolás Baquero S/N edificio S&S cargo, conector Alpachaca'),
(4, 'PACIFIC AIR CARGO', '+593993376413', 'Anita Cadena', 'anita.cadena@pacificair-cargo.com', '', 'Nicolas Baquero S/N y 29 de Abril, Sector el Vergel.'),
(5, 'G Y G CARGO', '294 7300 ext. 143 ', 'Marco Lozano', 'export1@logiztikalliance.com', 'marcolozano_gg', ''),
(6, 'LOGIZTIK ALLIANCE', '294 7300 ext. 143 ', 'Marco Lozano', 'export1@logiztikalliance.com', 'marcolozano_gg', ''),
(7, 'FLOWER CARGO', '3945920', 'NN', 'sales@flowercargo.com', 'Nn', 'Nicolás Baquero s/n y 29 de Abril Centro Logístico Alpachaca Tababela, Ecuador'),
(8, 'FRESH LOGISTIC', ' 394-9520', 'Eduardo Alarcón', 'ealarcon@freshlogistic.com', 'Nn', 'Nicolás Baquero No. 17 y 29 de Abril  '),
(9, 'EBF CARGO', '2246057/2267479 ext 106', 'Carlos Altamirano', 'operaciones@ebfcargo.com', 'nn', 'Nicolás Baquero s/n y 29 de Abril Centro Logístico Alpachaca Tababela, Ecuador'),
(10, 'SIERRA CARGO', '0994672338', 'DAVID PAREDES', 'costumerservice@sierracargo.ec', '', 'TABABELA'),
(11, 'KUENHE NAGEL', '0988493618', 'JULIANA VOSQUES', 'costumerservice@sierracargo.ec', '', 'JULIANA BOSQUES');

-- --------------------------------------------------------

--
-- Estructura de tabla para la tabla `cliente`
--

CREATE TABLE `cliente` (
  `cliente_id` int(11) NOT NULL,
  `cliente_name` varchar(256) NOT NULL,
  `tax_id` varchar(256) NOT NULL,
  `user_id` int(11) NOT NULL,
  `user_vendedor_id` int(11) NOT NULL,
  `address` varchar(2048) NOT NULL,
  `paid_person` varchar(1024) NOT NULL,
  `phone` varchar(512) NOT NULL,
  `paid_email` varchar(512) NOT NULL,
  `contact_person` varchar(1024) NOT NULL,
  `contact_email` varchar(512) NOT NULL,
  `additional` text NOT NULL,
  `skype_contact` varchar(128) NOT NULL,
  `country_id` int(11) NOT NULL,
  `phone_contact` varchar(128) NOT NULL,
  `phone_person` varchar(128) NOT NULL,
  `skype_person` varchar(128) NOT NULL,
  `cod_facturacion` varchar(65) NOT NULL,
  `secuencial` int(11) NOT NULL
) ENGINE=InnoDB DEFAULT CHARSET=utf8;

--
-- Volcado de datos para la tabla `cliente`
--

INSERT INTO `cliente` (`cliente_id`, `cliente_name`, `tax_id`, `user_id`, `user_vendedor_id`, `address`, `paid_person`, `phone`, `paid_email`, `contact_person`, `contact_email`, `additional`, `skype_contact`, `country_id`, `phone_contact`, `phone_person`, `skype_person`, `cod_facturacion`, `secuencial`) VALUES
(4, 'THE USA BOUQUET COMPANY', '208068971', 25, 15, '1500 NW 95th Avenue, Miami Fl 33172', 'María Rosales', '786-437-6518', 'MRosales@usabq.com', 'Lucía Jara', 'LJara@usabq.com', '', 'lucy497', 1, '571 267 7582', '786-437-6500', '', 'UB', 26324),
(5, 'EQUIFLOR', '592703775     ', 26, 15, '1020 NW 21Th, SUITE112, MIAMI, FL 33172  ', 'Norma', '3055944445    ', 'norma@equiflor.com', 'David Delgado', 'david@equiflor.com', '', 'davideqf', 1, '0992528414', '', '', 'EQ', 1),
(6, 'SAILO FLOWERS     ', '', 27, 15, 'JABRIYA BLOCK 1 B STREET 2 BUILDING 7 ', '', '', '', 'ALI HUSSEINI', 'ali.husseini@sailoflower.com', '', '', 5, '96599701572', '', '', 'SA', 7030),
(7, 'MIAFLORA FARMS LLC    ', '454003215', 28, 15, '2801 NW 74 TH AVE. SUITE 102 , MIAMI, FL 33122                          ', 'Laura Vergara', '', 'accounting@miaflorafarms.com', 'Quetcy Gonzalez', 'receiving@grower2buyer.com', '', 'Quetcyg720', 1, '', '1-855 260-1555 Ext 304 ', 'lauraversas', 'MF', 10538),
(8, 'RIVERDALE FARMS', '591432843   ', 29, 15, '1401 NW 84TH AVE. MIAMI, FL 33126', 'Paola Baltodano ', '18008333161', 'apgrowers@riverdalefarms.com', 'Everth', 'invoices@riverdalefarms.com', '', 'everth_75', 1, '', '800.833.3161 x.116 ', 'apgrowers@riverdalefarms.com', 'RD', 7788),
(9, 'WORLD CLASS FLOWERS    ', '462283997', 30, 15, '1601  DUERE STREET    ', 'Robin Gross', '609 965 3506   ', 'rgross@worldclassflowers.com', 'Carlos Tamayo', 'ctamayo@worldclassflowers.com', '', 'carlos.atamayo', 1, '573148683467', '(609) 965-4200 ext. 111 ', '', 'WD', 7325),
(10, 'ROSA PRIMA INTERNACIONAL LLC', '', 31, 15, '175 SW 7TH STREET, SUITE 2301 MIAMI, FL33130', 'Raisa Romero', '(305)644 8459', 'raisa.romero@rosaprima.com', 'Jhoana Torres', 'jhoanna.torres@rosaprima.com', '', ' jhoana.torres.rproses', 1, '0982692257', '786.409.6329', 'raisa.romero ', 'RP', 7109),
(11, 'DISTRIBUIDORA VARGAS', '130855008 ', 32, 15, 'AV. PRESIDENTE EDUARDO FREI MONTALVA           ', 'Marcelo Vargas', '', 'mvargas@florideas.cl', 'María Antonieta Noboa', 'distribuidoravargas@florideas.cl', '', 'mantonoboa', 4, '099 328 7231', '56 9 7335 2122', '', 'DV', 8251),
(12, 'AMBASSADOR FLOWERS ECUADOR            ', '', 33, 15, 'Yamacona N72-64 y Juan Procel, Oficina 218     ', 'Borhane', '', 'ambassador.flowers.ecuador@gmail.com', 'Borhane', 'ambassador.flowers.ecuador@gmail.com', '', '', 6, '996 764 5688', '996 764 5688', '', 'AM', 7509),
(13, 'BAKU FLOWERS S.A.      ', '5003103483  ', 34, 15, 'Av. Shyris N35-174 y Suecia Edificio Renazzo Plaza, piso 9 ', '', '', '', '', 'facturacion@bakuflowers.com', '', '', 2, '', '', '', 'BA', 0),
(14, 'FIOREFARMS       ', '261203414  ', 35, 15, '7270 NW 12 st ste 330        ', 'Arvey Moreno', '', 'operaciones1@fiore-farms.com', 'Adriana Hernandez', 'adrianah@fiore-farms.com', '', '', 1, '', '', '', 'FF', 10633),
(15, 'ALLURE FARMS  INC', '12345', 36, 15, '8175 NW 31 ST MIAMI, FL 33122    ', 'Celsa Rivera', '305 883 7781', 'Crivera@allurefarms.com', 'Gabriela ', 'gabriela@allurefarms.com', '', '', 1, '', '305-883-7781 Ext 112', 'celsa813@hotmail.com', 'AL', 7168),
(16, 'MEYERCOM L.P. ', '74952150081 ', 37, 15, 'ST. COLMAN´S PARK 6 NL350', 'NN', '', 'a.glebov@biflorica.com', 'NN', 'a.glebov@biflorica.com', '', 'NN', 2, 'NN', 'NN', 'NN', 'BI', 8868),
(17, 'PLANTAS Y FLORES ORNAMENTALES CABH S.A.', '', 38, 15, 'Oficentro Terra Campus, contiguo a Terra Mall, Edificio 1 Piso 3', 'Daniela Arteaga', '877-393-4133', 'darteaga@pfflowers.com', 'Maday Valverde', 'mvalverde@pfflowers.com', '', 'pyf_mvalverde', 1, '', '', '', 'PO', 7039),
(18, 'AMANKAY ROSA CIA', '1793042139001', 39, 19, 'FCO PIZARRO Y SANTA MARIA EDIF SALGADO        ', '', '259123', '', '', '', '', '', 10, '', '', '', 'AR', 7003),
(19, 'ESTRELLA GUTIERREZ', 'NONE', 42, 17, '4C Embassy Garden Homes Tomas Benitez St. West Triangle, Quezon City', '', '639172863330', '', 'ESTRELLA GUTIERREZ', '', '', '', 8, '', '', '', 'EG', 7029),
(20, 'HESFLOR DIRA', '', 43, 19, 'WESTERWEG 70 1906 EH LIMMEN HOLLAND', '', '', '', '', '', '', '', 11, '', '', '', 'HE', 7001);

-- --------------------------------------------------------

--
-- Estructura de tabla para la tabla `company`
--

CREATE TABLE `company` (
  `company_id` int(11) NOT NULL,
  `name_commercial` varchar(1024) NOT NULL,
  `address` varchar(1024) NOT NULL,
  `city_country` varchar(512) NOT NULL,
  `phone` varchar(128) NOT NULL,
  `us_phone` varchar(128) NOT NULL,
  `mobile` varchar(128) NOT NULL,
  `logo` varchar(1024) NOT NULL,
  `email_contact` varchar(256) NOT NULL,
  `video` varchar(512) NOT NULL,
  `facebook` varchar(128) NOT NULL,
  `instagram` varchar(128) NOT NULL,
  `youtube` varchar(128) NOT NULL,
  `vision` text NOT NULL,
  `mision` text NOT NULL,
  `sobre_nosotros` text NOT NULL,
  `secuencial_po` int(11) NOT NULL,
  `secuencial_carguera` int(11) NOT NULL
) ENGINE=InnoDB DEFAULT CHARSET=utf8;

--
-- Volcado de datos para la tabla `company`
--

INSERT INTO `company` (`company_id`, `name_commercial`, `address`, `city_country`, `phone`, `us_phone`, `mobile`, `logo`, `email_contact`, `video`, `facebook`, `instagram`, `youtube`, `vision`, `mision`, `sobre_nosotros`, `secuencial_po`, `secuencial_carguera`) VALUES
(1, 'Dimentions Flowers LLC', '1820 N Corporate Lakes Blvd Ste 109 Weston Florida 33326', 'ECUADOR / USA', '593 2 3324686', '305 280 9543', '305 2905833', '', 'sales@dimentionflowers.com', 'www.dimentionflowers.com', '', '', '', '<p>gdgg</p>', '<p>sfdf22</p>', '<p>sfz</p>', 68, 3514);

-- --------------------------------------------------------

--
-- Estructura de tabla para la tabla `country`
--

CREATE TABLE `country` (
  `country_id` int(11) NOT NULL,
  `name` varchar(128) NOT NULL
) ENGINE=InnoDB DEFAULT CHARSET=utf8;

--
-- Volcado de datos para la tabla `country`
--

INSERT INTO `country` (`country_id`, `name`) VALUES
(1, 'ESTADOS UNIDOS'),
(2, 'RUSIA'),
(3, 'CHINA'),
(4, 'CHILE'),
(5, 'KUWAIT'),
(6, 'QATAR'),
(7, 'BAREIN'),
(8, 'FILIPINAS'),
(9, 'IRLANDA'),
(10, 'ECUADOR '),
(11, 'HOLLAND'),
(12, 'HOLLAND');

-- --------------------------------------------------------

--
-- Estructura de tabla para la tabla `destination`
--

CREATE TABLE `destination` (
  `destination_id` int(11) NOT NULL,
  `name` varchar(45) NOT NULL,
  `country_id` int(11) NOT NULL
) ENGINE=InnoDB DEFAULT CHARSET=utf8;

--
-- Volcado de datos para la tabla `destination`
--

INSERT INTO `destination` (`destination_id`, `name`, `country_id`) VALUES
(1, 'MIAMI', 1),
(2, 'CHICAGO', 1),
(3, 'TEXAS', 1),
(4, 'CALIFORNIA', 1),
(5, 'ATLANTA', 1),
(6, 'NEW JERSEY', 1),
(7, 'KUWAIT', 5),
(8, 'QATAR', 6),
(9, 'MOSCÚ', 2),
(10, 'SANTIAGO DE CHILE', 4),
(11, 'DUBLIN', 9),
(12, 'MANILA', 8),
(13, 'WESTERWEG', 11);

-- --------------------------------------------------------

--
-- Estructura de tabla para la tabla `dialing`
--

CREATE TABLE `dialing` (
  `dialing_id` int(11) NOT NULL,
  `name` varchar(128) NOT NULL,
  `destination_id` int(11) NOT NULL,
  `cliente_id` int(11) NOT NULL
) ENGINE=InnoDB DEFAULT CHARSET=utf8;

--
-- Volcado de datos para la tabla `dialing`
--

INSERT INTO `dialing` (`dialing_id`, `name`, `destination_id`, `cliente_id`) VALUES
(1, 'MARCACION DE PRUEBA', 1, 4);

-- --------------------------------------------------------

--
-- Estructura de tabla para la tabla `element`
--

CREATE TABLE `element` (
  `element_id` int(11) NOT NULL,
  `product_id` int(11) NOT NULL,
  `measure_id` int(11) NOT NULL,
  `nro_bunches` int(11) NOT NULL,
  `price_cliente` float NOT NULL,
  `price_finca` float NOT NULL,
  `box_element_id` int(11) NOT NULL
) ENGINE=InnoDB DEFAULT CHARSET=utf8mb4 COLLATE=utf8mb4_spanish_ci;

--
-- Volcado de datos para la tabla `element`
--

INSERT INTO `element` (`element_id`, `product_id`, `measure_id`, `nro_bunches`, `price_cliente`, `price_finca`, `box_element_id`) VALUES
(9, 331, 1, 6, 0.22, 0.24, 1),
(10, 339, 5, 5, 0.38, 0.46, 2),
(11, 336, 5, 5, 0.38, 0.46, 2),
(12, 342, 5, 5, 0.38, 0.46, 2),
(13, 76, 1, 6, 0.24, 0.18, 3),
(14, 63, 1, 12, 0.24, 0.2, 4),
(15, 94, 1, 6, 0.24, 0.2, 5),
(16, 144, 1, 6, 0.24, 0.2, 5),
(17, 76, 1, 6, 0.24, 0.2, 6),
(18, 9, 1, 6, 0.24, 0.2, 6),
(19, 271, 1, 12, 0.24, 0.2, 7),
(20, 23, 1, 6, 0.24, 0.2, 7),
(21, 72, 1, 12, 0.24, 0.2, 8),
(22, 40, 1, 12, 0.24, 0.2, 9),
(23, 94, 1, 12, 0.24, 0.2, 9),
(24, 48, 1, 6, 0.24, 0.2, 10),
(25, 118, 1, 6, 0.24, 0.2, 10),
(26, 113, 1, 12, 0.24, 0.2, 11),
(27, 93, 1, 6, 0.24, 0.2, 11),
(28, 350, 1, 24, 0.26, 0.9333, 12),
(29, 150, 1, 6, 0.26, 0.9333, 12),
(30, 63, 1, 6, 0.26, 0.9333, 12),
(31, 20, 1, 8, 0.26, 0.2, 13),
(32, 350, 1, 8, 0.26, 0.2, 13),
(33, 150, 1, 4, 0.26, 0.2, 13),
(34, 63, 1, 4, 0.26, 0.2, 13),
(35, 172, 1, 225, 0.24, 0.18, 14),
(36, 177, 1, 6, 0.24, 0.18, 14),
(37, 76, 1, 30, 0.25, 0.18, 15),
(38, 75, 1, 24, 0.25, 0.18, 15),
(39, 106, 1, 30, 0.24, 0.18, 16),
(40, 333, 1, 6, 0.24, 0.18, 16),
(41, 28, 1, 24, 0.24, 0.18, 16),
(42, 34, 2, 17, 0.22, 0.2, 17),
(43, 172, 5, 1, 0.24, 0.25, 17),
(44, 120, 2, 3, 0.22, 0.2, 18),
(45, 48, 2, 2, 0.22, 0.2, 18),
(46, 395, 2, 3, 0.22, 0.2, 18),
(47, 331, 2, 9, 0.22, 0.2, 18),
(48, 172, 3, 1, 0.24, 0.27, 18),
(49, 299, 2, 9, 0.22, 0.2, 19),
(50, 98, 19, 9, 0.222222, 20, 19),
(51, 172, 3, 1, 0.24, 0.27, 19),
(52, 113, 2, 9, 0.23, 0.2, 20),
(53, 47, 2, 6, 0.23, 0.2, 20),
(54, 14, 1, 3, 0.23, 0.2, 20),
(55, 14, 2, 18, 0.23, 0.2, 21),
(56, 35, 2, 1, 0.23, 0.2, 21),
(57, 333, 2, 9, 0.23, 0.2, 22),
(58, 106, 1, 6, 0.24, 0.19, 23),
(59, 3, 1, 6, 0.24, 0.23, 23),
(60, 106, 1, 7, 0.24, 0.22, 24),
(61, 106, 2, 3, 0.22, 0.17, 24),
(62, 172, 4, 3, 0.24, 0.23, 24),
(63, 172, 5, 3, 0.24, 0.25, 24),
(64, 14, 2, 8, 0.24, 0.21, 25),
(65, 122, 4, 3, 0.28, 0.26, 25),
(66, 120, 2, 3, 0.22, 0.2, 26),
(67, 48, 2, 2, 0.22, 0.2, 26),
(68, 395, 2, 3, 0.22, 0.2, 26),
(69, 331, 2, 9, 0.1427, 0.132941, 26),
(70, 331, 2, 9, 0.074, 0.067, 26),
(71, 299, 2, 9, 0.22, 0.2, 27),
(72, 98, 2, 7, 0.22, 0.2, 27),
(73, 98, 1, 2, 0.24, 0.2, 27),
(74, 113, 2, 9, 0.23, 0.2, 29),
(75, 47, 2, 9, 0.23, 0.2, 29),
(76, 333, 2, 9, 0.23, 0.2, 29),
(77, 331, 2, 9, 0.23, 0.2, 29),
(78, 14, 2, 18, 0.23, 0.2, 29),
(79, 35, 2, 2, 0.23, 0.2, 29),
(80, 177, 1, 9, 0.24, 0.18, 30),
(81, 172, 1, 9, 0.24, 0.18, 30),
(82, 48, 2, 2, 0.22, 0.2, 31),
(83, 331, 2, 9, 0.22, 0.2, 31),
(84, 299, 2, 5, 0.22, 0.18, 32),
(85, 98, 2, 2, 0.22, 0.18, 32),
(86, 299, 1, 4, 0.24, 0.2, 32),
(87, 98, 1, 7, 0.24, 0.2, 32),
(88, 113, 19, 9, 0.23, 0.2, 33),
(89, 47, 19, 9, 0.23, 0.2, 33),
(90, 333, 2, 9, 0.23, 0.2, 34),
(91, 331, 2, 9, 0.23, 0.2, 34),
(92, 120, 2, 3, 0.22, 0.2, 35),
(93, 48, 2, 2, 0.22, 0.2, 35),
(94, 395, 2, 3, 0.22, 0.2, 35),
(95, 331, 2, 9, 0.22, 0.2, 35),
(96, 299, 2, 9, 0.22, 0.2, 36),
(97, 98, 2, 9, 0.22, 0.2, 36),
(98, 113, 2, 9, 0.23, 0.2, 37),
(99, 47, 2, 9, 0.23, 0.2, 37),
(100, 333, 2, 9, 0.23, 0.2, 37),
(101, 331, 2, 9, 0.23, 0.2, 37),
(102, 14, 2, 18, 0.23, 0.2, 37),
(103, 35, 2, 2, 0.23, 0.2, 37),
(104, 172, 1, 9, 0.24, 0.18, 38),
(105, 177, 1, 5, 0.24, 0.18, 38),
(106, 177, 2, 4, 0.22, 0.16, 38),
(107, 23, 1, 6, 0.24, 0.2, 39),
(108, 161, 1, 6, 0.24, 0.2, 39),
(109, 23, 1, 6, 0.24, 0.2, 39),
(110, 106, 1, 24, 0.24, 0.18, 40),
(111, 333, 1, 12, 0.24, 0.18, 40),
(112, 28, 1, 12, 0.24, 0.18, 40),
(113, 271, 1, 12, 0.24, 0.2, 41),
(114, 161, 1, 6, 0.24, 0.2, 41),
(115, 40, 1, 18, 0.24, 0.2, 42),
(116, 94, 1, 6, 0.24, 0.2, 42),
(117, 9, 1, 30, 0.24, 0.2, 43),
(118, 76, 1, 6, 0.24, 0.2, 43),
(119, 76, 1, 30, 0.24, 0.18, 44),
(120, 75, 1, 24, 0.24, 0.18, 44),
(121, 106, 1, 24, 0.24, 0.18, 45),
(122, 333, 1, 12, 0.24, 0.18, 45),
(123, 28, 1, 24, 0.24, 0.18, 45),
(124, 113, 2, 9, 0.23, 0.2, 46),
(125, 47, 2, 9, 0.23, 0.2, 46),
(126, 333, 2, 9, 0.23, 0.2, 47),
(127, 331, 2, 9, 0.23, 0.2, 47),
(128, 14, 2, 18, 0.23, 0.2, 48),
(129, 35, 2, 2, 0.23, 0.2, 48),
(130, 23, 1, 18, 0.24, 0.18, 49),
(131, 177, 1, 7, 0.24, 0.18, 50),
(132, 177, 2, 2, 0.22, 0.17, 50),
(133, 172, 4, 7, 0.24, 0.2, 50),
(134, 172, 1, 2, 0.24, 0.18, 50),
(135, 120, 2, 3, 0.22, 0.2, 51),
(136, 48, 2, 2, 0.22, 0.2, 51),
(137, 395, 2, 3, 0.22, 0.2, 51),
(138, 331, 2, 9, 0.22, 0.2, 51),
(139, 299, 2, 9, 0.22, 0.2, 52),
(140, 98, 2, 7, 0.22, 0.2, 52),
(141, 98, 1, 2, 0.24, 0.2, 52),
(142, 122, 4, 3, 0.28, 0.26, 53),
(143, 14, 2, 8, 0.24, 0.21, 53),
(144, 59, 4, 6, 0.26, 0.2, 54),
(145, 9, 1, 6, 0.24, 0.18, 55),
(146, 76, 1, 18, 0.24, 0.18, 55),
(147, 72, 1, 6, 0.24, 0.18, 55),
(148, 9, 1, 12, 0.24, 0.18, 56),
(149, 76, 1, 6, 0.24, 0.18, 56),
(150, 93, 1, 6, 0.24, 0.2, 57),
(151, 122, 1, 12, 0.24, 0.2, 57),
(152, 23, 1, 6, 0.24, 0.2, 58),
(153, 271, 1, 6, 0.24, 0.2, 58),
(154, 23, 1, 6, 0.24, 0.2, 58),
(155, 76, 1, 12, 0.24, 0.2, 59),
(156, 409, 1, 18, 0.24, 0.2, 60),
(157, 113, 2, 9, 0.23, 0.2, 61),
(158, 47, 2, 9, 0.23, 0.2, 61),
(159, 333, 2, 9, 0.23, 0.2, 62),
(160, 331, 2, 9, 0.23, 0.2, 62),
(161, 35, 2, 2, 0.23, 0.2, 62),
(162, 299, 2, 9, 0.22, 0.2, 63),
(163, 98, 2, 6, 0.22, 0.2, 63),
(164, 98, 1, 3, 0.24, 0.2, 63),
(165, 120, 8, 3, 0.22, 0.2, 64),
(166, 48, 2, 2, 0.22, 0.2, 64),
(167, 395, 2, 3, 0.2, 0.2, 64),
(168, 331, 2, 9, 0.22, 0.2, 64),
(169, 122, 5, 2, 0.28, 0.28, 65),
(170, 122, 4, 1, 0.28, 0.26, 65),
(171, 14, 2, 8, 0.24, 0.21, 65),
(172, 172, 4, 4, 0.24, 0.2, 66),
(173, 172, 1, 5, 0.24, 0.18, 66),
(174, 177, 1, 6, 0.24, 0.18, 66),
(175, 177, 2, 3, 0.22, 0.17, 66),
(176, 128, 1, 6, 0.24, 0.2, 67),
(177, 47, 1, 12, 0.24, 0.2, 67),
(178, 120, 1, 8, 0.24, 0.2, 67),
(179, 6, 1, 12, 0.24, 0.2, 68),
(180, 122, 1, 6, 0.24, 0.2, 69),
(181, 93, 1, 12, 0.24, 0.2, 70),
(182, 9, 1, 36, 0.33, 0.26, 71),
(183, 76, 1, 30, 0.33, 0.26, 73),
(184, 70, 1, 36, 0.33, 0.26, 74),
(185, 93, 1, 30, 0.33, 0.26, 75),
(186, 409, 1, 18, 0.33, 0.25, 76),
(187, 9, 1, 6, 0.33, 0.25, 77),
(188, 75, 1, 6, 0.33, 0.25, 78),
(189, 9, 1, 36, 0.33, 0.26, 80),
(190, 76, 1, 30, 0.33, 0.26, 81),
(191, 70, 1, 30, 0.33, 0.26, 82),
(192, 93, 1, 36, 0.33, 0.26, 83),
(193, 8, 1, 6, 0.45, 0.35, 84),
(194, 23, 1, 18, 0.45, 0.36, 85),
(195, 26, 1, 6, 0.45, 0.35, 86),
(196, 26, 1, 6, 0.45, 0.35, 87),
(197, 8, 1, 12, 0.45, 0.35, 88),
(198, 40, 1, 6, 0.45, 0.35, 89),
(199, 94, 1, 18, 0.45, 0.35, 90),
(200, 331, 2, 9, 0.23, 0.2, 22),
(201, 3, 2, 2, 0.23, 0.2, 20),
(202, 35, 2, 1, 0.01, 0.01, 21),
(203, 8, 1, 6, 0.45, 0.35, 91),
(204, 23, 1, 18, 0.45, 0.36, 92),
(205, 40, 1, 12, 0.45, 0.35, 93),
(206, 8, 1, 6, 0.45, 0.35, 94),
(207, 26, 1, 6, 0.45, 0.35, 95),
(208, 8, 1, 12, 0.45, 0.35, 96),
(209, 94, 1, 6, 0.45, 0.35, 97),
(210, 278, 1, 18, 0.33, 0.25, 98),
(211, 9, 1, 12, 0.33, 0.25, 99),
(212, 75, 1, 6, 0.33, 0.25, 100),
(213, 409, 1, 6, 0.33, 0.25, 101),
(214, 76, 1, 6, 0.33, 0.25, 102),
(215, 9, 1, 30, 0.33, 0.26, 103),
(216, 76, 1, 18, 0.33, 0.26, 104),
(217, 70, 1, 42, 0.33, 0.26, 105),
(218, 93, 1, 24, 0.33, 0.26, 106),
(219, 90, 1, 6, 0.45, 0.35, 107),
(220, 277, 1, 6, 0.33, 0.25, 108),
(221, 409, 1, 6, 0.33, 0.25, 109),
(222, 34, 1, 6, 0.45, 0.35, 110),
(223, 14, 1, 6, 0.4, 0.35, 111),
(224, 41, 1, 6, 0.45, 0.35, 112),
(225, 14, 1, 6, 0.4, 0.35, 113),
(226, 19, 1, 6, 0.45, 0.35, 114),
(227, 23, 1, 6, 0.45, 0.35, 115),
(228, 18, 1, 6, 0.45, 0.36, 116),
(229, 8, 1, 18, 0.45, 0.36, 117),
(230, 30, 1, 6, 0.45, 0.35, 118),
(231, 23, 1, 30, 0.45, 0.36, 119),
(232, 118, 1, 6, 0.24, 0.2, 120),
(233, 48, 1, 6, 0.24, 0.2, 121),
(234, 76, 1, 24, 0.3, 0.25, 122),
(235, 13, 1, 30, 0.325, 0.25, 123),
(236, 13, 1, 12, 0.325, 0.26, 124),
(237, 370, 1, 12, 0.3, 0.28, 125),
(238, 333, 1, 6, 0.325, 0.24, 126),
(239, 76, 1, 42, 0.3, 0.25, 127),
(240, 13, 1, 6, 0.325, 0.26, 128),
(241, 9, 1, 12, 0.3, 0.26, 129),
(242, 123, 1, 6, 0.3, 0.25, 130),
(243, 76, 1, 18, 0.3, 0.25, 131),
(244, 13, 1, 12, 0.325, 0.26, 132),
(245, 121, 1, 6, 0.3, 0.25, 133),
(246, 13, 1, 6, 0.325, 0.25, 134),
(247, 106, 1, 6, 0.325, 0.25, 135),
(248, 333, 1, 18, 0.325, 0.25, 136),
(249, 76, 1, 18, 0.3, 0.25, 137),
(250, 13, 1, 6, 0.325, 0.25, 138),
(251, 320, 1, 6, 0.325, 0.25, 139),
(252, 13, 1, 6, 0.325, 0.24, 140),
(253, 76, 1, 12, 0.24, 0.2, 141),
(254, 23, 1, 12, 0.24, 0.2, 142),
(255, 23, 1, 18, 0.24, 0.2, 143),
(256, 40, 1, 12, 0.24, 0.2, 144),
(257, 8, 1, 12, 0.24, 0.2, 145),
(258, 72, 1, 12, 0.24, 0.2, 146),
(259, 122, 1, 6, 0.24, 0.2, 147),
(260, 93, 1, 12, 0.24, 0.2, 148),
(261, 23, 1, 6, 0.24, 0.2, 149),
(262, 161, 1, 6, 0.45, 0.35, 150),
(263, 40, 1, 6, 0.45, 0.35, 151),
(264, 23, 1, 6, 0.45, 0.35, 152),
(265, 23, 1, 12, 0.45, 0.35, 153),
(266, 28, 1, 6, 0.325, 0.25, 154),
(267, 13, 1, 6, 0.325, 0.24, 155),
(268, 33, 1, 12, 0.325, 0.25, 156),
(269, 106, 1, 6, 0.325, 0.25, 157),
(270, 13, 1, 6, 0.325, 0.25, 158),
(271, 9, 1, 6, 0.33, 0.25, 159),
(272, 277, 1, 6, 0.33, 0.25, 160),
(273, 135, 1, 6, 0.33, 0.25, 161),
(274, 92, 1, 6, 0.33, 0.25, 162),
(275, 409, 1, 6, 0.33, 0.25, 163),
(276, 76, 1, 6, 0.33, 0.2, 164),
(277, 9, 1, 6, 0.33, 0.26, 165),
(278, 76, 1, 6, 0.33, 0.26, 166),
(279, 93, 1, 6, 0.33, 0.26, 167),
(280, 70, 1, 6, 0.33, 0.26, 168),
(281, 9, 1, 6, 0.24, 0.2, 169),
(282, 186, 1, 6, 0.325, 0.25, 170),
(283, 272, 1, 6, 0.325, 0.25, 171),
(284, 13, 1, 6, 0.325, 0.25, 172),
(285, 76, 1, 6, 0.3, 0.25, 173),
(286, 9, 1, 6, 0.3, 0.25, 174),
(287, 370, 1, 6, 0.3, 0.26, 175),
(288, 13, 1, 6, 0.325, 0.26, 176),
(289, 13, 1, 6, 0.325, 0.26, 177),
(290, 9, 1, 6, 0.3, 0.26, 178),
(291, 123, 1, 6, 0.3, 0.25, 179),
(292, 76, 1, 6, 0.3, 0.25, 180),
(293, 70, 1, 6, 0.3, 0.25, 181),
(294, 106, 14, 6, 0.325, 0.25, 182),
(295, 272, 1, 6, 0.325, 0.25, 184),
(296, 273, 1, 6, 0.325, 0.25, 185),
(297, 13, 1, 6, 0.325, 0.25, 186),
(298, 171, 1, 6, 0.3, 0.25, 187),
(299, 13, 1, 6, 0.325, 0.26, 188),
(300, 121, 1, 6, 0.3, 0.24, 189),
(301, 106, 1, 6, 0.325, 0.25, 190),
(302, 13, 1, 6, 0.325, 0.25, 191),
(303, 333, 1, 6, 0.325, 0.25, 192),
(304, 13, 1, 6, 0.325, 0.25, 193),
(305, 121, 1, 6, 0.3, 0.25, 194),
(306, 104, 1, 6, 0.325, 0.26, 195),
(307, 23, 1, 6, 0.45, 0.36, 196),
(308, 26, 1, 6, 0.45, 0.35, 197),
(309, 8, 1, 6, 0.45, 0.35, 198),
(310, 40, 1, 6, 0.45, 0.35, 199),
(311, 8, 1, 6, 0.45, 0.35, 200),
(312, 94, 1, 6, 0.45, 0.35, 201),
(313, 27, 1, 6, 0.45, 0.35, 202),
(314, 76, 1, 4, 0.24, 0.2, 203),
(315, 76, 1, 6, 0.24, 0.18, 204),
(316, 75, 1, 6, 0.24, 0.18, 205),
(317, 28, 1, 6, 0.24, 0.18, 206),
(318, 106, 1, 6, 0.24, 0.18, 207),
(319, 333, 1, 6, 0.24, 0.18, 208),
(320, 9, 1, 6, 0.24, 0.18, 209),
(321, 75, 1, 6, 0.3, 0.18, 210),
(322, 76, 1, 6, 0.3, 0.18, 211),
(323, 113, 2, 9, 0.23, 0.2, 212),
(324, 47, 2, 9, 0.23, 0.2, 212),
(325, 333, 2, 9, 0.23, 0.2, 213),
(326, 331, 2, 9, 0.23, 0.2, 213),
(327, 35, 2, 2, 0.23, 0.2, 213),
(328, 122, 4, 2, 0.28, 0.26, 214),
(329, 122, 5, 1, 0.28, 0.28, 214),
(330, 14, 2, 8, 0.24, 0.21, 214),
(331, 172, 4, 4, 0.24, 0.2, 215),
(332, 172, 1, 5, 0.24, 0.18, 215),
(333, 177, 1, 6, 0.24, 0.18, 215),
(334, 177, 2, 3, 0.22, 0.17, 215),
(337, 23, 1, 6, 0.45, 0.36, 217),
(338, 26, 1, 6, 0.45, 0.35, 218),
(339, 8, 1, 6, 0.45, 0.35, 219),
(340, 40, 1, 6, 0.45, 0.35, 220),
(341, 94, 1, 6, 0.45, 0.35, 221),
(342, 271, 1, 6, 0.45, 0.35, 222),
(343, 409, 1, 6, 0.33, 0.25, 223),
(344, 171, 1, 6, 0.33, 0.25, 224),
(345, 135, 1, 6, 0.33, 0.25, 225),
(346, 277, 1, 6, 0.33, 0.25, 226),
(348, 9, 1, 6, 0.33, 0.26, 228),
(349, 76, 1, 6, 0.33, 0.26, 229),
(350, 93, 1, 6, 0.33, 0.26, 230),
(351, 70, 1, 6, 0.33, 0.26, 231),
(352, 9, 1, 6, 0.3, 0.25, 232),
(353, 76, 1, 6, 0.3, 0.25, 233),
(354, 13, 1, 6, 0.325, 0.25, 234),
(355, 186, 1, 6, 0.325, 0.25, 235),
(356, 272, 1, 6, 0.325, 0.25, 236),
(357, 333, 1, 6, 0.325, 0.25, 237),
(358, 106, 1, 6, 0.325, 0.26, 238),
(359, 370, 1, 6, 0.3, 0.26, 239),
(360, 75, 1, 6, 0.3, 0.25, 240),
(361, 76, 1, 6, 0.3, 0.25, 241),
(362, 13, 1, 6, 0.325, 0.26, 242),
(363, 9, 1, 6, 0.3, 0.26, 243),
(364, 123, 1, 6, 0.3, 0.25, 244),
(365, 124, 1, 6, 0.3, 0.25, 245),
(366, 171, 1, 6, 0.3, 0.25, 246),
(367, 33, 1, 6, 0.325, 0.25, 247),
(368, 13, 1, 6, 0.325, 0.25, 248),
(369, 273, 1, 6, 0.325, 0.25, 249),
(370, 121, 1, 6, 0.3, 0.24, 250),
(371, 9, 1, 6, 0.3, 0.26, 251),
(372, 76, 1, 6, 0.3, 0.26, 252),
(373, 106, 1, 6, 0.325, 0.25, 253),
(374, 333, 1, 6, 0.325, 0.25, 254),
(375, 13, 1, 6, 0.325, 0.25, 255),
(376, 13, 1, 6, 0.325, 0.25, 256),
(377, 13, 1, 6, 0.325, 0.24, 257),
(378, 104, 1, 6, 0.325, 0.26, 258),
(379, 13, 1, 6, 0.325, 0.26, 259),
(380, 9, 1, 6, 0.3, 0.25, 260),
(381, 76, 1, 6, 0.3, 0.25, 261),
(382, 272, 1, 6, 0.325, 0.25, 262),
(383, 13, 1, 6, 0.325, 0.25, 263),
(384, 186, 1, 6, 0.325, 0.25, 264),
(385, 333, 1, 6, 0.325, 0.25, 265),
(386, 13, 1, 6, 0.325, 0.26, 266),
(387, 75, 1, 6, 0.3, 0.25, 267),
(388, 76, 1, 6, 0.3, 0.25, 268),
(389, 9, 1, 6, 0.3, 0.26, 269),
(390, 13, 1, 6, 0.325, 0.26, 270),
(391, 76, 1, 6, 0.3, 0.25, 271),
(392, 123, 1, 6, 0.3, 0.25, 272),
(393, 33, 1, 6, 0.325, 0.25, 273),
(394, 13, 1, 6, 0.325, 0.25, 274),
(395, 13, 1, 6, 0.325, 0.26, 275),
(396, 91, 1, 6, 0.3, 0.2, 276),
(397, 76, 1, 6, 0.3, 0.26, 277),
(398, 106, 1, 6, 0.325, 0.25, 278),
(399, 333, 1, 6, 0.325, 0.25, 279),
(400, 13, 1, 6, 0.325, 0.25, 280),
(401, 13, 1, 6, 0.325, 0.25, 281),
(402, 13, 1, 6, 0.325, 0.24, 282),
(403, 104, 1, 6, 0.325, 0.26, 283),
(404, 122, 1, 6, 0.33, 0.26, 284),
(405, 93, 1, 6, 0.33, 0.26, 285),
(406, 9, 1, 6, 0.33, 0.26, 286),
(407, 76, 1, 6, 0.33, 0.26, 287),
(408, 9, 1, 6, 0.24, 0.2, 288),
(409, 76, 1, 6, 0.24, 0.2, 289),
(410, 23, 1, 6, 0.24, 0.2, 290),
(411, 40, 1, 6, 0.24, 0.2, 291),
(412, 8, 1, 6, 0.24, 0.2, 292),
(413, 118, 1, 6, 0.24, 0.2, 293),
(416, 48, 1, 6, 0.24, 0.2, 295),
(417, 72, 1, 6, 0.24, 0.2, 296),
(418, 409, 1, 6, 0.24, 0.2, 297),
(419, 135, 1, 6, 0.24, 0.2, 298),
(420, 23, 1, 6, 0.24, 0.2, 299),
(421, 40, 1, 6, 0.24, 0.2, 300),
(422, 93, 1, 6, 0.24, 0.2, 301),
(423, 122, 1, 6, 0.24, 0.2, 302),
(424, 23, 1, 6, 0.24, 0.2, 303),
(425, 393, 1, 6, 0.24, 0.2, 304),
(426, 19, 1, 6, 0.45, 0.35, 305),
(427, 8, 1, 6, 0.45, 0.35, 306),
(428, 34, 1, 6, 0.45, 0.35, 307),
(429, 23, 1, 6, 0.45, 0.35, 308),
(430, 19, 1, 6, 0.45, 0.35, 309),
(431, 11, 1, 6, 0.45, 0.35, 310),
(432, 53, 1, 6, 0.45, 0.35, 311),
(433, 8, 1, 6, 0.45, 0.36, 312),
(434, 18, 1, 6, 0.45, 0.36, 313),
(435, 19, 1, 6, 0.45, 0.36, 314),
(436, 23, 1, 6, 0.45, 0.25, 315),
(437, 40, 1, 6, 0.45, 0.35, 316),
(438, 271, 1, 6, 0.45, 0.35, 317),
(439, 48, 1, 6, 0.4, 0.35, 318),
(440, 54, 1, 6, 0.45, 0.35, 319),
(441, 59, 1, 6, 0.45, 0.35, 320),
(442, 23, 1, 6, 0.45, 0.36, 321),
(443, 59, 1, 6, 0.45, 0.35, 322),
(444, 122, 1, 6, 0.33, 0.26, 323),
(445, 23, 1, 6, 0.45, 0.35, 324),
(446, 8, 1, 6, 0.45, 0.35, 325),
(447, 76, 1, 6, 0.33, 0.26, 326),
(448, 9, 1, 6, 0.3, 0.26, 327),
(449, 121, 1, 6, 0.3, 0.24, 328),
(450, 9, 1, 6, 0.3, 0.25, 329),
(451, 76, 1, 6, 0.3, 0.25, 330),
(452, 272, 1, 6, 0.325, 0.25, 331),
(453, 186, 1, 6, 0.325, 0.25, 332),
(454, 13, 1, 6, 0.325, 0.25, 333),
(455, 333, 1, 6, 0.325, 0.25, 334),
(456, 76, 1, 6, 0.3, 0.25, 335),
(457, 75, 1, 6, 0.3, 0.25, 336),
(458, 9, 1, 6, 0.3, 0.26, 337),
(459, 13, 1, 6, 0.325, 0.26, 338),
(460, 123, 1, 6, 0.3, 0.25, 339),
(461, 124, 1, 6, 0.3, 0.25, 340),
(462, 70, 1, 6, 0.3, 0.25, 341),
(463, 33, 1, 6, 0.325, 0.25, 342),
(464, 106, 1, 6, 0.325, 0.25, 343),
(465, 13, 1, 6, 0.325, 0.26, 344),
(466, 409, 1, 6, 0.3, 0.2, 345),
(467, 135, 1, 6, 0.3, 0.2, 346),
(468, 121, 1, 6, 0.3, 0.24, 347),
(469, 9, 1, 6, 0.3, 0.26, 348),
(470, 76, 1, 6, 0.3, 0.26, 349),
(471, 106, 1, 6, 0.325, 0.25, 350),
(472, 13, 1, 6, 0.325, 0.25, 351),
(473, 333, 1, 6, 0.325, 0.25, 352),
(474, 13, 1, 6, 0.325, 0.25, 353),
(475, 333, 1, 6, 0.325, 0.26, 354),
(476, 13, 1, 6, 0.325, 0.24, 355),
(477, 23, 1, 6, 0.24, 0.2, 356),
(478, 8, 1, 6, 0.45, 0.35, 357),
(479, 23, 1, 6, 0.45, 0.36, 358),
(480, 8, 1, 6, 0.45, 0.35, 359),
(481, 26, 1, 6, 0.45, 0.35, 360),
(482, 8, 1, 6, 0.45, 0.35, 361),
(483, 87, 1, 6, 0.45, 0.35, 362),
(484, 41, 1, 6, 0.45, 0.35, 363),
(485, 34, 1, 6, 0.45, 0.35, 364),
(486, 23, 1, 6, 0.45, 0.35, 365),
(487, 14, 1, 6, 0.4, 0.35, 366),
(488, 19, 1, 6, 0.45, 0.35, 367),
(489, 53, 1, 6, 0.45, 0.35, 368),
(490, 18, 1, 6, 0.45, 0.36, 369),
(491, 19, 1, 6, 0.45, 0.36, 370),
(492, 133, 1, 6, 0.45, 0.35, 371),
(493, 23, 1, 6, 0.45, 0.35, 372),
(494, 96, 1, 6, 0.45, 0.35, 373),
(495, 59, 1, 6, 0.45, 0.35, 374),
(496, 54, 1, 6, 0.45, 0.35, 375),
(497, 30, 1, 6, 0.45, 0.35, 376),
(498, 59, 1, 6, 0.45, 0.35, 377),
(499, 76, 1, 6, 0.33, 0.26, 378),
(500, 8, 1, 6, 0.45, 0.35, 379),
(501, 8, 1, 6, 0.45, 0, 380),
(502, 8, 1, 6, 0.45, 0.36, 381),
(503, 23, 1, 6, 0.45, 0.36, 382),
(504, 9, 1, 6, 0.33, 0.26, 383),
(505, 76, 1, 6, 0.33, 0.26, 384),
(506, 76, 1, 6, 0.33, 0.26, 385),
(507, 93, 1, 6, 0.33, 0.26, 386),
(508, 23, 1, 6, 0.45, 0.35, 387),
(509, 331, 1, 6, 0.3, 0.26, 388),
(510, 20, 1, 6, 0.3, 0.26, 389),
(511, 14, 1, 6, 0.4, 0.35, 390),
(512, 48, 1, 6, 0.4, 0.35, 391),
(513, 19, 1, 6, 0.45, 0.35, 392),
(514, 11, 1, 6, 0.45, 0.35, 393),
(515, 26, 1, 6, 0.45, 0.35, 394),
(516, 162, 1, 6, 0.45, 0.35, 395),
(517, 144, 1, 6, 0.45, 0.35, 396),
(518, 18, 1, 6, 0.45, 0.35, 397),
(519, 143, 1, 6, 0.45, 0.35, 398),
(520, 106, 1, 6, 0.33, 0.26, 399),
(521, 176, 1, 6, 0.3, 0.22, 400),
(522, 331, 1, 6, 0.3, 0.22, 401),
(523, 272, 14, 6, 0.33, 0.25, 402),
(524, 33, 1, 6, 0.33, 0.25, 403),
(525, 13, 1, 6, 0.33, 0.25, 404),
(526, 13, 1, 6, 0.33, 0.25, 405),
(527, 273, 1, 6, 0.33, 0.25, 406),
(528, 425, 1, 6, 0.3, 0.22, 407),
(529, 106, 1, 6, 0.33, 0.24, 408),
(530, 33, 1, 6, 0.33, 0.24, 409),
(531, 63, 1, 6, 0.3, 0.25, 410),
(532, 154, 1, 6, 0.3, 0.25, 411),
(533, 13, 1, 6, 0.33, 0.25, 413),
(534, 26, 1, 6, 0.45, 0.35, 414),
(535, 19, 1, 6, 0.45, 0.35, 415),
(536, 90, 1, 6, 0.45, 0.35, 416),
(537, 144, 1, 6, 0.45, 0.35, 417),
(538, 19, 1, 6, 0.45, 0.35, 418),
(539, 331, 1, 6, 0.3, 0.25, 419),
(540, 331, 1, 6, 0.3, 0.26, 420),
(541, 176, 1, 6, 0.3, 0.22, 421),
(542, 87, 1, 6, 0.45, 0.35, 422),
(543, 41, 1, 6, 0.45, 0.35, 423),
(544, 8, 1, 6, 0.45, 0.35, 424),
(545, 23, 1, 6, 0.45, 0.35, 425),
(546, 19, 1, 6, 0.45, 0.35, 426),
(547, 133, 1, 6, 0.45, 0.35, 427),
(548, 8, 1, 6, 0.45, 0.26, 428),
(549, 47, 14, 6, 0.4, 0.35, 429),
(550, 48, 1, 6, 0.4, 0.35, 430),
(551, 271, 1, 6, 0.45, 0.35, 431),
(552, 40, 1, 6, 0.45, 0.35, 432),
(553, 23, 1, 6, 0.45, 0.36, 433),
(554, 59, 1, 6, 0.45, 0.35, 434),
(555, 9, 1, 6, 0.33, 0.26, 435),
(556, 76, 1, 6, 0.33, 0.26, 436),
(557, 93, 1, 6, 0.33, 0.26, 437),
(558, 122, 1, 6, 0.33, 0.26, 438),
(559, 23, 1, 6, 0.45, 0.35, 439),
(560, 8, 1, 6, 0.45, 0.35, 440),
(561, 1011, 5, 15, 0.46, 0.38, 441),
(562, 1010, 5, 15, 0.46, 0.38, 441),
(563, 342, 5, 15, 0.46, 0.38, 441),
(564, 120, 2, 3, 0.16, 0.12, 442),
(565, 48, 2, 2, 0.16, 0.12, 442),
(566, 395, 2, 3, 0.16, 0.12, 442),
(567, 331, 2, 9, 0.16, 0.12, 442),
(568, 19, 1, 6, 0.45, 0.35, 444),
(569, 299, 2, 9, 0.16, 0.12, 445),
(570, 98, 2, 6, 0.16, 0.12, 445),
(571, 98, 1, 3, 0.18, 0.12, 445),
(572, 143, 1, 6, 0.45, 0.35, 446),
(573, 26, 1, 6, 0.45, 0.35, 447),
(574, 11, 1, 6, 0.45, 0.35, 448),
(575, 36, 1, 6, 0.45, 0.35, 449),
(576, 53, 1, 6, 0.45, 0.35, 450),
(577, 19, 1, 6, 0.45, 0.35, 451),
(578, 113, 2, 9, 0.23, 0.2, 452),
(579, 47, 2, 9, 0.23, 0.2, 452),
(580, 331, 1, 6, 0.3, 0.25, 453),
(581, 20, 1, 6, 0.3, 0.26, 454),
(582, 333, 2, 9, 0.23, 0.2, 455),
(583, 331, 2, 9, 0.23, 0.2, 455),
(584, 35, 2, 2, 0.23, 0.2, 455),
(585, 331, 1, 6, 0.3, 0.26, 456),
(586, 177, 2, 1, 0.22, 0.17, 457),
(587, 177, 1, 9, 0.24, 0.18, 457),
(588, 172, 5, 3, 0.24, 0.25, 457),
(589, 177, 4, 3, 0.24, 0.23, 457),
(590, 14, 2, 8, 0.24, 0.21, 458),
(591, 122, 4, 3, 0.28, 0.26, 458),
(592, 18, 1, 6, 0.45, 0.36, 459),
(593, 19, 1, 6, 0.45, 0.36, 460),
(594, 75, 1, 6, 0.24, 0.18, 461),
(595, 76, 1, 6, 0.24, 0.18, 462),
(596, 106, 1, 6, 0.24, 0.18, 463),
(597, 33, 1, 6, 0.24, 0.18, 464),
(598, 333, 1, 6, 0.24, 0.18, 465),
(599, 28, 1, 6, 0.24, 0.18, 466),
(600, 13, 1, 6, 0.24, 0.36, 467),
(601, 72, 1, 6, 0.24, 0.2, 468),
(602, 30, 1, 6, 0.45, 0.35, 469),
(603, 54, 1, 6, 0.45, 0.35, 470),
(604, 34, 1, 6, 0.45, 0.35, 471),
(605, 9, 1, 6, 0.33, 0.26, 472),
(606, 76, 1, 6, 0.33, 0.26, 472),
(614, 93, 1, 6, 0.33, 0.26, 476),
(615, 122, 1, 6, 0.33, 0.26, 476),
(616, 93, 1, 6, 0.33, 0.26, 476),
(617, 299, 2, 9, 0.22, 0.2, 477),
(618, 98, 2, 8, 0.22, 0.2, 477),
(619, 34, 2, 18, 0.22, 0.2, 478),
(620, 120, 2, 3, 0.22, 0.2, 479),
(621, 48, 2, 3, 0.22, 0.2, 479),
(622, 395, 2, 3, 0.22, 0.2, 479),
(623, 331, 2, 9, 0.22, 0.2, 479),
(624, 299, 2, 9, 0.22, 0.2, 480),
(625, 98, 2, 6, 0.22, 0.2, 480),
(626, 98, 1, 1, 0.24, 0.2, 480),
(627, 122, 4, 3, 0.28, 0.26, 481),
(628, 14, 2, 8, 0.24, 0.21, 481),
(629, 113, 2, 9, 0.23, 0.2, 482),
(630, 47, 2, 9, 0.23, 0.2, 482),
(631, 39, 2, 6, 0.23, 0.2, 483),
(632, 113, 2, 3, 0.23, 0.2, 483),
(633, 47, 2, 9, 0.23, 0.2, 483),
(634, 333, 2, 9, 0.23, 0.2, 484),
(635, 331, 2, 9, 0.23, 0.2, 484),
(636, 35, 2, 2, 0.23, 0.2, 484),
(638, 855, 20, 30, 8.5, 6.5, 486),
(639, 1041, 20, 30, 3, 3, 486),
(640, 876, 20, 5, 8.5, 6.5, 487),
(641, 863, 20, 5, 8.5, 6.5, 487),
(642, 861, 20, 2, 8.5, 6.5, 487),
(643, 862, 20, 5, 8.5, 6.5, 487),
(644, 842, 20, 5, 8.5, 6.5, 487),
(645, 855, 20, 3, 8.5, 6.5, 487),
(646, 1041, 20, 30, 3, 3, 487),
(647, 839, 20, 5, 8.5, 6.5, 487),
(648, 844, 20, 3, 8.5, 6.5, 488),
(649, 860, 20, 5, 8.5, 6.5, 488),
(650, 1041, 20, 8, 3, 3, 488),
(651, 106, 1, 6, 0.26, 0.2, 489),
(652, 106, 4, 4, 0.26, 0.24, 489),
(653, 76, 1, 5, 0.24, 0.2, 490),
(654, 76, 4, 6, 0.28, 0.24, 490),
(655, 76, 5, 1, 0.31, 0.27, 490),
(656, 76, 1, 5, 0.24, 0.2, 491),
(657, 76, 4, 5, 0.28, 0.24, 491),
(658, 76, 5, 2, 0.31, 0.27, 491),
(659, 409, 1, 5, 0.24, 0.2, 492),
(660, 409, 4, 5, 0.28, 0.24, 492);

-- --------------------------------------------------------

--
-- Estructura de tabla para la tabla `invoice`
--

CREATE TABLE `invoice` (
  `invoice_id` int(11) NOT NULL,
  `date` date NOT NULL,
  `nro_invoice` varchar(128) NOT NULL,
  `awb` varchar(128) NOT NULL,
  `price_transporte` float NOT NULL,
  `request_id` int(11) NOT NULL
) ENGINE=InnoDB DEFAULT CHARSET=utf8;

--
-- Volcado de datos para la tabla `invoice`
--

INSERT INTO `invoice` (`invoice_id`, `date`, `nro_invoice`, `awb`, `price_transporte`, `request_id`) VALUES
(9, '2020-01-07', 'UB-26060', '145-0741-8751', 0, 175),
(10, '2020-01-07', 'UB-26061', '145-0741-8751', 0, 177),
(11, '2020-01-15', '1', '145-0892-7796', 0, 194),
(12, '2020-01-16', '2459', '145-0741-8751', 0, 71),
(13, '2020-01-16', '26075', '145-0741-9031 ', 0, 268),
(14, '2020-01-16', '26076', '145-0741-9031 ', 0, 259),
(15, '2020-01-16', '26077', '145-0741-9031 ', 0, 263),
(16, '2020-01-16', '26078', '145-0741-9031 ', 0, 261),
(17, '2020-01-16', '10529', '729-62469094', 0, 382),
(18, '2020-01-16', '10522', '729-6246-8991', 0, 262),
(19, '2020-01-17', '26079', '145-07419042', 0, 329),
(20, '2020-01-17', '26080', '145-07419042', 0, 328),
(21, '2020-01-17', '7010', '369-77238851', 0, 472),
(22, '2020-01-17', '7011', '369-77238851', 0, 473),
(23, '2020-01-17', '7012', '369-77238851', 0, 474),
(24, '2020-01-17', '7013', '369-77238851', 0, 475),
(25, '2020-01-20', '7014', '369-77238884', 0, 491),
(26, '2020-01-20', '10530', '729-62469116', 0, 492),
(27, '2020-01-20', '26081', '145-07419090', 0, 467),
(28, '2020-01-20', '26082', '145-07419090', 0, 327),
(29, '2020-01-20', '26083', '145-07419090', 0, 292),
(30, '2020-01-20', '26084', '145-07419090', 0, 402),
(31, '2020-01-20', '26085', '369-77248710', 0, 293),
(32, '2020-01-20', '1', '369-77238884', 0, 493),
(33, '2020-01-20', '8248', 'MARITIMO', 0, 480),
(34, '2020-01-20', '7313', '369-7724-6201', 0, 410),
(35, '2020-01-20', '8857', '157-5951-0183', 0, 495),
(36, '2020-01-20', '7048', '172-35757761', 0, 483),
(37, '2020-01-20', '7049', '172-35757761', 0, 484),
(38, '2020-01-20', '7050', '172-35757761', 0, 485),
(39, '2020-01-20', '7051', '172-35757761', 0, 486),
(40, '2020-01-20', '7052', '172-35757761', 0, 487),
(41, '2020-01-20', '7053', '172-35757761', 0, 488),
(42, '2020-01-20', '7054', '172-35757761', 0, 489),
(43, '2020-01-20', '7055', '172-35757761', 0, 490),
(44, '2020-01-20', '7314', '369-7724-6201', 0, 418),
(45, '2020-01-21', '7314', '369-7724-6201', 0, 496),
(46, '2020-01-21', '7315', '369-7724-6201', 0, 497),
(47, '2020-01-21', '26086', '145-0741-9182', 0, 344),
(48, '2020-01-21', '26087', '145-0741-9171', 0, 310),
(49, '2020-01-21', '26088', '145-0741-9171', 0, 294),
(50, '2020-01-21', '26089', '145-0741-9171', 0, 439),
(51, '2020-01-21', '7165', '145-07419134', 0, 494),
(52, '2020-01-21', '21', '157-5830-7970', 0, 179),
(53, '2020-01-21', '22', '157-5830-7981', 0, 183),
(54, '2020-01-21', '23', '157-5830-7992', 0, 184),
(55, '2020-01-21', '24', '157-5830-8003', 0, 185),
(56, '2020-01-21', '25', '157-5830-8062', 0, 186),
(57, '2020-01-21', '26', '157-5830-8073', 0, 193),
(58, '2020-01-21', '27', '157-5830-8084', 0, 255),
(59, '2020-01-21', '8858', '074-34274446', 0, 516),
(60, '2020-01-21', '10531', '729-62469120', 0, 513),
(61, '2020-01-21', '7316', '145-07432983', 0, 498),
(62, '2020-01-21', '7317', '145-07432983', 0, 509),
(63, '2020-01-21', '7056', '406-05226550', 0, 510),
(64, '2020-01-22', '7318', '145-07432983', 0, 464),
(65, '2020-01-22', '8859', '157-59508072', 0, 515),
(66, '2020-01-22', '1', '729-62433545', 0, 211),
(67, '2020-01-22', '26090', '145-0741-9285', 0, 295),
(68, '2020-01-22', '26091', '145-0741-9296', 0, 343),
(69, '2020-01-22', '26092', '145-0741-9285', 0, 438),
(70, '2020-01-22', '26093', '145-0741-9285', 0, 508),
(71, '2020-01-22', '26094', '145-0741-9296', 0, 512),
(72, '2020-01-22', '26095', '145-0741-9296', 0, 463),
(73, '2020-01-22', '26096', '145-0741-9285', 0, 503),
(74, '2020-01-22', '26097', '145-0741-9285', 0, 504),
(75, '2020-01-22', '26098', '145-0741-9296', 0, 505),
(76, '2020-01-22', '26099', '145-0741-9285', 0, 507),
(77, '2020-01-22', '26100', '145-0741-9285', 0, 311),
(78, '2020-01-22', '26101', '145-0741-9285', 0, 511),
(79, '2020-01-22', '7015', '369-77238910', 0, 529),
(80, '2020-01-22', '7016', '369-77238910', 0, 528),
(81, '2020-01-22', '1', '729-62475943', 0, 527),
(82, '2020-01-23', '7057', '406-06707326', 0, 530),
(83, '2020-01-23', '7058', '406-06707326', 0, 525),
(84, '2020-01-23', '7059', '406-06707326', 0, 531),
(85, '2020-01-23', '26102', '145-0741-9230', 0, 521),
(86, '2020-01-23', '26103', '145-0741-9230', 0, 437),
(87, '2020-01-23', '26104', '145-0741-9230', 0, 296),
(88, '2020-01-23', '26105', '145-0741-9230', 0, 441),
(89, '2020-01-23', '26106', '145-0741-9230', 0, 518),
(90, '2020-01-23', '26107', '145-0741-9230', 0, 468),
(91, '2020-01-23', '26108', '145-0741-9230', 0, 522),
(92, '2020-01-23', '26109', '456-0014-3113', 0, 342),
(93, '2020-01-23', '26110', '145-0741-9230', 0, 523),
(94, '2020-01-23', '26111', '145-0741-9230', 0, 312),
(95, '2020-01-23', '26112', '145-0741-9230', 0, 524),
(96, '2020-01-23', '26113', '145-0741-9230', 0, 517),
(97, '2020-01-23', '26114', '145-0741-9230', 0, 520),
(98, '2020-01-23', '10628', '369-77238976', 0, 538),
(99, '2020-01-24', '7028', '157-5830-8095', 0, 481),
(100, '2020-01-24', '26115', '456-0014-3124', 0, 536),
(101, '2020-01-24', '26116', '456-0014-3124', 0, 345),
(102, '2020-01-24', '26117', '145-0741-9370', 0, 519),
(103, '2020-01-24', '26118', '456-0014-3124', 0, 313),
(104, '2020-01-24', '26119', '456-0014-3124', 0, 442),
(105, '2020-01-24', '26120', '456-0014-3135', 0, 338),
(106, '2020-01-24', '26121', '456-0014-3124', 0, 469),
(107, '2020-01-24', '26122', '456-0014-3124', 0, 535),
(108, '2020-01-24', '26123', '456-0014-3124', 0, 451),
(109, '2020-01-24', '26124', '456-0014-3135', 0, 341),
(110, '2020-01-24', '26125', '456-0014-3135', 0, 533),
(111, '2020-01-24', '26126', '456-0014-3124', 0, 534),
(112, '2020-01-24', '7060', '176-10878781', 0, 537),
(113, '2020-01-24', '7017', '369-77238921', 0, 546),
(114, '2020-01-24', '7018', '369-77238921', 0, 547),
(115, '2020-01-24', '7019', '369-77238921', 0, 548),
(116, '2020-01-24', '7020', '369-77238921', 0, 549),
(117, '2020-01-25', '8249', '000-00080371', 0, 552),
(118, '2020-01-25', '7319', '369-977246223', 0, 553),
(119, '2020-01-25', '7320', '369-977246223', 0, 499),
(120, '2020-01-25', '7321', '369-977246223', 0, 466),
(121, '2020-01-25', '26127', '456-0014-3150', 0, 544),
(122, '2020-01-25', '26128', '456-0014-3146', 0, 470),
(123, '2020-01-25', '26129', '456-0014-3146', 0, 446),
(124, '2020-01-25', '26130', '456-0014-3146', 0, 314),
(125, '2020-01-25', '26131', '456-0014-3146', 0, 543),
(126, '2020-01-25', '26132', '456-0014-3146', 0, 545),
(127, '2020-01-25', '26133', '456-0014-3146', 0, 541),
(128, '2020-01-25', '26134', '456-0014-3150', 0, 462),
(129, '2020-01-25', '26135', '456-0014-3150', 0, 337),
(130, '2020-01-25', '26136', '456-0014-3146', 0, 443),
(131, '2020-01-25', '26137', '456-0014-3146', 0, 540),
(132, '2020-01-25', '26133', '456-0014-3146', 0, 346),
(133, '2020-01-26', '7061', '176-10878862', 0, 559),
(134, '2020-01-26', '7062', '176-10878862', 0, 560),
(135, '2020-01-26', '7063', '176-10878862', 0, 561),
(136, '2020-01-26', '7064', '176-10878862', 0, 562),
(137, '2020-01-26', '7065', '176-10878862', 0, 563),
(138, '2020-01-26', '7066', '176-10878862', 0, 564),
(139, '2020-01-26', '7067', '176-10878862', 0, 565),
(140, '2020-01-26', '7068', '176-10878862', 0, 566),
(141, '2020-01-27', '7069', '235-71757523', 0, 568),
(142, '2020-01-27', '7070', '235-7757523', 0, 569),
(143, '2020-01-27', '7071', '406-00141816', 0, 567),
(144, '2020-01-27', '8860', '074-31772123', 0, 585),
(145, '2020-01-27', '26138', '145-0741-9532', 0, 315),
(146, '2020-01-27', '26139', '145-0741-9532', 0, 471),
(147, '2020-01-27', '26140', '145-0741-9532', 0, 452),
(148, '2020-01-27', '26141', '145-0741-9532', 0, 347),
(149, '2020-01-27', '26142', '145-0741-9532', 0, 355),
(150, '2020-01-27', '26143', '145-0741-9532', 0, 318),
(151, '2020-01-27', '26144', '145-0741-9532', 0, 555),
(152, '2020-01-27', '26145', '145-0741-9532', 0, 444),
(153, '2020-01-27', '26146', '145-0741-9532', 0, 447),
(154, '2020-01-27', '26147', '145-0741-9532', 0, 554),
(155, '2020-01-27', '26148', '145-0741-9543', 0, 556),
(156, '2020-01-27', '26149', '145-0741-9543', 0, 356),
(157, '2020-01-27', '26150', '145-0741-9543', 0, 357),
(158, '2020-01-27', '26151', '145-0741-9543', 0, 354),
(159, '2020-01-27', '26152', '145-0741-9543', 0, 436),
(160, '2020-01-27', '26153', '145-0741-9543', 0, 433),
(161, '2020-01-27', '26154', '145-0741-9543', 0, 432),
(162, '2020-01-27', '26155', '145-0741-9543', 0, 435),
(163, '2020-01-27', '26156', '145-0741-9543', 0, 352),
(164, '2020-01-27', '7002', '145-07419414', 0, 589),
(165, '2020-01-27', '7003', '145-07419414', 0, 590),
(166, '2020-01-27', '26157', '145-0741-9554', 0, 316),
(167, '2020-01-27', '26158', '145-0741-9554', 0, 361),
(168, '2020-01-27', '26159', '145-0741-9576', 0, 431),
(169, '2020-01-27', '26160', '145-0741-9576', 0, 428),
(170, '2020-01-27', '26161', '145-0741-9576', 0, 358),
(171, '2020-01-27', '26162', '145-0741-9576', 0, 360),
(172, '2020-01-27', '26163', '145-0741-9576', 0, 362),
(173, '2020-01-27', '26164', '145-0741-9576', 0, 558),
(174, '2020-01-27', '26165', '145-0741-9576', 0, 430),
(175, '2020-01-27', '26166', '145-0741-9576', 0, 429),
(176, '2020-01-28', '7021', '369-77251086', 0, 595),
(177, '2020-01-28', '7022', '369-77251086', 0, 596),
(178, '2020-01-28', '7023', '369-77251086', 0, 597),
(179, '2020-01-28', '7024', '369-77251086', 0, 598),
(180, '2020-01-28', '10532', '729-62469164', 0, 591),
(181, '2020-01-28', '7072', '172-35757956', 0, 594),
(182, '2020-01-28', '7073', '406-00141842', 0, 593),
(183, '2020-01-28', '7166', '145-07419495', 0, 592),
(184, '2020-01-28', '8861', '074-31763841', 0, 609),
(185, '2020-01-28', '8862', '157-59510242', 0, 551),
(186, '2020-01-28', '26167', '145-0741-9786', 0, 577),
(187, '2020-01-28', '26168', '145-0741-9786', 0, 448),
(188, '2020-01-28', '26169', '145-0741-9786', 0, 319),
(189, '2020-01-28', '26170', '145-0741-9786', 0, 367),
(190, '2020-01-28', '26171', '145-0741-9786', 0, 573),
(191, '2020-01-28', '26172', '145-0741-9786', 0, 570),
(192, '2020-01-28', '26173', '145-0741-9786', 0, 574),
(193, '2020-01-28', '26174', '145-0741-9786', 0, 454),
(194, '2020-01-28', '26175', '145-0741-9786', 0, 575),
(195, '2020-01-28', '26176', '145-0741-9731', 0, 576),
(196, '2020-01-28', '26177', '145-0741-9731', 0, 366),
(197, '2020-01-28', '26178', '145-0741-9731', 0, 461),
(198, '2020-01-28', '26179', '145-0741-9753', 0, 368),
(199, '2020-01-28', '26180', '145-0741-9753', 0, 365),
(200, '2020-01-28', '26181', '145-0741-9753', 0, 424),
(201, '2020-01-28', '26182', '145-0741-9753', 0, 364),
(202, '2020-01-28', '26183', '145-0741-9753', 0, 369),
(203, '2020-01-28', '26184', '145-0741-9786', 0, 445),
(204, '2020-01-28', '26185', '145-0741-9786', 0, 580),
(205, '2020-01-28', '26186', '145-0741-9786', 0, 348),
(206, '2020-01-28', '26187', '145-0741-9786', 0, 587),
(207, '2020-01-28', '26188', '145-0741-9731', 0, 571),
(208, '2020-01-28', '26189', '145-0741-9731', 0, 581),
(209, '2020-01-28', '26190', '145-0741-9731', 0, 426),
(210, '2020-01-28', '26191', '145-0741-9786', 0, 317),
(211, '2020-01-28', '26192', '145-0741-9753', 0, 336),
(212, '2020-01-28', '26193', '145-0741-9753', 0, 579),
(213, '2020-01-28', '26194', '145-0741-9753', 0, 425),
(214, '2020-01-28', '26195', '145-0741-9753', 0, 427),
(215, '2020-01-28', '26196', '145-0741-9753', 0, 584),
(216, '2020-01-28', '26197', '145-0741-9753', 0, 582),
(217, '2020-01-28', '10533', '729-62469175', 0, 620),
(218, '2020-01-28', '7025', '145-07398720', 0, 621),
(219, '2020-01-29', '7074', '406-01622165', 0, 622),
(220, '2020-01-29', '7075', '406-00232956', 0, 623),
(221, '2020-01-29', '8863', '074-34271543', 0, 631),
(222, '2020-01-29', '26198', '145-0741-9775', 0, 602),
(223, '2020-01-29', '26199', '145-0741-9775', 0, 606),
(224, '2020-01-29', '26200', '145-0741-9775', 0, 457),
(225, '2020-01-29', '26201', '145-0741-9775', 0, 601),
(226, '2020-01-29', '26202', '145-0741-9775', 0, 455),
(227, '2020-01-29', '26203', '145-0741-9775', 0, 320),
(228, '2020-01-29', '26204', '145-0741-9775', 0, 449),
(229, '2020-01-29', '26205', '145-0741-9834', 0, 323),
(230, '2020-01-29', '26206', '145-0741-9834', 0, 604),
(231, '2020-01-29', '26207', '145-0741-9834', 0, 372),
(232, '2020-01-29', '26208', '145-0741-9812', 0, 371),
(233, '2020-01-29', '26209', '145-0741-9812', 0, 370),
(234, '2020-01-29', '26210', '145-0741-9812', 0, 608),
(235, '2020-01-29', '26211', '145-0741-9812', 0, 610),
(236, '2020-01-29', '26212', '145-0741-9812', 0, 420),
(237, '2020-01-29', '26213', '145-0741-9775', 0, 605),
(238, '2020-01-29', '26214', '145-0741-9775', 0, 611),
(239, '2020-01-29', '26215', '145-0741-9775', 0, 600),
(240, '2020-01-29', '26216', '145-0741-9775', 0, 373),
(241, '2020-01-29', '26217', '145-0741-9775', 0, 599),
(242, '2020-01-29', '26218', '145-0741-9775', 0, 607),
(243, '2020-01-29', '26219', '145-0741-9775', 0, 572),
(244, '2020-01-29', '26220', '145-0741-9775', 0, 349),
(245, '2020-01-29', '26221', '145-0741-9834', 0, 422),
(246, '2020-01-29', '26222', '145-0741-9812', 0, 421),
(247, '2020-01-29', '26223', '145-0741-9812', 0, 335),
(248, '2020-01-29', '26224', '145-0741-9812', 0, 375),
(249, '2020-01-29', '26225', '145-0741-9812', 0, 423),
(250, '2020-01-29', '26226', '145-0741-9812', 0, 578),
(251, '2020-01-29', '7026', '145-07398731', 0, 636),
(252, '2020-01-29', '7027', '145-07398731', 0, 634),
(253, '2020-01-29', '7028', '145-07398731', 0, 633),
(255, '2020-01-30', '7787', '729-62476245', 0, 635),
(256, '2020-01-30', '7076', '406-00465835', 0, 638),
(257, '2020-01-30', '10534', '729-62469186', 0, 632),
(258, '2020-01-30', '26227', '145-0754-4180', 0, 376),
(259, '2020-01-30', '26228', '145-0754-4180', 0, 377),
(260, '2020-01-30', '26229', '145-0754-4180', 0, 419),
(261, '2020-01-30', '26230', '145-0754-4180', 0, 637),
(262, '2020-01-30', '26231', '145-0754-4180', 0, 416),
(263, '2020-01-30', '26232', '145-0754-4180', 0, 380),
(264, '2020-01-30', '26233', '145-0754-4180', 0, 381),
(265, '2020-01-30', '26234', '145-0754-4180', 0, 415),
(266, '2020-01-30', '26235', '145-0754-4191', 0, 417),
(267, '2020-01-30', '26236', '145-0754-4191', 0, 378),
(268, '2020-01-30', '26237', '145-0754-4191', 0, 334),
(269, '2020-01-30', '26238', '145-0754-4191', 0, 630),
(270, '2020-01-30', '26239', '145-0754-4191', 0, 460),
(271, '2020-01-30', '26240', '145-0754-4165', 0, 628),
(272, '2020-01-30', '26241', '145-0754-4165', 0, 379),
(273, '2020-01-30', '26242', '145-0754-4165', 0, 350),
(274, '2020-01-30', '26243', '145-0754-4165', 0, 321),
(275, '2020-01-30', '26244', '145-0754-4165', 0, 456),
(276, '2020-01-30', '26245', '145-0754-4165', 0, 450),
(277, '2020-01-30', '26246', '145-0754-4165', 0, 626),
(278, '2020-01-30', '26247', '145-0754-4165', 0, 625),
(279, '2020-01-30', '26248', '145-0754-4165', 0, 624),
(280, '2020-01-30', '26249', '456-0014-3150', 0, 627),
(281, '2020-01-30', '7029', '157-5830-8106', 0, 612),
(282, '2020-01-31', '10629', '145-07398812', 0, 648),
(283, '2020-01-31', '7788', '729-62475906', 0, 650),
(284, '2020-01-31', '7029', '145-07398812', 0, 649),
(285, '2020-01-31', '26250', '456-0014-3146', 0, 384),
(286, '2020-01-31', '26251', '456-0014-3146', 0, 385),
(287, '2020-01-31', '26252', '456-0014-3146', 0, 388),
(288, '2020-01-31', '26253', '456-0014-3146', 0, 413),
(289, '2020-01-31', '26254', '456-0014-3146', 0, 412),
(290, '2020-01-31', '26255', '456-0014-3146', 0, 389),
(291, '2020-01-31', '26256', '456-0014-3150', 0, 643),
(292, '2020-01-31', '26257', '456-0014-3150', 0, 414),
(293, '2020-01-31', '26258', '456-0014-3150', 0, 386),
(294, '2020-01-31', '26259', '145-0754-4246', 0, 639),
(295, '2020-01-31', '26260', '145-0754-4246', 0, 322),
(296, '2020-01-31', '26261', '145-0754-4246', 0, 640),
(297, '2020-01-31', '26262', '145-0754-4246', 0, 326),
(298, '2020-01-31', '26263', '145-0754-4246', 0, 351),
(299, '2020-01-31', '26264', '145-0754-4246', 0, 647),
(300, '2020-01-31', '26265', '145-0754-4246', 0, 387),
(301, '2020-01-31', '26266', '145-0754-4246', 0, 646),
(302, '2020-01-31', '26267', '145-0754-4246', 0, 658),
(303, '2020-01-31', '26268', '145-0754-4246', 0, 333),
(304, '2020-01-31', '10535', '729-62470402', 0, 659),
(305, '2020-01-31', '7322', '369-77249605', 0, 500),
(306, '2020-01-31', '7323', '369-77249605', 0, 501),
(307, '2020-01-31', '7030', '369-77251650', 0, 663),
(308, '2020-01-31', '7031', '369-77251650', 0, 662),
(309, '2020-01-31', '7032', '369-77251650', 0, 661),
(310, '2020-01-31', '7033', '369-77251650', 0, 660),
(311, '2020-01-31', '8864', '157-59510496', 0, 664),
(312, '2020-02-01', '26269', '145-07544272', 0, 656),
(313, '2020-02-01', '26270', '145-07544272', 0, 653),
(314, '2020-02-01', '26271', '145-07544272', 0, 652),
(315, '2020-02-01', '26272', '145-07544283', 0, 390),
(316, '2020-02-01', '26273', '145-07544283', 0, 391),
(317, '2020-02-01', '26274', '145-07544283', 0, 392),
(318, '2020-02-01', '26275', '145-07544283', 0, 393),
(319, '2020-02-01', '26276', '145-07544283', 0, 394),
(320, '2020-02-01', '26277', '145-07544283', 0, 395),
(321, '2020-02-01', '26278', '145-07544283', 0, 458),
(322, '2020-02-01', '26279', '145-07544283', 0, 654),
(323, '2020-02-01', '26280', '145-07544283', 0, 655),
(324, '2020-02-01', '26281', '145-07544283', 0, 459),
(325, '2020-02-01', '26282', '145-07544283', 0, 324),
(326, '2020-02-01', '8250', '000-20023920', 0, 666),
(327, '2020-02-03', '7077', '406-001418641', 0, 677),
(328, '2020-02-03', '7078', '406-001418641', 0, 670),
(329, '2020-02-03', '7079', '406-001418641', 0, 671),
(330, '2020-02-03', '7080', '406-001418641', 0, 673),
(331, '2020-02-03', '7081', '406-001418641', 0, 674),
(332, '2020-02-03', '7082', '406-001418641', 0, 676),
(333, '2020-02-03', '7083', '406-001418641', 0, 675),
(334, '2020-02-03', '7084', '406-001418641', 0, 678),
(335, '2020-02-03', '7085', '406-001418641', 0, 679),
(336, '2020-02-03', '7086', '406-001418641', 0, 672),
(337, '2020-02-03', '7087', '406-00141831', 0, 651),
(338, '2020-02-03', '7088', '406-01583993', 0, 669),
(339, '2020-02-03', '7089', '406-01583993', 0, 668),
(340, '2020-02-03', '7090', '406-01583993', 0, 667),
(341, '2020-02-03', '7091', '406-01583945', 0, 684),
(342, '2020-02-03', '7092', '406-06639905', 0, 685),
(343, '2020-02-03', '7093', '406-01622110', 0, 690),
(344, '2020-02-03', '7094', '406-01622110', 0, 692),
(345, '2020-02-03', '7095', '406-01622110', 0, 691),
(346, '2020-02-03', '10536', '729-62470435', 0, 693),
(347, '2020-02-03', '7034', '145-07398753', 0, 694),
(348, '2020-02-03', '7167', '145-07544401', 0, 696),
(349, '2020-02-03', '10630', '145-07398753', 0, 695),
(350, '2020-02-03', '26283', '145-07544294', 0, 665),
(351, '2020-02-03', '26284', '145-07544294', 0, 401),
(352, '2020-02-03', '26285', '145-07544294', 0, 400),
(353, '2020-02-03', '26286', '145-07544294', 0, 399),
(354, '2020-02-03', '26287', '145-07544294', 0, 398),
(355, '2020-02-03', '26288', '145-07544294', 0, 397),
(356, '2020-02-03', '26289', '145-07544294', 0, 396),
(357, '2020-02-04', '8865', '580-23986056', 0, 698),
(358, '2020-02-04', '7324', '369-77249620', 0, 697),
(359, '2020-02-04', '26290', '145-07544386', 0, 688),
(360, '2020-02-04', '26291', '145-07544294', 0, 409),
(361, '2020-02-04', '26292', '145-07544294', 0, 405),
(362, '2020-02-04', '26293', '145-07544294', 0, 408),
(363, '2020-02-04', '26294', '145-07544294', 0, 404),
(364, '2020-02-04', '26295', '145-07544294', 0, 403),
(365, '2020-02-04', '26296', '145-07544294', 0, 407),
(366, '2020-02-04', '26297', '145-07544386', 0, 681),
(367, '2020-02-04', '26298', '145-07544386', 0, 687),
(368, '2020-02-04', '26299', '145-07544386', 0, 689),
(369, '2020-02-04', '26300', '145-07544386', 0, 686),
(370, '2020-02-04', '26301', '145-07544386', 0, 683),
(371, '2020-02-04', '7096', '406-01583971', 0, 706),
(372, '2020-02-05', '10537', '729-62470446', 0, 709),
(373, '2020-02-05', '7035', '145-07398790', 0, 710),
(374, '2020-02-05', '7097', '406-03720695', 0, 718),
(375, '2020-02-05', '7098', '406-03720695', 0, 724),
(376, '2020-02-05', '7099', '406-03720695', 0, 721),
(377, '2020-02-05', '7100', '406-03720695', 0, 723),
(378, '2020-02-05', '7101', '406-03720695', 0, 722),
(379, '2020-02-05', '7102', '406-03720695', 0, 720),
(380, '2020-02-05', '26302', '145-07419672', 0, 707),
(381, '2020-02-05', '26303', '145-07419672', 0, 701),
(382, '2020-02-05', '26304', '145-07419672', 0, 705),
(383, '2020-02-05', '26305', '145-07419672', 0, 704),
(384, '2020-02-05', '26306', '145-07419672', 0, 703),
(385, '2020-02-05', '26307', '145-07419672', 0, 700),
(386, '2020-02-05', '26308', '145-07419672', 0, 699),
(387, '2020-02-05', '26309', '145-07419672', 0, 702),
(388, '2020-02-06', '7036', '369-77251731', 0, 730),
(389, '2020-02-06', '10538', '729-62470450', 0, 731),
(390, '2020-02-06', '7103', '176-10882163', 0, 732),
(391, '2020-02-06', '7104', '406-03720721', 0, 733),
(392, '2020-02-06', '7105', '406-03720721', 0, 734),
(393, '2020-02-06', '8866', '172-35770184', 0, 735),
(394, '2020-02-06', '26310', '145-07544445', 0, 726),
(395, '2020-02-06', '26311', '145-07544445', 0, 728),
(396, '2020-02-06', '26312', '145-07544445', 0, 729),
(397, '2020-02-06', '26313', '145-07544445', 0, 716),
(398, '2020-02-06', '26314', '145-07544445', 0, 715),
(399, '2020-02-06', '26315', '145-07544445', 0, 714),
(400, '2020-02-06', '26316', '145-07544445', 0, 713),
(401, '2020-02-06', '26317', '145-07544445', 0, 712),
(402, '2020-02-06', '26318', '145-07544445', 0, 727),
(403, '2020-02-06', '26319', '145-07544445', 0, 725),
(404, '2020-02-06', '26320', '145-07544445', 0, 711),
(405, '2020-02-06', '26321', '145-07544445', 0, 717),
(406, '2020-02-06', '26322', '145-07544445', 0, 719),
(407, '2020-02-06', '10631', '145-07401516', 0, 737),
(408, '2020-02-07', '7106', '176-10882233', 0, 739),
(409, '2020-02-07', '7107', '176-10882233', 0, 741),
(410, '2020-02-07', '7108', '406-03720765', 0, 740),
(411, '2020-02-07', '7030', '01636067942', 0, 256),
(412, '2020-02-07', '10632', '369-77252151', 0, 743),
(413, '2020-02-07', '7037', '369-77252140', 0, 744),
(414, '2020-02-07', '7038', '369-77252140', 0, 745),
(415, '2020-02-07', '7325', '369-77246293', 0, 746),
(416, '2020-02-07', '26323', '145-07544445', 0, 736),
(417, '2020-02-07', '8867', '157-59510286', 0, 748),
(418, '2020-02-07', '7509', '157-59506996', 0, 749),
(419, '2020-02-07', '7029', '15759510522', 649, 747),
(420, '2020-02-07', '7000', '074-3428115', 0, 750),
(421, '2020-02-10', '7001', '074-3428-1155', 0, 765),
(422, '2020-02-10', '8251', '000-00080382', 0, 761),
(423, '2020-02-10', '7109', '406-03743165', 0, 767),
(424, '2020-02-10', '7168', '145- 0754- 4563', 0, 755),
(425, '2020-02-10', '8868', '074-3427-7036', 0, 754),
(426, '2020-02-10', '26324', '145-07544526', 0, 742),
(427, '2020-02-10', '10633', '145-07398790', 0, 775),
(428, '2020-02-10', '7039', '145-07398786', 0, 776);

-- --------------------------------------------------------

--
-- Estructura de tabla para la tabla `invoice_provider`
--

CREATE TABLE `invoice_provider` (
  `invoice_provider_id` int(11) NOT NULL,
  `provider_id` int(11) NOT NULL,
  `nro_invoice` varchar(128) DEFAULT '',
  `buy_id` int(11) NOT NULL,
  `cod_carguera` int(11) DEFAULT NULL,
  `date_invoice_carguera` date NOT NULL,
  `awb` varchar(128) DEFAULT NULL,
  `hawb` varchar(128) DEFAULT NULL,
  `airline` varchar(128) DEFAULT NULL,
  `is_active` int(11) NOT NULL
) ENGINE=InnoDB DEFAULT CHARSET=utf8;

--
-- Volcado de datos para la tabla `invoice_provider`
--

INSERT INTO `invoice_provider` (`invoice_provider_id`, `provider_id`, `nro_invoice`, `buy_id`, `cod_carguera`, `date_invoice_carguera`, `awb`, `hawb`, `airline`, `is_active`) VALUES
(27, 2, '30449', 38, 0, '0000-00-00', '', '', '', 0),
(28, 67, '16285', 40, 0, '0000-00-00', '', '', '', 0),
(29, 18, '126452', 37, 0, '0000-00-00', '', '', '', 0),
(30, 2, '30449', 37, 0, '0000-00-00', '', '', '', 0),
(31, 25, '7020', 37, 0, '0000-00-00', '', '', '', 0),
(32, 7, '5183', 36, 0, '0000-00-00', '', '', '', 0),
(33, 33, '35180', 36, 0, '0000-00-00', '', '', '', 0),
(34, 38, '19-10293', 36, 0, '0000-00-00', '', '', '', 0),
(35, 98, '1653', 36, 0, '0000-00-00', '', '', '', 0),
(36, 7, '5183', 39, 0, '0000-00-00', '', '', '', 0),
(37, 2, '30479', 42, 0, '0000-00-00', '', '', '', 0),
(38, 34, '9163', 44, 0, '0000-00-00', '', '', '', 0),
(39, 34, '9163', 43, 0, '0000-00-00', '', '', '', 0),
(40, 34, '9163', 45, 0, '0000-00-00', '', '', '', 0),
(41, 67, '16313', 46, 0, '0000-00-00', '', '', '', 0),
(42, 2, '30593', 51, 0, '0000-00-00', '', '', '', 0),
(43, 2, '30593', 49, 0, '0000-00-00', '', '', '', 0),
(44, 25, '7024', 49, 0, '0000-00-00', '', '', '', 0),
(45, 67, '16364', 53, 0, '0000-00-00', '', '', '', 0),
(46, 25, '7028', 71, 0, '0000-00-00', '', '', '', 0),
(47, 2, '30625', 72, 0, '0000-00-00', '', '', '', 0),
(48, 25, '7028', 73, 0, '0000-00-00', '', '', '', 0),
(49, 33, '35310', 73, 0, '0000-00-00', '', '', '', 0),
(50, 98, '1667', 73, 0, '0000-00-00', '', '', '', 0),
(51, 99, '564', 70, 0, '0000-00-00', '', '', '', 0),
(52, 2, '30601', 54, 0, '0000-00-00', '', '', '', 0),
(53, 25, '7027', 54, 0, '0000-00-00', '', '', '', 0),
(54, 7, '5209', 69, 0, '0000-00-00', '', '', '', 0),
(55, 33, '1667', 69, 0, '0000-00-00', '', '', '', 0),
(56, 98, '1667', 69, 0, '0000-00-00', '', '', '', 0),
(57, 7, '5194', 64, 0, '0000-00-00', '', '', '', 0),
(58, 33, '35247', 64, 0, '0000-00-00', '', '', '', 0),
(59, 98, '1663', 64, 0, '0000-00-00', '', '', '', 0),
(60, 100, '191052', 68, 0, '0000-00-00', '', '', '', 0),
(61, 2, '30543', 47, 0, '0000-00-00', '', '', '', 0),
(62, 67, '16332', 47, 0, '0000-00-00', '', '', '', 0),
(63, 2, '30664', 76, 0, '0000-00-00', '', '', '', 0),
(64, 38, '19-10572', 80, 0, '0000-00-00', '', '', '', 0),
(65, 18, '126815', 79, 0, '0000-00-00', '', '', '', 0),
(66, 19, '6687', 79, 0, '0000-00-00', '', '', '', 0),
(67, 25, '7029', 79, 0, '0000-00-00', '', '', '', 0),
(68, 38, '19-10572', 79, 0, '0000-00-00', '', '', '', 0),
(69, 33, '35363', 81, 0, '0000-00-00', '', '', '', 0),
(70, 7, '5224', 78, 0, '0000-00-00', '', '', '', 0),
(71, 19, '6687', 78, 0, '0000-00-00', '', '', '', 0),
(72, 27, '2192', 78, 0, '0000-00-00', '', '', '', 0),
(73, 2, '30414', 34, 0, '0000-00-00', '', '', '', 0),
(74, 2, '30414', 35, 0, '0000-00-00', '', '', '', 0),
(75, 18, '126393', 41, 0, '0000-00-00', '', '', '', 0),
(76, 32, '13485', 41, 0, '0000-00-00', '', '', '', 0),
(77, 69, '8954', 41, 0, '0000-00-00', '', '', '', 0),
(78, 25, '7049', 114, 0, '0000-00-00', '', '', '', 0),
(79, 33, '35694', 114, 0, '0000-00-00', '', '', '', 0),
(80, 45, '64574', 114, 0, '0000-00-00', '', '', '', 0),
(81, 73, '1115234', 114, 0, '0000-00-00', '', '', '', 0),
(82, 9, '13886', 114, 0, '0000-00-00', '', '', '', 0),
(83, 7, '5289', 113, 0, '0000-00-00', '', '', '', 0),
(84, 9, '13886', 113, 0, '0000-00-00', '', '', '', 0),
(85, 32, '13634', 113, 0, '0000-00-00', '', '', '', 0),
(86, 33, '35686', 113, 0, '0000-00-00', '', '', '', 0),
(87, 38, '20-00125', 113, 0, '0000-00-00', '', '', '', 0),
(88, 83, '193701', 113, 0, '0000-00-00', '', '', '', 0),
(89, 7, '5289', 112, 0, '0000-00-00', '', '', '', 0),
(90, 33, '35683', 112, 0, '0000-00-00', '', '', '', 0),
(91, 38, '20-00124', 112, 0, '0000-00-00', '', '', '', 0),
(92, 83, '193701', 112, 0, '0000-00-00', '', '', '', 0),
(93, 70, '1547', 112, 0, '0000-00-00', '', '', '', 0),
(94, 19, '6769', 116, 0, '0000-00-00', '', '', '', 0),
(95, 29, '2716', 116, 0, '0000-00-00', '', '', '', 0),
(96, 38, '20-00125', 116, 0, '0000-00-00', '', '', '', 0),
(97, 104, '16010', 116, 0, '0000-00-00', '', '', '', 0),
(98, 9, '13721', 63, 0, '0000-00-00', '', '', '', 0),
(99, 25, '7022', 63, 0, '0000-00-00', '', '', '', 0),
(100, 27, '2332', 63, 0, '0000-00-00', '', '', '', 0),
(101, 98, '1654', 63, 0, '0000-00-00', '', '', '', 0),
(102, 7, '5185', 120, 0, '0000-00-00', '', '', '', 0),
(103, 27, '2175', 55, 0, '0000-00-00', '', '', '', 0),
(104, 43, '128304', 55, 0, '0000-00-00', '', '', '', 0),
(105, 43, '128304', 50, 0, '0000-00-00', '', '', '', 0),
(106, 43, '128304', 49, 0, '0000-00-00', '', '', '', 0),
(107, 2, '30601', 52, 0, '0000-00-00', '', '', '', 0),
(108, 25, '7029', 122, 0, '0000-00-00', '', '', '', 0),
(109, 2, '30720', 123, 0, '0000-00-00', '', '', '', 0),
(110, 2, '30720', 124, 0, '0000-00-00', '', '', '', 0),
(111, 13, '1204568', 125, 0, '0000-00-00', '', '', '', 0),
(112, 33, '35418', 126, 0, '0000-00-00', '', '', '', 0),
(113, 43, '128931', 126, 0, '0000-00-00', '', '', '', 0),
(114, 45, '64012', 126, 0, '0000-00-00', '', '', '', 0),
(115, 67, '16436', 127, 0, '0000-00-00', '', '', '', 0),
(116, 2, '30742', 128, 0, '0000-00-00', '', '', '', 0),
(117, 19, '6707', 129, 0, '0000-00-00', '', '', '', 0),
(118, 25, '7032', 129, 0, '0000-00-00', '', '', '', 0),
(119, 7, '5234', 130, 0, '0000-00-00', '', '', '', 0),
(120, 33, '35404', 130, 0, '0000-00-00', '', '', '', 0),
(121, 38, '19-10672', 130, 0, '0000-00-00', '', '', '', 0),
(122, 69, '9089', 130, 0, '0000-00-00', '', '', '', 0),
(123, 70, '1467', 130, 0, '0000-00-00', '', '', '', 0),
(124, 4, '5042709', 131, 0, '0000-00-00', '', '', '', 0),
(125, 13, '1205038', 131, 0, '0000-00-00', '', '', '', 0),
(126, 18, '0127186', 131, 0, '0000-00-00', '', '', '', 0),
(127, 38, '1910858', 131, 0, '0000-00-00', '', '', '', 0),
(128, 70, '0001493', 131, 0, '0000-00-00', '', '', '', 0),
(129, 103, 'PI99783', 131, 0, '0000-00-00', '', '', '', 0),
(130, 7, '5239', 62, 0, '0000-00-00', '', '', '', 0),
(131, 25, '7035', 56, 0, '0000-00-00', '', '', '', 0),
(132, 13, '1204709', 56, 0, '0000-00-00', '', '', '', 0),
(133, 13, '1204709', 57, 0, '0000-00-00', '', '', '', 0),
(134, 7, '5239', 59, 0, '0000-00-00', '', '', '', 0),
(135, 1, '1008798', 135, 0, '0000-00-00', '', '', '', 0),
(136, 25, '7034', 59, 0, '0000-00-00', '', '', '', 0),
(137, 33, '35420', 59, 0, '0000-00-00', '', '', '', 0),
(138, 19, '6716', 59, 0, '0000-00-00', '', '', '', 0),
(139, 34, '9399', 58, 0, '0000-00-00', '', '', '', 0),
(140, 4, '5042691', 135, 0, '0000-00-00', '', '', '', 0),
(141, 13, '1204789', 135, 0, '0000-00-00', '', '', '', 0),
(142, 7, '5243', 136, 0, '0000-00-00', '', '', '', 0),
(143, 25, '7036', 136, 0, '0000-00-00', '', '', '', 0),
(144, 33, '35455', 136, 0, '0000-00-00', '', '', '', 0),
(145, 43, '129148', 136, 0, '0000-00-00', '', '', '', 0),
(146, 7, '5243', 67, 0, '0000-00-00', '', '', '', 0),
(147, 33, '35495', 67, 0, '0000-00-00', '', '', '', 0),
(148, 38, '19-10753', 67, 0, '0000-00-00', '', '', '', 0),
(149, 18, '0126992', 135, 0, '0000-00-00', '', '', '', 0),
(150, 69, '9129', 67, 0, '0000-00-00', '', '', '', 0),
(151, 19, '0006721', 135, 0, '0000-00-00', '', '', '', 0),
(152, 70, '1477', 67, 0, '0000-00-00', '', '', '', 0),
(153, 7, '5243', 65, 0, '0000-00-00', '', '', '', 0),
(154, 25, '7036', 65, 0, '0000-00-00', '', '', '', 0),
(155, 34, '9430', 66, 0, '0000-00-00', '', '', '', 0),
(156, 38, '1910726', 135, 0, '0000-00-00', '', '', '', 0),
(157, 70, '0001469', 135, 0, '0000-00-00', '', '', '', 0),
(158, 103, 'PI99585', 135, 0, '0000-00-00', '', '', '', 0),
(159, 4, '5042727', 121, 0, '0000-00-00', '', '', '', 0),
(160, 13, '1000016', 121, 0, '0000-00-00', '', '', '', 0),
(161, 18, '0127370', 121, 0, '0000-00-00', '', '', '', 0),
(162, 38, '2000031', 121, 0, '0000-00-00', '', '', '', 0),
(163, 103, 'PI100160', 121, 0, '0000-00-00', '', '', '', 0),
(164, 4, '5042645', 115, 0, '0000-00-00', '', '', '', 0),
(165, 13, '1204070', 115, 0, '0000-00-00', '', '', '', 0),
(166, 102, '0000001', 115, 0, '0000-00-00', '', '', '', 0),
(167, 101, '0216258', 115, 0, '0000-00-00', '', '', '', 0),
(168, 18, '0126486', 115, 0, '0000-00-00', '', '', '', 0),
(169, 38, '1910321', 115, 0, '0000-00-00', '', '', '', 0),
(170, 70, '0001403', 115, 0, '0000-00-00', '', '', '', 0),
(171, 103, 'PI98769', 115, 0, '0000-00-00', '', '', '', 0),
(172, 103, 'PI98769', 115, 0, '0000-00-00', '', '', '', 0),
(173, 4, '5042667', 119, 0, '0000-00-00', '', '', '', 0),
(174, 13, '1204381', 119, 0, '0000-00-00', '', '', '', 0),
(175, 18, '0126718', 119, 0, '0000-00-00', '', '', '', 0),
(176, 38, '1910507', 119, 0, '0000-00-00', '', '', '', 0),
(177, 70, '0001438', 119, 0, '0000-00-00', '', '', '', 0),
(178, 103, 'PI98976', 119, 0, '0000-00-00', '', '', '', 0),
(179, 7, '5250', 74, 0, '0000-00-00', '', '', '', 0),
(180, 19, '6732', 74, 0, '0000-00-00', '', '', '', 0),
(181, 25, '7037', 74, 0, '0000-00-00', '', '', '', 0),
(182, 33, '35483', 74, 0, '0000-00-00', '', '', '', 0),
(183, 45, '64198', 74, 0, '0000-00-00', '', '', '', 0),
(184, 7, '5250', 75, 0, '0000-00-00', '', '', '', 0),
(185, 33, '35495', 75, 0, '0000-00-00', '', '', '', 0),
(186, 38, '19-10807', 75, 0, '0000-00-00', '', '', '', 0),
(187, 69, '9146', 75, 0, '0000-00-00', '', '', '', 0),
(188, 70, '1487', 75, 0, '0000-00-00', '', '', '', 0),
(189, 19, '6731', 77, 0, '0000-00-00', '', '', '', 0),
(190, 43, '129218', 77, 0, '0000-00-00', '', '', '', 0),
(191, 7, '5251', 83, 0, '0000-00-00', '', '', '', 0),
(192, 19, '6737', 83, 0, '0000-00-00', '', '', '', 0),
(193, 25, '7039', 83, 0, '0000-00-00', '', '', '', 0),
(194, 33, '35515', 83, 0, '0000-00-00', '', '', '', 0),
(195, 7, '5251', 82, 0, '0000-00-00', '', '', '', 0),
(196, 19, '6736', 82, 0, '0000-00-00', '', '', '', 0),
(197, 98, '1688', 82, 0, '0000-00-00', '', '', '', 0),
(198, 98, '1688', 84, 0, '0000-00-00', '', '', '', 0),
(199, 13, '1205037', 93, 0, '0000-00-00', '', '', '', 0),
(200, 25, '7041', 93, 0, '0000-00-00', '', '', '', 0),
(201, 67, '16482', 93, 0, '0000-00-00', '', '', '', 0),
(202, 13, '1205036', 85, 0, '0000-00-00', '', '', '', 0),
(203, 25, '7041', 85, 0, '0000-00-00', '', '', '', 0),
(204, 13, '1205035/1205034', 86, 0, '0000-00-00', '', '', '', 0),
(205, 25, '7041', 87, 0, '0000-00-00', '', '', '', 0),
(206, 38, '19-10859', 87, 0, '0000-00-00', '', '', '', 0),
(207, 99, '577', 88, 0, '0000-00-00', '', '', '', 0),
(208, 67, '16482', 90, 0, '0000-00-00', '', '', '', 0),
(209, 34, '9467', 92, 0, '0000-00-00', '', '', '', 0),
(210, 2, '30742', 91, 0, '0000-00-00', '', '', '', 0),
(211, 19, '6741', 91, 0, '0000-00-00', '', '', '', 0),
(212, 33, '35529', 89, 0, '0000-00-00', '', '', '', 0),
(213, 7, '5260', 139, 0, '0000-00-00', '', '', '', 0),
(214, 34, '9475', 95, 0, '0000-00-00', '', '', '', 0),
(215, 7, '5260', 97, 0, '0000-00-00', '', '', '', 0),
(216, 38, '19-10849', 97, 0, '0000-00-00', '', '', '', 0),
(217, 33, '35563', 97, 0, '0000-00-00', '', '', '', 0),
(218, 69, '9180', 97, 0, '0000-00-00', '', '', '', 0),
(219, 70, '1509', 97, 0, '0000-00-00', '', '', '', 0),
(220, 19, '6745', 96, 0, '0000-00-00', '', '', '', 0),
(221, 9, '19-13837', 96, 0, '0000-00-00', '', '', '', 0),
(222, 34, '9476', 94, 0, '0000-00-00', '', '', '', 0),
(223, 1, '1008861', 140, 0, '0000-00-00', '', '', '', 0),
(224, 28, '284068', 140, 0, '0000-00-00', '', '', '', 0),
(225, 7, '5267', 99, 0, '0000-00-00', '', '', '', 0),
(226, 33, '35593', 99, 0, '0000-00-00', '', '', '', 0),
(227, 38, '19-10944', 99, 0, '0000-00-00', '', '', '', 0),
(228, 69, '9189', 99, 0, '0000-00-00', '', '', '', 0),
(229, 70, '1512', 99, 0, '0000-00-00', '', '', '', 0),
(230, 7, '5267', 98, 0, '0000-00-00', '', '', '', 0),
(231, 19, '6753', 98, 0, '0000-00-00', '', '', '', 0),
(232, 25, '7044', 98, 0, '0000-00-00', '', '', '', 0),
(233, 33, '35589', 98, 0, '0000-00-00', '', '', '', 0),
(234, 19, '6754', 100, 0, '0000-00-00', '', '', '', 0),
(235, 35, '101008374', 100, 0, '0000-00-00', '', '', '', 0),
(236, 18, '0127603', 141, 0, '0000-00-00', '', '', '', 0),
(237, 4, '5042753', 141, 0, '0000-00-00', '', '', '', 0),
(238, 38, '2000183', 141, 0, '0000-00-00', '', '', '', 0),
(239, 13, '1000296', 141, 0, '0000-00-00', '', '', '', 0),
(240, 103, 'PI100347', 141, 0, '0000-00-00', '', '', '', 0),
(241, 70, '0001564', 141, 0, '0000-00-00', '', '', '', 0),
(242, 98, '0001688', 101, 0, '0000-00-00', '', '', '', 0),
(243, 70, '0001527', 101, 0, '0000-00-00', '', '', '', 0),
(244, 18, '0127397', 101, 0, '0000-00-00', '', '', '', 0),
(245, 33, '0035619', 101, 7, '2020-01-13', '', '', '', 0),
(246, 7, '0005273', 101, 8, '2020-01-13', '', '', '', 0),
(247, 38, '2000042', 101, 9, '2020-01-13', '', '', '', 0),
(248, 29, '0002708', 101, 10, '2020-01-13', '', '', '', 0),
(249, 25, '0007047', 101, 11, '2020-01-13', '', '', '', 0),
(250, 69, '7418644', 101, 12, '2020-01-13', '', '', '', 0),
(251, 1, '1008873', 101, 13, '2020-01-13', '', '', '', 0),
(252, 19, '0006760', 103, 14, '2020-01-13', '', '', '', 0),
(253, 2, '30994', 102, 15, '2020-01-13', '', '', '', 0),
(254, 25, '0007047', 102, 16, '2020-01-13', '', '', '', 0),
(255, 19, '0006762', 111, 17, '2020-01-13', '', '', '', 0),
(256, 25, '0007048', 111, 18, '2020-01-13', '', '', '', 0),
(257, 2, '30994', 106, 19, '2020-01-13', '', '', '', 0),
(258, 2, '0030994', 104, 20, '2020-01-13', '', '', '', 0),
(259, 67, '0016517', 104, 21, '2020-01-13', '', '', '', 0),
(260, 67, '0016517', 108, 22, '2020-01-13', '', '', '', 0),
(261, 25, '0007047', 105, 23, '2020-01-13', '', '', '', 0),
(262, 33, '0035709', 118, 24, '2020-01-13', '', '', '', 0),
(263, 38, '2000166', 118, 25, '2020-01-13', '', '', '', 0),
(264, 18, '0127568', 118, 26, '2020-01-13', '', '', '', 0),
(265, 69, '7418795', 118, 27, '2020-01-13', '', '', '', 0),
(266, 70, '0001559', 118, 28, '2020-01-13', '', '', '', 0),
(267, 7, '0005278', 109, 29, '2020-01-13', '', '', '', 0),
(268, 9, '0013879', 109, 30, '2020-01-13', '', '', '', 0),
(269, 25, '0007048', 109, 31, '2020-01-13', '', '', '', 0),
(270, 38, '2000061', 109, 32, '2020-01-13', '', '', '', 0),
(271, 70, '0001537', 109, 33, '2020-01-13', '', '', '', 0),
(272, 7, '0005278', 110, 34, '2020-01-13', '', '', '', 0),
(273, 25, '0007048', 110, 35, '2020-01-13', '', '', '', 0),
(274, 33, '0035641', 110, 36, '2020-01-13', '', '', '', 0),
(275, 38, '2000061', 110, 37, '2020-01-13', '', '', '', 0),
(276, 36, '0021489', 117, 38, '2020-01-13', '', '', '', 0),
(277, 25, '0007047', 107, 39, '2020-01-13', '', '', '', 0),
(278, 38, '2000042', 107, 40, '2020-01-13', '', '', '', 0),
(279, 43, '128734', 78, 41, '2020-01-13', '', '', '', 0),
(280, 19, '0006789', 147, 42, '2020-01-13', '', '', '', 0),
(281, 7, '5250', 138, 43, '2020-01-15', '', '', '', 0),
(282, 38, '19-10372', 64, 44, '2020-01-15', '', '', '', 0),
(283, 33, '35357/35362', 79, 45, '2020-01-15', '', '', '', 0),
(284, 38, '19-10469', 69, 46, '2020-01-15', '', '', '', 0),
(285, 2, '0031089', 134, 47, '2020-01-16', '', '', '', 0),
(286, 2, '0031089', 133, 48, '2020-01-16', '', '', '', 0),
(287, 67, '0016567', 133, 49, '2020-01-16', '', '', '', 0),
(288, 19, '0006775', 134, 50, '2020-01-16', '', '', '', 0),
(289, 25, '0007055', 134, 51, '2020-01-16', '', '', '', 0),
(290, 67, '0016601', 137, 52, '2020-01-16', '', '', '', 0),
(291, 67, '16601', 143, 53, '2020-01-16', '', '', '', 0),
(292, 106, '0058097', 165, 54, '2020-01-16', '', '', '', 0),
(293, 33, '0035771', 142, 55, '2020-01-16', '', '', '', 0),
(294, 83, '0193755', 142, 56, '2020-01-16', '', '', '', 0),
(295, 38, '2000250', 142, 57, '2020-01-16', '', '', '', 0),
(296, 7, '0005301', 142, 58, '2020-01-16', '', '', '', 0),
(297, 70, '0001578', 142, 59, '2020-01-16', '', '', '', 0),
(298, 70, '0001578', 142, 60, '2020-01-16', '', '', '', 0),
(299, 104, '0016080', 171, 61, '2020-01-16', '', '', '', 0),
(300, 33, '0035845', 148, 62, '2020-01-16', '', '', '', 0),
(301, 83, '0193780', 148, 63, '2020-01-16', '', '', '', 0),
(302, 38, '2000346', 148, 64, '2020-01-16', '', '', '', 0),
(303, 7, '001-002-0005312', 148, 65, '2020-01-16', '', '', '', 0),
(304, 70, '0001597', 148, 66, '2020-01-16', '', '', '', 0),
(305, 1, '1008957', 149, 67, '2020-01-16', '', '', '', 0),
(306, 33, '0035823', 149, 68, '2020-01-16', '', '', '', 0),
(307, 19, '0006796', 161, 69, '2020-01-16', '', '', '', 0),
(308, 19, '0006791', 164, 70, '2020-01-16', '', '', '', 0),
(309, 7, '0005294', 132, 71, '2020-01-16', '', '', '', 0),
(310, 19, '0006776', 132, 72, '2020-01-16', '', '', '', 0),
(311, 25, '0007054', 132, 73, '2020-01-16', '', '', '', 0),
(312, 33, '0035721', 132, 74, '2020-01-16', '', '', '', 0),
(313, 2, '0031222', 164, 75, '2020-01-16', '', '', '', 0),
(314, 2, '0031222', 162, 76, '2020-01-16', '', '', '', 0),
(315, 67, '0016644', 162, 77, '2020-01-16', '', '', '', 0),
(316, 2, '0031222', 163, 78, '2020-01-16', '', '', '', 0),
(317, 33, '0035864', 161, 79, '2020-01-16', '', '', '', 0),
(318, 7, '0005317', 161, 80, '2020-01-16', '', '', '', 0),
(319, 25, '0007056', 161, 81, '2020-01-16', '', '', '', 0),
(320, 25, '0007057', 164, 82, '2020-01-16', '', '', '', 0),
(321, 60, '2692', 176, 83, '2020-01-16', '', '', '', 0),
(322, 60, '2687', 156, 84, '2020-01-16', '', '', '', 0),
(323, 18, '0127882', 177, 85, '2020-01-17', '', '', '', 0),
(324, 103, '0100763', 177, 86, '2020-01-17', '', '', '', 0),
(325, 13, '1000510', 177, 87, '2020-01-17', '', '', '', 0),
(326, 70, '0001608', 177, 88, '2020-01-17', '', '', '', 0),
(327, 38, '2000416', 177, 89, '2020-01-17', '', '', '', 0),
(328, 7, '0005320', 173, 90, '2020-01-17', '', '', '', 0),
(329, 38, '2000417', 172, 91, '2020-01-17', '', '', '', 0),
(330, 107, '1052', 185, 92, '2020-01-17', '', '', '', 0),
(331, 113, '204', 183, 93, '2020-01-17', '', '', '', 0),
(332, 116, '10557', 184, 94, '2020-01-17', '', '', '', 0),
(333, 107, '1042', 182, 95, '2020-01-17', '', '', '', 0),
(334, 29, '', 186, 0, '2020-01-20', '000-00080334', '309-01096126', 'ATLAS AIR INC', 0),
(335, 41, '', 190, 0, '2020-01-20', '145-0741-8751', '2574', 'CARGO', 0),
(336, 66, '', 190, 0, '2020-01-20', '145-0741-8751', 'CM700898541', 'CARGO', 0),
(337, 4, '', 177, 0, '2020-01-20', '123', '1231', '123123', 0),
(338, 41, '', 145, 0, '2020-01-20', '145-0741-8751', '2574', 'CARGO', 0),
(339, 68, '', 145, 0, '2020-01-20', '145-0741-8751', '2574', 'CARGO', 0),
(340, 7, '5331', 187, 2624, '2020-01-20', '145-0741-9171', '727990', 'LAN', 0),
(341, 18, '127996/127997/127998', 187, 2625, '2020-01-20', '145-0741-9171', '727901', 'LAN', 0),
(342, 33, '35980/35958', 187, 2626, '2020-01-20', '145-0741-9171', '727926', 'LAN', 0),
(343, 39, '3792', 187, 2627, '2020-01-20', '145-0741-9171', '727910', 'LAN', 0),
(344, 70, '1656', 187, 2628, '2020-01-20', '145-0741-9171', '727984', 'LAN', 0),
(345, 18, '127999', 188, 2629, '2020-01-20', '145-0741-9171', '727901', 'LAN', 0),
(346, 69, '9366', 188, 2630, '2020-01-20', '145-0741-9171', '727942', 'LAN', 0),
(347, 70, '1644', 188, 2631, '2020-01-20', '145-0741-9171', '727984', 'LAN', 0),
(348, 56, '7461', 168, 2632, '2020-01-20', '145-0741-9171', '727951', 'LAN', 0),
(349, 18, '128040', 189, 2633, '2020-01-20', '145-0741-9182', '727903', 'LAN', 0),
(350, 39, '3791', 189, 2634, '2020-01-20', '145-0741-9182', '727913', 'LAN', 0),
(351, 69, '9371', 189, 2635, '2020-01-20', '145-0741-9182', '727944', 'LAN', 0),
(352, 70, '1645', 189, 2636, '2020-01-20', '145-0741-9182', '727985', 'LAN', 0),
(353, 116, '10569', 202, 2624, '2020-01-20', '369-77238884', '2162586', 'ATLAS AIR INC', 0),
(354, 7, '5325', 179, 2643, '2020-01-20', '145-07419090', '772541', 'LAN', 0),
(355, 33, '35918/35909', 179, 2644, '2020-01-20', '145-07419090', '774541', 'LAN', 0),
(356, 38, '20-00455', 179, 2645, '2020-01-20', '145-07419090', '774154', 'LAN', 0),
(357, 70, '1628', 179, 2646, '2020-01-20', '145-07419090', '774154', 'LAN', 0),
(358, 83, '193819', 179, 2647, '2020-01-20', '145-07419090', '774154', 'LAN ', 0),
(359, 56, '7445', 166, 2642, '2020-01-20', '145-07419090', '772154', 'LAN', 0),
(360, 2, '31279', 178, 2641, '2020-01-20', '145-07419090', '777245', 'LAN', 0),
(361, 18, '127950', 181, 2638, '2020-01-20', '145-07419090', '727737', 'lan', 0),
(362, 69, '9349', 181, 2639, '2020-01-20', '145-07419090', '727737', 'LAN', 0),
(363, 70, '1631', 181, 2640, '2020-01-20', '145-07419090', '72773', 'LAN', 0),
(364, 56, '7445/7452', 167, 2648, '2020-01-20', '145-07419090', '717454', 'LAN', 0),
(365, 60, '2693', 203, 2637, '2020-01-20', '729-62469116', 'FC1143472', 'LAN CARGO', 0),
(366, 89, '4064224', 204, 2649, '2020-01-20', '369-77238884', '2162331', 'LAN', 0),
(367, 70, '1623', 205, 2650, '2020-01-20', '157-5951-0183', '929267', 'QATAR AIRLINE', 0),
(368, 83, '193818', 193, 2651, '2020-01-20', '369-7724-6201', 'CMU-00046991', 'ATLAS AIR', 0),
(370, 2, '31274', 191, 2653, '2020-01-20', '369-7724-6201', 'CMU-0004-6978', 'ATLAS AIR', 0),
(371, 33, '35972', 194, 2654, '2020-01-20', '172-35757761', '1003474', 'lan', 0),
(372, 33, '35962', 195, 2655, '2020-01-20', '172-35757761', '742551', 'lan', 0),
(373, 33, '35967', 196, 2656, '2020-01-20', '172-35757761', '715471', 'LAN', 0),
(374, 33, '35961', 197, 2657, '2020-01-20', '145-07419090', '777245', 'LAN', 0),
(375, 33, '35971', 198, 2658, '2020-01-20', '172-35757761', '714571', 'LAN', 0),
(376, 33, '35960', 199, 2659, '2020-01-20', '172-35757761', '715457', 'LAN', 0),
(377, 33, '35969', 200, 2660, '2020-01-20', '172-35757761', '715471', 'LAN', 0),
(378, 33, '35963', 201, 2661, '2020-01-20', '172-35757761', '777245', 'LAN', 0),
(379, 2, '31274', 206, 2662, '2020-01-21', '369-7724-6201', 'CMU-0004-6978', 'ATLAS AIR', 0),
(380, 2, '31274', 207, 2663, '2020-01-21', '369-7724-6201', 'CMU-0004-6978', 'ATLAS AIR', 0),
(381, 25, '7059', 216, 2664, '2020-01-21', '145-07419134', '727836', 'LAN', 0),
(382, 18, '128092/128114', 220, 2665, '2020-01-21', '145-0741-9296', '728073', 'LAN', 0),
(383, 19, '6815', 220, 2666, '2020-01-21', '145-0741-9296', '728200', 'LAN', 0),
(384, 25, '7062', 220, 2667, '2020-01-21', '145-0741-9296', '728130', 'LAN', 0),
(385, 29, '2765', 220, 2668, '2020-01-21', '145-0741-9296', '728139', 'LAN', 0),
(386, 33, '35994/35991', 220, 2669, '2020-01-21', '145-0741-9296', '728101', 'LAN', 0),
(387, 39, '3795', 220, 2670, '2020-01-21', '145-0741-9296', '728157', 'LAN', 0),
(388, 117, '461', 220, 2671, '2020-01-21', '145-0741-9296', '728272', 'LAN', 0),
(389, 2, '31354', 213, 2672, '2020-01-21', '145-0741-9296', '728231', 'LAN', 0),
(390, 7, '5336', 219, 2673, '2020-01-21', '145-0741-9296', '728203', 'LAN', 0),
(391, 9, '', 219, 2674, '2020-01-21', '145-0741-9296', '728262', 'LAN', 0),
(392, 33, '35986', 219, 2675, '2020-01-21', '145-0741-9296', '728101', 'LAN', 0),
(393, 38, '20-00562', 219, 2676, '2020-01-21', '145-0741-9296', '728275', 'LAN', 0),
(394, 70, '1649', 219, 2677, '2020-01-21', '145-0741-9296', '728167', 'LAN', 0),
(395, 83, '193855', 219, 2678, '2020-01-21', '145-0741-9296', '728223', 'LAN', 0),
(396, 18, '128110', 211, 2679, '2020-01-21', '145-0741-9296', '728073', 'LAN', 0),
(397, 39, '3795', 211, 2680, '2020-01-21', '145-0741-9296', '728157', 'LAN', 0),
(398, 69, '9384', 211, 2681, '2020-01-21', '145-0741-9296', '728196', 'LAN', 0),
(399, 70, '1660', 211, 2682, '2020-01-21', '145-0741-9296', '728167', 'LAN', 0),
(400, 7, '5335', 221, 2683, '2020-01-21', '145-0741-9285', '728202', 'LAN', 0),
(401, 9, '', 221, 2684, '2020-01-21', '145-0741-9285', '728263', 'LAN', 0),
(402, 19, '6813', 221, 2685, '2020-01-21', '145-0741-9285', '728271', 'LAN', 0),
(403, 25, '7063', 221, 2686, '2020-01-21', '145-0741-9285', '728207', 'LAN', 0),
(404, 2, '31332', 209, 2687, '2020-01-21', '145-0741-9285', '728216', 'LAN', 0),
(405, 2, '31332', 210, 2688, '2020-01-21', '145-0741-9285', '728216', 'LAN', 0),
(406, 2, '31332', 214, 2689, '2020-01-21', '145-0741-9285', '728216', 'LAN', 0),
(407, 56, '7463', 169, 2690, '2020-01-21', '145-0741-9285', '728133', 'LAN', 0),
(408, 7, '5335', 208, 2691, '2020-01-21', '145-0741-9285', '728202', 'LAN', 0),
(409, 18, '128080', 208, 2692, '2020-01-21', '145-0741-9285', '728072', 'LAN', 0),
(410, 33, '36022/36027', 208, 2693, '2020-01-21', '145-0741-9285', '728270', 'LAN', 0),
(411, 39, '3796', 208, 2694, '2020-01-21', '145-0741-9285', '728149', 'LAN', 0),
(412, 70, '1662', 208, 2695, '2020-01-21', '145-0741-9285', '728171', 'LAN', 0),
(413, 38, '20-00585', 215, 2696, '2020-01-21', '145-0741-9285', '728228', 'LAN', 0),
(414, 25, '7058', 222, 2697, '2020-01-21', '074-34274446', 'UIO-03710175', 'LAN', 0),
(415, 53, '7855', 223, 2698, '2020-01-21', '729-62469120', 'FC1144001', 'LAN', 0),
(416, 60, '2694', 223, 2699, '2020-01-21', '729-62469120', 'FC1144001', 'LAN', 0),
(417, 29, '2764', 221, 2700, '2020-01-21', '145-0741-9285', '728137', 'LAN', 0),
(418, 33, '35995/35997', 221, 2701, '2020-01-21', '145-0741-9285', '728270', 'LAN', 0),
(419, 39, '3796', 221, 2702, '2020-01-21', '145-0741-9285', '728149', 'LAN', 0),
(420, 56, '7463', 221, 2703, '2020-01-21', '145-0741-9285', '728133', 'LAN', 0),
(421, 69, '9381', 221, 2704, '2020-01-21', '145-0741-9285', '728145', 'LAN', 0),
(422, 70, '1659', 221, 2705, '2020-01-21', '145-0741-9285', '728171', 'LAN', 0),
(423, 2, '31334', 217, 2710, '2020-01-21', '172-35757761', '777245', 'LAN', 0),
(424, 117, '460', 221, 2706, '2020-01-21', '145-0741-9285', '728215', 'LAN', 0),
(425, 118, '2357', 221, 2707, '2020-01-21', '145-0741-9285', '728102', 'LAN', 0),
(426, 2, '31334', 224, 2708, '2020-01-21', '145-07432983', 'CMU-0048076', 'LAN', 0),
(427, 9, '13999', 217, 2709, '2020-01-21', '145-07432983', '777245', 'LAN', 0),
(428, 7, '5335', 212, 2711, '2020-01-21', '145-0741-9285', '728202', 'LAN', 0),
(429, 18, '128091', 212, 2712, '2020-01-21', '145-0741-9285', '728072', 'LAN', 0),
(430, 69, '9381', 212, 2713, '2020-01-21', '145-0741-9285', '728145', 'LAN', 0),
(431, 70, '1650', 212, 2714, '2020-01-21', '145-0741-9285', '728171', 'LAN', 0),
(432, 33, '35990', 218, 2715, '2020-01-21', '406-05226550', 'UIO03712955', 'LAN', 0),
(433, 83, '193847', 225, 2717, '2020-01-22', '145-07432983', '777245', 'LAN', 0),
(434, 25, '7061', 225, 2716, '2020-01-22', '145-07432983', '777245', 'LAN', 0),
(435, 25, '7060', 226, 2718, '2020-01-22', '369-77241942', 'EBF1742664', 'LAN', 0),
(436, 117, '458', 226, 2719, '2020-01-22', '157-59508072', '777245', 'LAN', 0),
(437, 2, '8923', 150, 2720, '2020-01-22', '145-07418655', '725578', 'LAN', 0),
(438, 34, '9536', 150, 2721, '2020-01-22', '145-07418655', '725578', 'LAN', 0),
(439, 53, '2147', 150, 2722, '2020-01-22', '145-07418655', '725578', 'LAN', 0),
(440, 2, '8933', 151, 2723, '2020-01-22', '145-07418692', '725754', 'LAN', 0),
(441, 34, '9558', 151, 2724, '2020-01-22', '145-07418692', '725754', 'LAN', 0),
(442, 25, '15', 152, 2725, '2020-01-22', '369-77236445', '725764', 'LAN', 0),
(443, 34, '9558', 152, 2726, '2020-01-22', '369-77236445', '725764', 'LAN', 0),
(444, 2, '8936', 231, 2727, '2020-01-22', '729-62433512', '726014', 'LAN', 0),
(445, 53, '2147', 231, 2728, '2020-01-22', '729-62433512', '726014', 'LAN', 0),
(446, 118, '2357', 235, 2757, '2020-01-22', '145-0741-9230', '728434', 'LAN', 0),
(447, 2, '8939', 236, 2729, '2020-01-22', '729-62433545', '726236', 'LAN', 0),
(448, 2, '8952', 144, 2730, '2020-01-22', '145-07418865', '726557', 'LAN', 0),
(449, 34, '9619', 144, 2731, '2020-01-22', '145-07418865', '726557', 'LAN', 0),
(450, 53, '2147', 144, 2732, '2020-01-22', '145-07418865', '726557', 'LAN', 0),
(451, 56, '7467', 170, 2733, '2020-01-22', '145-0741-9230', '728438', 'LAN', 0),
(452, 7, '5338', 228, 2734, '2020-01-22', '145-0741-9230', '728446', 'LAN', 0),
(453, 18, '128128/128129/128127', 228, 2735, '2020-01-22', '456-0014-3102', '728367', 'LAN', 0),
(454, 33, '36031/36030', 228, 2736, '2020-01-22', '145-0741-9230', '728360', 'LAN', 0),
(455, 39, '3803', 228, 2737, '2020-01-22', '145-0741-9230', '728406', 'LAN', 0),
(456, 70, '1681', 228, 2738, '2020-01-22', '145-0741-9230', '728435', 'LAN', 0),
(457, 56, '7467', 232, 2739, '2020-01-22', '145-0741-9230', '728438', 'LAN', 0),
(458, 69, '9393', 232, 2740, '2020-01-22', '145-0741-9230', '728392', 'LAN', 0),
(459, 70, '1680', 232, 2741, '2020-01-22', '145-0741-9230', '728435', 'LAN', 0),
(460, 18, '128130', 234, 2742, '2020-01-22', '456-0014-3102', '728367', 'LAN', 0),
(461, 32, '13708', 234, 2743, '2020-01-22', '145-0741-9230', '728445', 'LAN', 0),
(462, 2, '31358', 227, 2744, '2020-01-22', '145-0741-9230', '728417', 'LAN', 0),
(463, 19, '6823', 227, 2745, '2020-01-22', '145-0741-9230', '728375', 'LAN', 0),
(464, 25, '7062', 227, 2746, '2020-01-22', '145-0741-9230', '728349', 'LAN', 0),
(465, 7, '5338', 233, 2747, '2020-01-22', '145-0741-9230', '728446', 'LAN', 0),
(466, 7, '5338', 235, 2748, '2020-01-22', '145-0741-9230', '728446', 'LAN', 0),
(467, 19, '6822', 235, 2749, '2020-01-22', '145-0741-9230', '728375', 'LAN', 0),
(468, 25, '7061', 235, 2750, '2020-01-22', '145-0741-9230', '728349', 'LAN', 0),
(469, 29, '2766', 235, 2751, '2020-01-22', '145-0741-9230', '728428', 'LAN', 0),
(470, 33, '36041/36026', 235, 2752, '2020-01-22', '145-0741-9230', '728360', 'LAN', 0),
(471, 39, '3803', 235, 2753, '2020-01-22', '145-0741-9230', '728406', 'LAN', 0),
(472, 56, '7467', 235, 2754, '2020-01-22', '145-0741-9230', '728438', 'LAN', 0),
(473, 69, '9393', 235, 2755, '2020-01-22', '145-0741-9230', '728392', 'LAN', 0),
(474, 70, '1675', 235, 2756, '2020-01-22', '145-0741-9230', '728435', 'LAN', 0),
(475, 18, '128131', 230, 2758, '2020-01-22', '456-0014-3102', '728367', 'LAN', 0),
(476, 69, '9393', 230, 2759, '2020-01-22', '145-0741-9230', '728392', 'LAN', 0),
(477, 70, '1674', 230, 2760, '2020-01-22', '145-0741-9230', '728435', 'LAN', 0),
(478, 2, '31358', 238, 2761, '2020-01-22', '145-0741-9230', '728417', 'LAN', 0),
(479, 19, '6824', 240, 2762, '2020-01-22', '145-0741-9230', '728375', 'LAN', 0),
(480, 25, '7060', 240, 2763, '2020-01-22', '145-0741-9230', '728349', 'LAN', 0),
(481, 33, '36025', 240, 2764, '2020-01-22', '145-0741-9230', '728360', 'LAN', 0),
(482, 2, '31358', 237, 2765, '2020-01-22', '145-0741-9230', '728417', 'LAN', 0),
(483, 56, '7467', 239, 2766, '2020-01-22', '145-0741-9230', '728438', 'LAN', 0),
(484, 43, '131141', 230, 2767, '2020-01-22', '456-0014-3102', '728487', 'TRANSCARIBEAN', 0),
(485, 117, '462', 235, 2768, '2020-01-22', '456-0014-3102', '728476', 'TRANSCARIBEAN', 0),
(486, 67, '16718', 237, 2769, '2020-01-22', '145-0741-9230', '728402', 'LAN', 0),
(487, 18, '128132', 229, 2770, '2020-01-22', '456-0014-3113', '728370', 'TRANSCARIBEAN', 0),
(488, 39, '3804', 229, 2771, '2020-01-22', '456-0014-3113', '728407', 'TRANSCARIBEAN', 0),
(489, 69, '9398', 229, 2772, '2020-01-22', '456-0014-3113', '728393', 'TRANSCARIBEAN', 0),
(490, 70, '1676', 229, 2773, '2020-01-22', '456-0014-3113', '728436', 'TRANSCARIBEAN', 0),
(491, 7, '5338', 240, 2774, '2020-01-22', '145-0741-9230', '728446', 'LAN', 0),
(492, 60, '1058', 242, 2775, '2020-01-22', '369-77238910', '777245', 'LAN', 0),
(493, 107, '1058', 242, 2776, '2020-01-22', '369-77238910', '777245', 'LAN', 0),
(494, 107, '1058', 243, 2777, '2020-01-22', '369-77238910', '777245', 'LAN', 0),
(495, 9, '14008', 244, 2778, '2020-01-22', '729-62475943', 'LA0010011109', 'LAN', 0),
(496, 33, '36040', 245, 2779, '2020-01-23', '406-06707326', 'UIO03715810', 'LAN', 0),
(497, 33, '36034', 246, 2780, '2020-01-23', '406-0670-7326', 'UIO03715810', 'UPS', 0),
(498, 33, '36037', 241, 2781, '2020-01-23', '406-05226550', 'UIO03715810', 'UPS', 0),
(499, 2, '8958', 251, 2782, '2020-01-23', '145-07418880', '726746', 'LAN', 0),
(500, 53, '2147', 251, 2783, '2020-01-23', '145-07418880', '726746', 'LAN', 0),
(501, 34, '9637', 251, 2784, '2020-01-23', '145-07418880', '726746', 'LAN', 0),
(502, 2, '8959', 256, 2785, '2020-01-23', '145-07418924', '726778', 'LAN', 0),
(503, 25, '16', 256, 2786, '2020-01-23', '145-07418924', '726778', 'LAN', 0),
(504, 34, '9637', 256, 2787, '2020-01-23', '145-07418924', '726778', 'LAN', 0),
(505, 2, '8964', 259, 2788, '2020-01-23', '729-62433560', '727048', 'TAMPA', 0),
(506, 7, '5351', 250, 2789, '2020-01-23', '456-0014-3135', '728645', 'TRANSCARIBEAN', 0),
(507, 39, '3810', 250, 2790, '2020-01-23', '456-0014-3135', '728545', 'TRANSCARIBEAN', 0),
(508, 18, '128190', 252, 2791, '2020-01-23', '456-0014-3135', '728624', 'TRANSCARIBEAN', 0),
(509, 39, '3810', 252, 2792, '2020-01-23', '456-0014-3135', '728545', 'TRANSCARIBEAN', 0),
(510, 69, '9409', 252, 2793, '2020-01-23', '456-0014-3135', '728625', 'TRANSCARIBEAN', 0),
(511, 70, '1696', 252, 2794, '2020-01-23', '456-0014-3135', '728605', 'TRANSCARIBEAN', 0),
(512, 7, '5350', 247, 2795, '2020-01-23', '145-0741-9370', '728644', 'LAN', 0),
(513, 18, '128185', 247, 2796, '2020-01-23', '145-0741-9370', '728614', 'LAN', 0),
(514, 33, '36072/36068', 247, 2797, '2020-01-23', '456-0014-3124', '728551', 'TRANSCARIBEAN', 0),
(515, 39, '3809', 247, 2798, '2020-01-23', '145-0741-9370', '728544', 'LAN', 0),
(516, 70, '1698', 247, 2799, '2020-01-23', '145-0741-9370', '728594', 'LAN', 0),
(517, 56, '7470', 254, 2800, '2020-01-23', '456-0014-3124', '728546', 'TRANSCARIBEAN', 0),
(518, 69, '9406', 254, 2801, '2020-01-23', '145-0741-9370', '728622', 'LAN', 0),
(519, 70, '1697', 254, 2802, '2020-01-23', '145-0741-9370', '728594', 'LAN', 0),
(520, 2, '31388', 258, 2803, '2020-01-23', '456-0014-3124', '728570', 'TRANSCARIBEAN', 0),
(521, 18, '128187/128188', 258, 2804, '2020-01-23', '145-0741-9370', '728614', 'LAN', 0),
(522, 19, '6825', 258, 2805, '2020-01-23', '456-0014-3124', '728617', 'TRANSCARIBEAN', 0),
(523, 25, '7063', 258, 2806, '2020-01-23', '456-0014-3124', '728602', 'TRANSCARIBEAN', 0),
(524, 33, '36066', 258, 2807, '2020-01-23', '456-0014-3124', '728551', 'TRANSCARIBEAN', 0),
(525, 38, '', 258, 2808, '2020-01-23', '456-0014-3124', '728596', 'TRANSCARIBEAN', 0),
(526, 39, '3809', 258, 2809, '2020-01-23', '145-0741-9370', '728544', 'LAN', 0),
(527, 67, '16737', 258, 2810, '2020-01-23', '456-0014-3124', '728548', 'TRANSCARIBEAN', 0),
(528, 118, '2369', 258, 2811, '2020-01-23', '456-0014-3124', '728572', 'TRANSCARIBEAN', 0),
(529, 18, '128186', 255, 2812, '2020-01-23', '145-0741-9370', '728614', 'TRANSCARIBEAN', 0),
(530, 32, '13712', 255, 2813, '2020-01-23', '456-0014-3124', '728618', 'TRANSCARIBEAN', 0),
(531, 18, '128189', 253, 2814, '2020-01-23', '145-0741-9370', '728614', 'LAN', 0),
(532, 69, '9406', 253, 2815, '2020-01-23', '145-0741-9370', '728622', 'LAN', 0),
(533, 70, '1694', 253, 2816, '2020-01-23', '145-0741-9370', '728594', 'LAN', 0),
(534, 2, '31389', 248, 2817, '2020-01-23', '456-0014-3124', '728570', 'TRANSCARIBEAN', 0),
(535, 106, '59443', 257, 2818, '2020-01-23', '456-0014-3124', '728578', 'TRANSCARIBEAN', 0),
(536, 7, '5350', 260, 2819, '2020-01-23', '145-0741-9370', '728644', 'LAN', 0),
(537, 19, '6826', 260, 2820, '2020-01-23', '456-0014-3124', '728617', 'TRANSCARIBEAN', 0),
(538, 25, '7063', 260, 2821, '2020-01-23', '456-0014-3124', '728602', 'TRANSCARIBEAN', 0),
(539, 29, '2770', 260, 2822, '2020-01-23', '145-0741-9370', '728669', 'LAN', 0),
(540, 33, '36056/36069', 260, 2823, '2020-01-23', '456-0014-3124', '728551', 'TRANSCARIBEAN', 0),
(541, 39, '3809', 260, 2824, '2020-01-23', '145-0741-9370', '728544', 'LAN', 0),
(542, 56, '7470', 260, 2825, '2020-01-23', '456-0014-3124', '728546', 'TRANSCARIBEAN', 0),
(543, 69, '9406', 260, 2826, '2020-01-23', '145-0741-9370', '728622', 'LAN', 0),
(544, 70, '1695', 260, 2827, '2020-01-23', '145-0741-9370', '728594', 'LAN', 0),
(545, 117, '464', 260, 2828, '2020-01-23', '456-0014-3124', '728538', 'TRANSCARIBEAN', 0),
(546, 118, '2368', 260, 2829, '2020-01-23', '456-0014-3124', '728572', 'TRANSCARIBEAN', 0),
(547, 56, '7470', 261, 2830, '2020-01-23', '456-0014-3124', '728546', 'TRANSCARIBEAN', 0),
(548, 56, '7470', 249, 2831, '2020-01-23', '456-0014-3124', '728546', 'TRANSCARIBEAN', 0),
(549, 70, '1700', 249, 2832, '2020-01-23', '145-0741-9370', '728594', 'LAN', 0),
(550, 60, '2695', 263, 2833, '2020-01-23', '369-77238976', '2166432', 'ATLAS', 0),
(551, 2, '8969', 265, 2834, '2020-01-24', '145-07419005', '727212', 'LAN', 0),
(552, 4, '5042801', 264, 2836, '2020-01-24', '157-5830-8095', '582504', 'QATAR AIRWAYS CARGO', 0),
(553, 109, '492', 265, 2835, '2020-01-24', '145-07419005', '727212', 'LAN', 0),
(554, 18, '0128142', 264, 2837, '2020-01-24', '157-5830-8095', '582610', 'QATAR AIRWAYS CARGO', 0),
(555, 70, '0001679', 264, 2839, '2020-01-24', '157-5830-8095', '582462', 'QATAR AIRWAYS CARGO', 0),
(556, 103, '0100959', 264, 2840, '2020-01-24', '157-5830-8095', '582562', 'QATAR AIRWAYS CARGO', 0),
(557, 38, '2000602', 264, 2838, '2020-01-24', '157-5830-8095', '582554', 'QATAR AIRWAYS CARGO', 0),
(558, 7, '5354', 275, 2841, '2020-01-24', '145-0741-9451', '728896', 'LAN', 0),
(559, 18, '128283', 275, 2842, '2020-01-24', '456-0014-3146', '728807', 'TRANSCARIBEAN', 0),
(560, 33, '36112/36109', 275, 2843, '2020-01-24', '456-0014-3146', '728809', 'TRANSCARIBEAN', 0),
(561, 39, '3814', 275, 2844, '2020-01-24', '456-0014-3146', '728763', 'TRANSCARIBEAN', 0),
(562, 70, '1720', 275, 2845, '2020-01-24', '456-0014-3146', '728868', 'TRANSCARIBEAN', 0),
(563, 7, '5354', 283, 2846, '2020-01-24', '145-0741-9451', '728896', 'LAN', 0),
(564, 19, '6833', 283, 2847, '2020-01-24', '456-0014-3146', '728818', 'TRANSCARIBEAN', 0),
(565, 25, '7064', 283, 2848, '2020-01-24', '456-0014-3146', '728876', 'TRANSCARIBEAN', 0),
(566, 29, '2779', 283, 2849, '2020-01-24', '456-0014-3146', '728875', 'TRANSCARIBEAN', 0),
(567, 33, '36090/36091', 283, 2850, '2020-01-24', '456-0014-3146', '728809', 'TRANSCARIBEAN', 0),
(568, 39, '3814', 283, 2851, '2020-01-24', '456-0014-3146', '728763', 'TRANSCARIBEAN', 0),
(569, 43, '131393', 283, 2852, '2020-01-24', '456-0014-3146', '728893', 'TRANSCARIBEAN', 0),
(570, 56, '7476', 283, 2853, '2020-01-24', '456-0014-3146', '728871', 'TRANSCARIBEAN', 0),
(571, 69, '9418', 283, 2854, '2020-01-24', '456-0014-3146', '728745', 'TRANSCARIBEAN', 0),
(572, 70, '1718', 283, 2855, '2020-01-24', '456-0014-3146', '728868', 'TRANSCARIBEAN', 0),
(573, 117, '467', 283, 2856, '2020-01-24', '456-0014-3146', '728905', 'TRANSCARIBEAN', 0),
(574, 118, '2390', 283, 2857, '2020-01-24', '456-0014-3146', '728803', 'TRANSCARIBEAN', 0),
(575, 2, '31446', 279, 2858, '2020-01-24', '456-0014-3146', '728822', 'TRANSCARIBEAN', 0),
(576, 56, '7476', 280, 2859, '2020-01-24', '456-0014-3146', '728871', 'TRANSCARIBEAN', 0),
(577, 69, '9418', 280, 2860, '2020-01-24', '456-0014-3146', '728745', 'TRANSCARIBEAN', 0),
(578, 70, '1719', 280, 2861, '2020-01-24', '456-0014-3146', '728868', 'TRANSCARIBEAN', 0),
(579, 18, '128285', 281, 2862, '2020-01-24', '456-0014-3146', '728807', 'TRANSCARIBEAN', 0),
(580, 32, '13720', 281, 2863, '2020-01-24', '456-0014-3146', '728816', 'TRANSCARIBEAN', 0),
(581, 106, '', 273, 2864, '2020-01-24', '456-0014-3146', '728786', 'TRANSCARIBEAN', 0),
(582, 19, '', 284, 2865, '2020-01-24', '456-0014-3146', '728596', 'TRANSCARIBEAN', 0),
(583, 38, '20-00635', 284, 2866, '2020-01-24', '456-0014-3146', '728596', 'LAN', 0),
(584, 69, '9418', 274, 2867, '2020-01-24', '456-0014-3146', '728745', 'TRANSCARIBEAN', 0),
(585, 70, '1727', 274, 2868, '2020-01-24', '456-0014-3146', '728868', 'TRANSCARIBEAN', 0),
(586, 7, '5351', 282, 2869, '2020-01-24', '145-0741-9451', '728896', 'LAN', 0),
(587, 33, '36096', 282, 2870, '2020-01-24', '456-0014-3146', '728809', 'TRANSCARIBEAN', 0),
(588, 38, '20-00673', 282, 2871, '2020-01-24', '456-0014-3146', '728596', 'TRANSCARIBEAN', 0),
(589, 43, '131392', 282, 2872, '2020-01-24', '456-0014-3146', '728893', 'TRANSCARIBEAN', 0),
(590, 70, '1716', 282, 2873, '2020-01-24', '456-0014-3146', '728868', 'TRANSCARIBEAN', 0),
(591, 83, '193896', 282, 2874, '2020-01-24', '456-0014-3150', '728907', 'TRANSCARIBEAN', 0),
(592, 18, '128289', 278, 2875, '2020-01-24', '456-0014-3150', '728865', 'TRANSCARIBEAN', 0),
(593, 19, '6832', 278, 2876, '2020-01-24', '456-0014-3150', '728819', 'TRANSCARIBEAN', 0),
(594, 25, '7065', 278, 2877, '2020-01-24', '456-0014-3150', '728877', 'TRANSCARIBEAN', 0),
(595, 29, '2778', 278, 2878, '2020-01-24', '456-0014-3150', '728895', 'TRANSCARIBEAN', 0),
(596, 32, '13772', 278, 2879, '2020-01-24', '456-0014-3150', '728840', 'TRANSCARIBEAN', 0),
(597, 33, '36088/36089/36093', 278, 2880, '2020-01-24', '456-0014-3150', '728811', 'TRANSCARIBEAN', 0),
(598, 39, '3815', 278, 2881, '2020-01-24', '456-0014-3150', '728765', 'TRANSCARIBEAN', 0),
(599, 69, '9419', 278, 2882, '2020-01-24', '456-0014-3150', '728746', 'TRANSCARIBEAN', 0),
(600, 70, '1717', 278, 2883, '2020-01-24', '456-0014-3150', '728870', 'TRANSCARIBEAN', 0),
(601, 117, '468', 278, 2884, '2020-01-24', '456-0014-3150', '728904', 'TRANSCARIBEAN', 0),
(602, 7, '5351', 277, 2885, '2020-01-24', '456-0014-3150', '728898', 'TRANSCARIBEAN', 0),
(603, 39, '3815', 277, 2886, '2020-01-24', '456-0014-3150', '728765', 'TRANSCARIBEAN', 0),
(604, 16, '1594', 276, 2887, '2020-01-24', '456-0014-3146', '728911', 'TRANSCARIBEAN', 0),
(605, 33, '36057', 262, 2888, '2020-01-24', '176-10878781', 'SC001004229', 'EMIRATE', 0),
(606, 50, '127690', 283, 2889, '2020-01-24', '145-0741-9451', '728939', 'LAN', 0),
(607, 50, '127690', 284, 2890, '2020-01-24', '145-0741-9451', '728939', 'LAN', 0),
(608, 107, '1061', 285, 2891, '2020-01-24', '369-77238921', '2157429', 'ATLAS', 0),
(609, 53, '1062', 286, 2892, '2020-01-24', '369-77238921', '2175429', 'ATLAS', 0),
(610, 116, '10602', 287, 2893, '2020-01-24', '369-77238921', '2169944', 'ATLAS', 0),
(611, 116, '10602', 288, 2894, '2020-01-24', '369-77238921', '2169944', 'ATLAS', 0),
(612, 29, '2777', 291, 2895, '2020-01-25', '000-00080371', '309-01100195', 'LAN', 0),
(613, 32, '13723', 292, 2896, '2020-01-25', '369-77246223', 'CMU00049337', 'ATLAS', 0),
(614, 33, '193912', 292, 2897, '2020-01-25', '369-76484144', 'CMU-00049347', 'ATLAS', 0),
(615, 43, '131391', 292, 2898, '2020-01-25', '369-77246223', 'CMU00049350', 'ATLAS', 0),
(616, 83, '193912', 292, 2899, '2020-01-25', '369-76484144', 'CMU00049347', 'ATLAS', 0),
(617, 2, '31443', 293, 2900, '2020-01-25', '369-77246223', 'CMU-00049063', 'ATLAS', 0),
(618, 25, '7066', 294, 2901, '2020-01-25', '369-77246223', 'CMU-00049139', 'ATLAS', 0),
(619, 7, '5358', 301, 2902, '2020-01-25', '145-0741-9532', '729091', 'LAN', 0),
(620, 56, '7478', 301, 2903, '2020-01-25', '145-0741-9543', '729067', 'LAN', 0),
(621, 33, '', 300, 2904, '2020-01-25', '145-0741-9543', '729040', 'LAN', 0),
(622, 7, '58358', 308, 2905, '2020-01-25', '145-0741-9543', '729091', 'LAN', 0),
(623, 19, '6837', 308, 2906, '2020-01-25', '145-0741-9543', '729044', 'LAN', 0),
(624, 39, '3818', 308, 2907, '2020-01-25', '145-0741-9543', '729064', 'LAN', 0),
(625, 98, '1748', 308, 2908, '2020-01-25', '145-0741-9543', '729054', 'LAN', 0),
(626, 117, '476', 308, 2909, '2020-01-25', '145-0741-9543', '729071', 'LAN', 0),
(627, 118, '2395', 308, 2910, '2020-01-25', '145-0741-9543', '729051', 'LAN', 0),
(628, 25, '7069', 299, 2911, '2020-01-25', '145-0741-9543', '729042', 'LAN', 0),
(629, 33, '36131', 299, 2912, '2020-01-25', '145-0741-9543', '729040', 'LAN', 0),
(630, 18, '128287', 305, 2913, '2020-01-25', '145-0741-9543', '729038', 'LAN', 0),
(631, 99, '604', 305, 2914, '2020-01-25', '145-0741-9543', '729017', 'LAN', 0),
(632, 117, '474', 302, 2915, '2020-01-25', '145-0741-9543', '729071', 'LAN', 0),
(633, 83, '193920', 306, 2916, '2020-01-25', '145-0741-9543', '729040', 'LAN', 0),
(634, 118, '2397', 306, 2917, '2020-01-25', '145-0741-9543', '729051', 'LAN', 0),
(635, 117, '475', 311, 2918, '2020-01-25', '145-0741-9543', '729071', 'LAN', 0),
(636, 18, '128288', 307, 2919, '2020-01-25', '145-0741-9543', '729038', 'LAN', 0),
(637, 118, '2396', 307, 2920, '2020-01-25', '145-0741-9543', '729051', 'LAN', 0),
(638, 7, '5355', 296, 2921, '2020-01-25', '145-0741-9521', '729089', 'LAN', 0),
(639, 18, '128312', 296, 2922, '2020-01-25', '145-0741-9532', '729037', 'LAN', 0),
(640, 33, '36124/36123', 296, 2923, '2020-01-25', '145-0741-9532', '729039', 'LAN', 0),
(641, 39, '3817', 296, 2924, '2020-01-25', '145-0741-9532', '729062', 'LAN', 0),
(642, 70, '1735', 296, 2925, '2020-01-25', '145-0741-9532', '729082', 'LAN', 0),
(643, 29, '2780', 309, 2926, '2020-01-25', '145-0741-9532', '729060', 'LAN', 0),
(644, 117, '473', 309, 2927, '2020-01-25', '145-0741-9521', '729070', 'LAN', 0),
(645, 16, '1614', 304, 2928, '2020-01-25', '145-0741-9532', '729008', 'LAN', 0),
(646, 56, '7479', 304, 2929, '2020-01-25', '145-0741-9532', '729065', 'LAN', 0),
(647, 70, '1736', 304, 2930, '2020-01-25', '145-0741-9532', '729082', 'LAN', 0),
(648, 2, '31454', 297, 2931, '2020-01-25', '145-0741-9532', '728986', 'LAN', 0),
(649, 2, '31454', 295, 2932, '2020-01-25', '145-0741-9532', '728986', 'LAN', 0),
(650, 18, '128286/128314', 295, 2933, '2020-01-25', '145-0741-9532', '729037', 'LAN', 0),
(651, 19, '6834/6836', 295, 2934, '2020-01-25', '145-0741-9532', '729043', 'LAN', 0),
(652, 25, '7068', 295, 2935, '2020-01-25', '145-0741-9532', '729041', 'LAN', 0),
(653, 33, '36117', 295, 2936, '2020-01-25', '145-0741-9532', '729039', 'LAN', 0),
(654, 38, '20-00721', 295, 2937, '2020-01-25', '145-0741-9532', '729026', 'LAN', 0),
(655, 39, '3817', 295, 2938, '2020-01-25', '145-0741-9532', '729062', 'LAN', 0),
(656, 67, '16759', 295, 2939, '2020-01-25', '145-0741-9532', '728762', 'LAN', 0),
(657, 118, '2398', 295, 2940, '2020-01-25', '145-0741-9532', '729049', 'LAN', 0),
(658, 7, '5355', 312, 2941, '2020-01-25', '145-0741-9521', '729089', 'LAN', 0),
(659, 19, '6835', 312, 2942, '2020-01-25', '145-0741-9532', '729043', 'LAN', 0),
(660, 25, '7067', 312, 2943, '2020-01-25', '145-0741-9532', '729041', 'LAN', 0),
(661, 29, '2781', 312, 2944, '2020-01-25', '145-0741-9532', '729060', 'LAN', 0),
(662, 33, '36118/36119', 312, 2945, '2020-01-25', '145-0741-9532', '729039', 'LAN', 0),
(663, 39, '3817', 312, 2946, '2020-01-25', '145-0741-9532', '729062', 'LAN', 0),
(664, 43, '131446', 312, 2947, '2020-01-25', '145-0741-9532', '729053', 'LAN', 0),
(665, 56, '7479', 312, 2948, '2020-01-25', '145-0741-9532', '729065', 'LAN', 0),
(666, 69, '9427', 312, 2949, '2020-01-25', '145-0741-9532', '729035', 'LAN', 0),
(667, 70, '1733', 312, 2950, '2020-01-25', '145-0741-9532', '729082', 'LAN', 0),
(668, 117, '473', 312, 2951, '2020-01-25', '145-0741-9521', '729070', 'LAN', 0),
(669, 118, '2399', 312, 2952, '2020-01-25', '145-0741-9532', '729049', 'LAN', 0),
(670, 2, '31454', 298, 2953, '2020-01-25', '145-0741-9532', '728986', 'LAN', 0),
(671, 56, '7479', 303, 2954, '2020-01-25', '145-0741-9532', '729065', 'LAN', 0),
(672, 69, '9427', 303, 2955, '2020-01-25', '145-0741-9532', '729035', 'LAN', 0),
(673, 70, '1734', 303, 2956, '2020-01-25', '145-0741-9532', '729082', 'LAN', 0),
(674, 18, '128313', 310, 2957, '2020-01-25', '145-0741-9532', '729037', 'LAN', 0),
(675, 32, '13725', 310, 2958, '2020-01-25', '145-0741-9532', '729032', 'LAN', 0),
(676, 2, '31454', 313, 2959, '2020-01-25', '145-0741-9532', '728986', 'LAN', 0),
(677, 7, '5351', 314, 2960, '2020-01-25', '145-0741-9521', '729089', 'LAN', 0),
(678, 33, '36115', 328, 2961, '2020-01-26', '176-10878862', 'SC001004545', 'EMIRATE', 0),
(679, 33, '36114', 329, 2962, '2020-01-26', '176-10878862', 'SC001004545', 'EMIRATE', 0),
(680, 33, '36116', 330, 2963, '2020-01-26', '176-10878862', 'SC001004545', 'EMIRATE', 0),
(681, 33, '36122', 331, 2964, '2020-01-26', '176-10878862', 'SC001004545', 'EMIRATE', 0),
(682, 33, '36113', 332, 2965, '2020-01-26', '176-10878862', 'SC001004545', 'EMIRATE', 0),
(683, 33, '36121', 333, 2966, '2020-01-26', '176-10878862', 'SC001004545', 'EMIRATE', 0),
(684, 33, '36127', 334, 2967, '2020-01-26', '176-10878862', 'SC00100545', 'EMIRATE', 0),
(685, 33, '36132', 335, 2968, '2020-01-26', '176-10878862', 'SC001004545', 'EMIRATE', 0),
(686, 33, '36135', 337, 2969, '2020-01-27', '235-71757523', 'SC001004604', 'TURKISH', 0),
(687, 33, '36136', 336, 2970, '2020-01-27', '235-71757523', 'SC001004604', 'TURKISH', 0),
(688, 70, '1743', 338, 2971, '2020-01-27', '406-00141816', 'UIO-03722865', 'U.P.S.', 0),
(689, 34, '9756', 369, 2972, '2020-01-27', '074-31772123', 'LA0011649538', 'LAN', 0),
(690, 34, '9803', 375, 2973, '2020-01-27', '145-07419414', '728951', 'LAN', 0),
(691, 34, '9804', 376, 2974, '2020-01-27', '145-07419414', '728926', 'LAN', 0),
(692, 7, '5360', 315, 0, '0000-00-00', '', '', '', 0),
(693, 18, '128350/128312', 315, 3071, '2020-01-27', '145-0741-9576', '729113', 'LAN', 0),
(694, 33, '36133/36138', 315, 3072, '2020-01-27', '145-0741-8576', '729139', 'LAN', 0),
(695, 39, '3820', 315, 3073, '2020-01-27', '145-0741-9576', '729145', 'LAN', 0),
(696, 70, '1740', 315, 3074, '2020-01-27', '145-0741-9576', '729147', 'LAN', 0),
(697, 7, '5360+5366', 363, 2975, '2020-01-27', '145-0741-9786', '729159', 'LAN', 0),
(698, 18, '128431/128432/128421', 363, 2976, '2020-01-27', '145-0741-9786', '729169', 'LAN', 0),
(699, 33, '36154/36155', 363, 2977, '2020-01-27', '145-0741-9786', '729401', 'LAN', 0),
(700, 70, '1751', 363, 2978, '2020-01-27', '145-0741-9786', '729411', 'LAN', 0),
(701, 2, '31463', 352, 2979, '2020-01-27', '145-0741-9742', '729385', 'LAN', 0),
(702, 7, '5367', 351, 2980, '2020-01-27', '145-0741-9753', '729450', 'LAN', 0),
(703, 39, '3827', 351, 2981, '2020-01-27', '145-0741-9753', '729395', 'LAN', 0),
(704, 16, '1635', 364, 2982, '2020-01-27', '145-0741-9786', '729477', 'LAN', 0),
(705, 56, '7489', 364, 2983, '2020-01-27', '145-0741-9742', '729362', 'LAN', 0),
(706, 70, '1750', 364, 2984, '2020-01-27', '145-0741-9786', '729411', 'LAN', 0),
(707, 33, '36165', 358, 2985, '2020-01-27', '145-0741-9753', '729399', 'LAN', 0),
(708, 56, '7489', 358, 2986, '2020-01-27', '145-0741-9753', '729375', 'LAN', 0),
(709, 7, '5367', 357, 2987, '2020-01-27', '145-0741-9753', '729450', 'LAN', 0),
(710, 25, '7072', 356, 2988, '2020-01-27', '145-0741-9731', '729350', 'LAN', 0),
(711, 29, '2788', 356, 2989, '2020-01-27', '145-0741-9731', '729447', 'LAN', 0),
(712, 29, '2789', 355, 2990, '2020-01-27', '145-0741-9786', '729448', 'LAN', 0),
(713, 98, '1752', 355, 2991, '2020-01-27', '145-0741-9786', '729393', 'LAN', 0),
(714, 29, '2793', 354, 2992, '2020-01-27', '145-0741-9753', '729449', 'LAN', 0),
(715, 117, '480', 354, 2993, '2020-01-27', '145-0741-9753', '729438', 'LAN', 0),
(716, 117, '481/480', 353, 2994, '2020-01-27', '145-0741-9753', '729438', 'LAN', 0),
(717, 18, '128447', 359, 2995, '2020-01-27', '145-0741-9753', '729419', 'LAN', 0),
(718, 18, '128437', 360, 2996, '2020-01-27', '145-0741-9753', '729419', 'LAN', 0),
(719, 99, '606', 360, 2997, '2020-01-27', '145-0741-9753', '729253', 'LAN', 0),
(720, 118, '2417', 360, 2998, '2020-01-27', '145-0741-9753', '729371', 'LAN', 0),
(721, 118, '2418', 361, 2999, '2020-01-27', '145-0741-9731', '729367', 'LAN', 0),
(722, 56, '7489', 348, 3000, '2020-01-27', '145-0741-9742', '729362', 'LAN', 0),
(723, 69, '9450', 348, 3001, '2020-01-27', '145-0741-9786', '729391', 'LAN', 0),
(724, 70, '', 348, 3002, '2020-01-27', '145-0741-9786', '729411', 'LAN', 0),
(725, 7, '5367', 362, 3003, '2020-01-27', '145-0741-9753', '729450', 'LAN', 0),
(726, 19, '6846', 362, 3004, '2020-01-27', '145-0741-9753', '729368', 'LAN', 0),
(727, 39, '3827', 362, 3005, '2020-01-27', '145-0741-9753', '729395', 'LAN', 0),
(728, 98, '1751', 362, 3006, '2020-01-27', '145-0741-9753', '729396', 'LAN', 0),
(729, 117, '482', 362, 3007, '2020-01-27', '145-0741-9753', '729438', 'LAN', 0),
(730, 118, '2419', 362, 3008, '2020-01-27', '145-0741-9753', '729371', 'LAN', 0),
(731, 2, '31463', 349, 3009, '2020-01-27', '145-0741-9742', '729385', 'LAN', 0),
(732, 2, '', 350, 3010, '2020-01-27', '145-0741-9742', '729385', 'LAN', 0),
(733, 18, '128433/128434', 350, 3011, '2020-01-27', '145-0741-9786', '729169', 'LAN', 0);
INSERT INTO `invoice_provider` (`invoice_provider_id`, `provider_id`, `nro_invoice`, `buy_id`, `cod_carguera`, `date_invoice_carguera`, `awb`, `hawb`, `airline`, `is_active`) VALUES
(734, 19, '6843', 350, 3012, '2020-01-27', '145-0741-9720', '729363', 'LAN', 0),
(735, 25, '7073', 350, 3013, '2020-01-27', '145-0741-9720', '729352', 'LAN', 0),
(736, 33, '36157', 350, 3014, '2020-01-27', '145-0741-9786', '729401', 'LAN', 0),
(737, 38, '20-00755', 350, 3015, '2020-01-27', '145-0741-9786', '729428', 'LAN', 0),
(738, 39, '3826', 350, 3016, '2020-01-27', '145-0741-9720', '729389', 'LAN', 0),
(739, 67, '16778', 350, 3017, '2020-01-27', '145-0741-9720', '729296', 'LAN', 0),
(740, 118, '2420', 350, 3018, '2020-01-27', '145-0741-9786', '729365', 'LAN', 0),
(741, 18, '128445', 339, 3019, '2020-01-27', '145-0741-9731', '729421', 'LAN', 0),
(742, 19, '6845', 339, 3020, '2020-01-27', '145-0741-9731', '729364', 'LAN', 0),
(743, 25, '7072', 339, 3021, '2020-01-27', '145-0741-9731', '729350', 'LAN', 0),
(744, 29, '2790', 339, 3022, '2020-01-27', '145-0741-9731', '729447', 'LAN', 0),
(745, 33, '36158/36163', 339, 3023, '2020-01-27', '145-0741-9731', '729403', 'LAN', 0),
(746, 39, '3825', 339, 3024, '2020-01-27', '145-0741-9731', '729392', 'LAN', 0),
(747, 69, '9451', 339, 3025, '2020-01-27', '145-0741-9731', '729394', 'LAN', 0),
(748, 118, '2421', 339, 3026, '2020-01-27', '145-0741-9731', '729367', 'LAN', 0),
(749, 18, '1234', 340, 3027, '2020-01-27', '145-0741-9786', '729169', 'LAN', 0),
(750, 29, '2791', 340, 3028, '2020-01-27', '145-0741-9786', '729448', 'LAN', 0),
(751, 39, '3826', 340, 3029, '2020-01-27', '145-0741-9720', '729389', 'LAN', 0),
(752, 69, '9450', 340, 3030, '2020-01-27', '145-0741-9786', '729391', 'LAN', 0),
(753, 70, '1748', 340, 3031, '2020-01-27', '145-0741-9786', '729411', 'LAN', 0),
(754, 117, '483', 340, 3032, '2020-01-27', '145-0741-9786', '729441', 'LAN', 0),
(755, 2, '31486', 341, 3033, '2020-01-27', '145-0741-9731', '729386', 'LAN', 0),
(756, 29, '2792', 343, 3034, '2020-01-27', '145-0741-9786', '729448', 'LAN', 0),
(757, 117, '484', 343, 3035, '2020-01-27', '145-0741-9786', '729441', 'LAN', 0),
(758, 19, '6844', 344, 3036, '2020-01-27', '145-0741-9720', '729363', 'LAN', 0),
(759, 33, '36164', 344, 3037, '2020-01-27', '145-0741-9786', '729401', 'LAN', 0),
(760, 18, '128435', 345, 3038, '2020-01-27', '145-0741-9786', '729169', 'LAN', 0),
(761, 2, '31486', 346, 3039, '2020-01-27', '145-0741-9731', '729386', 'LAN', 0),
(762, 2, '31463', 347, 3040, '2020-01-27', '145-0741-9742', '729385', 'LAN', 0),
(763, 33, '36205', 365, 3041, '2020-01-27', '145-0741-9812', '729647', 'LAN', 0),
(764, 7, '5361', 372, 3042, '2020-01-27', '145-0741-9753', '729450', 'LAN', 0),
(765, 7, '5361', 371, 3043, '2020-01-27', '145-0741-9786', '729159', 'LAN', 0),
(766, 29, '2789', 371, 3044, '2020-01-27', '145-0741-9786', '729448', 'LAN', 0),
(767, 7, '5361', 366, 3045, '2020-01-27', '145-0741-9731', '729158', 'LAN', 0),
(768, 29, '2794', 370, 3046, '2020-01-27', '145-0741-9753', '729449', 'LAN', 0),
(769, 98, '1752', 370, 3047, '2020-01-27', '145-0741-9753', '729396', 'LAN', 0),
(770, 29, '2782', 367, 3048, '2020-01-27', '145-0741-9753', '729449', 'LAN', 0),
(771, 7, '5366', 374, 3049, '2020-01-27', '145-0741-9786', '729159', 'LAN', 0),
(772, 39, '3826', 374, 3050, '2020-01-27', '145-0741-9720', '729389', 'LAN', 0),
(773, 25, '7071', 316, 3075, '2020-01-27', '145-0741-9576', '729108', 'LAN', 0),
(774, 117, '477', 316, 0, '0000-00-00', '', '', '', 0),
(775, 19, '6838', 320, 3052, '2020-01-27', '145-0741-9554', '729045', 'LAN', 0),
(776, 39, '3821', 320, 3051, '2020-01-27', '145-0741-9554', '729146', 'LAN', 0),
(777, 98, '1749', 320, 3053, '2020-01-27', '145-0741-9554', '729131', 'LAN', 0),
(778, 117, '476', 320, 3054, '2020-01-27', '145-0741-9554', '729130', 'LAN', 0),
(779, 118, '2401', 320, 3056, '2020-01-27', '145-0741-9554', '729111', 'LAN', 0),
(780, 83, '193932', 322, 3057, '2020-01-27', '145-0741-9554', '729151', 'LAN', 0),
(781, 118, '2401', 322, 3058, '2020-01-27', '145-0741-9554', '729111', 'LAN', 0),
(782, 18, '128352', 324, 3059, '2020-01-27', '145-0741-9554', '729110', 'LAN', 0),
(783, 118, '2401', 324, 3060, '2020-01-27', '145-0741-9554', '729111', 'LAN', 0),
(784, 18, '128395', 323, 3061, '2020-01-27', '145-0741-9554', '729110', 'LAN', 0),
(785, 99, '605', 323, 3062, '2020-01-27', '145-0741-9554', '729133', 'LAN', 0),
(786, 33, '36137', 325, 3063, '2020-01-27', '145-0741-9554', '729140', 'LAN', 0),
(787, 56, '7480', 325, 3064, '2020-01-27', '145-0741-9554', '729099', 'LAN', 0),
(788, 25, '7070', 319, 3065, '2020-01-27', '145-0741-9554', '729107', 'LAN', 0),
(789, 117, '477', 317, 3066, '2020-01-27', '145-0741-9554', '729130', 'LAN', 0),
(790, 18, '128351', 327, 3067, '2020-01-27', '145-0741-9554', '729110', 'LAN', 0),
(791, 39, '3821', 327, 3068, '2020-01-27', '145-0741-9554', '729146', 'LAN', 0),
(792, 69, '9428', 327, 3069, '2020-01-27', '145-0741-9543', '729084', 'LAN', 0),
(793, 70, '1739', 327, 3070, '2020-01-27', '145-0741-9554', '729144', 'LAN', 0),
(794, 113, '211', 377, 3076, '2020-01-28', '369-77251086', '2176904', 'ATLAS', 0),
(795, 116, '10615', 378, 3077, '2020-01-28', '369-77251086', '2176916', 'LAN', 0),
(796, 116, '10615', 379, 3078, '2020-01-28', '369-77251086', '2176916', 'LAN', 0),
(797, 53, '1065', 380, 3079, '2020-01-28', '369-77251086', '2176904', 'ATLAS', 0),
(798, 60, '2695', 382, 3080, '2020-01-28', '729-62469164', 'FC1145750', 'TAMPA', 0),
(799, 5, '1342', 384, 3081, '2020-01-28', '406-00141842', 'UIO-03725491', 'U.P.S', 0),
(800, 98, '1753', 384, 3082, '2020-01-28', '406-00141842', 'UIO-03725899', 'U.P.S', 0),
(801, 33, '36159', 383, 3083, '2020-01-28', '172-35757956', 'SC001004716', 'CARGO LUX', 0),
(802, 25, '7074', 381, 3084, '2020-01-28', '145-07419495', '729241', 'LAN', 0),
(803, 25, '7075', 390, 3085, '2020-01-28', '074-31763841', 'UIO-03724365', 'LAN', 0),
(804, 70, '1711', 290, 3086, '2020-01-28', '157-59510242', '930252', 'LAN', 0),
(805, 117, '491', 393, 3087, '2020-01-28', '145-0741-9812', '729596', 'LAN', 0),
(806, 19, '6850', 392, 3088, '2020-01-28', '145-0741-9812', '729577', 'LAN', 0),
(807, 39, '3832', 392, 3089, '2020-01-28', '145-0741-9812', '729667', 'LAN', 0),
(808, 118, '2433', 392, 3090, '2020-01-28', '145-0741-9812', '729542', 'LAN', 0),
(809, 25, '7077', 391, 3091, '2020-01-28', '145-0741-9812', '729682', 'LAN', 0),
(810, 117, '492', 391, 3092, '2020-01-28', '145-0741-9812', '729596', 'LAN', 0),
(811, 7, '5367', 401, 3093, '2020-01-28', '145-0741-9812', '729760', 'LAN', 0),
(812, 39, '3832', 401, 3094, '2020-01-28', '145-0741-9812', '729667', 'LAN', 0),
(813, 29, '2800', 387, 3095, '2020-01-28', '145-0741-9812', '729709', 'LAN', 0),
(814, 56, '7493', 387, 3096, '2020-01-28', '145-0741-9812', '729645', 'LAN', 0),
(815, 98, '1755', 387, 3097, '2020-01-28', '145-0741-9812', '729773', 'LAN', 0),
(816, 18, '128521', 396, 3098, '2020-01-28', '145-0741-9812', '729629', 'LAN', 0),
(817, 118, '2434', 396, 3099, '2020-01-28', '145-0741-9812', '729542', 'LAN', 0),
(818, 117, '493', 413, 3100, '2020-01-28', '145-0741-9812', '729596', 'LAN', 0),
(819, 83, '193982', 395, 3101, '2020-01-28', '145-0741-9812', '729755', 'LAN', 0),
(820, 119, '20-0157', 410, 3102, '2020-01-28', '145-0741-9812', '729626', 'LAN', 0),
(821, 18, '128489', 397, 3103, '2020-01-28', '145-0741-9834', '729621', 'LAN', 0),
(822, 29, '2802', 397, 3104, '2020-01-28', '145-0741-9834', '729704', 'LAN', 0),
(823, 98, '1754', 397, 3105, '2020-01-28', '145-0741-9834', '729774', 'LAN', 0),
(824, 99, '609', 397, 3106, '2020-01-28', '145-0741-9834', '729653', 'LAN', 0),
(825, 117, '490', 397, 3107, '2020-01-28', '145-0741-9834', '729583', 'LAN', 0),
(826, 118, '2432', 397, 3108, '2020-01-28', '145-0741-9834', '729543', 'LAN', 0),
(827, 7, '', 389, 3109, '2020-01-28', '145-0741-9834', '729759', 'LAN', 0),
(828, 25, '7076', 389, 3110, '2020-01-28', '145-0741-9834', '729680', 'LAN', 0),
(829, 29, '2803', 389, 3111, '2020-01-28', '145-0741-9834', '729704', 'LAN', 0),
(830, 2, '31518', 400, 3112, '2020-01-28', '145-0741-9834', '729659', 'LAN', 0),
(831, 2, '31518', 407, 3113, '2020-01-28', '145-0741-9834', '729659', 'LAN', 0),
(832, 2, '31493', 411, 3114, '2020-01-28', '145-0741-9775', '729657', 'LAN', 0),
(833, 19, '6860', 394, 3115, '2020-01-28', '145-0741-9775', '729575', 'LAN', 0),
(834, 29, '2801', 394, 3116, '2020-01-28', '145-0741-9775', '729697', 'LAN', 0),
(835, 33, '36212/362003', 394, 3117, '2020-01-28', '145-0741-9775', '729644', 'LAN', 0),
(836, 38, '20-00789', 394, 3118, '2020-01-28', '145-0741-9775', '729592', 'LAN', 0),
(837, 43, '131659/131660', 394, 3119, '2020-01-28', '145-0741-9775', '729780', 'LAN', 0),
(838, 70, '1765', 394, 3120, '2020-01-28', '145-0741-9775', '729713', 'LAN', 0),
(839, 33, '36199', 388, 3121, '2020-01-28', '145-0741-9775', '729644', 'LAN', 0),
(840, 16, '1636', 398, 3122, '2020-01-28', '145-0741-9775', '729579', 'LAN', 0),
(841, 56, '7492', 398, 3123, '2020-01-28', '145-0741-9775', '729638', 'LAN', 0),
(842, 70, '', 398, 3124, '2020-01-28', '145-0741-9775', '729713', 'LAN', 0),
(843, 2, '31493', 399, 3125, '2020-01-28', '145-0741-9775', '729657', 'LAN', 0),
(844, 2, '31493', 402, 3126, '2020-01-28', '145-0741-9775', '729657', 'LAN', 0),
(845, 18, '128484/128485', 402, 3127, '2020-01-28', '145-0741-9775', '729620', 'LAN', 0),
(846, 19, '6851', 402, 3128, '2020-01-28', '145-0741-9775', '729575', 'LAN', 0),
(847, 25, '7078', 402, 3129, '2020-01-28', '145-0741-9775', '729679', 'LAN', 0),
(848, 33, '36188', 402, 3130, '2020-01-28', '145-0741-9775', '729644', 'LAN', 0),
(849, 38, '20-00799', 402, 3131, '2020-01-28', '145-0741-9775', '729592', 'LAN', 0),
(850, 39, '3833', 402, 3132, '2020-01-28', '145-0741-9775', '729668', 'LAN', 0),
(851, 67, '16804', 402, 3133, '2020-01-28', '145-0741-9775', '729692', 'LAN', 0),
(852, 118, '2435', 402, 3134, '2020-01-28', '145-0741-9775', '729541', 'LAN', 0),
(853, 67, '16804', 403, 3135, '2020-01-28', '145-0741-9775', '729692', 'LAN', 0),
(854, 2, '31493', 404, 3136, '2020-01-28', '145-0741-9775', '729657', 'LAN', 0),
(855, 33, '36202', 405, 3137, '2020-01-28', '145-0741-9775', '729644', 'LAN', 0),
(856, 38, '20-00789/20-00798', 405, 3138, '2020-01-28', '145-0741-9775', '729592', 'LAN', 0),
(857, 50, '127814', 405, 3139, '2020-01-28', '145-0741-9775', '729722', 'LAN', 0),
(858, 70, '1765', 405, 3140, '2020-01-28', '145-0741-9775', '729713', 'LAN', 0),
(859, 18, '128488', 406, 3141, '2020-01-28', '145-0741-9775', '729620', 'LAN', 0),
(860, 25, '7078', 406, 3142, '2020-01-28', '145-0741-9775', '729679', 'LAN', 0),
(861, 29, '2804', 408, 3143, '2020-01-28', '145-0741-9775', '729697', 'LAN', 0),
(862, 39, '3833', 408, 3144, '2020-01-28', '145-0741-9775', '729668', 'LAN', 0),
(863, 2, '31493', 342, 3145, '2020-01-28', '145-0741-9775', '729657', 'LAN', 0),
(864, 56, '7492', 409, 3146, '2020-01-28', '145-0741-9775', '729638', 'LAN', 0),
(865, 2, '31493', 385, 3147, '2020-01-28', '145-0741-9775', '729657', 'LAN', 0),
(866, 70, '1749', 412, 3148, '2020-01-28', '145-0741-9775', '729713', 'LAN', 0),
(867, 53, '7878', 414, 3149, '2020-01-28', '729-62469175', 'FC1146390', 'ATLAS', 0),
(868, 107, '1067', 417, 3150, '2020-01-28', '145-07398720', '2179246', 'LAN', 0),
(869, 33, '36198', 416, 3151, '2020-01-29', 'example cambiar', 'example cambiar', 'example cambiar', 0),
(870, 5, '1343', 415, 3152, '2020-01-29', '406-00232956', 'UIO-03728176', 'U.P.S', 0),
(871, 98, '1756', 415, 3153, '2020-01-29', '406-00232956', 'UIO03728176', 'U.P.S', 0),
(872, 25, '7079', 427, 3154, '2020-01-29', '074-34271543', 'EBF1750789', 'ATLAS', 0),
(873, 117, '489', 427, 3155, '2020-01-29', '172-35777022', 'EBF1750007', 'ATLAS', 0),
(874, 33, '36231', 418, 3156, '2020-01-29', '145-0754-4180', '729985', 'LAN', 0),
(875, 56, NULL, 418, 3157, '2020-01-29', '145-0754-4180', '729998', 'LAN', 0),
(876, 7, '5376', 428, 3158, '2020-01-29', '145-0754-4180', '730004', 'LAN', 0),
(877, 29, '2811', 428, 3159, '2020-01-29', '145-0754-4180', '730052', 'LAN', 0),
(878, 19, '6871', 433, 3160, '2020-01-29', '145-0754-4180', '730071', 'LAN', 0),
(879, 98, '1762', 433, 3161, '2020-01-29', '145-0754-4180', '730067', 'LAN', 0),
(880, 117, '498', 433, 3162, '2020-01-29', '145-0754-4180', '730047', 'LAN', 0),
(881, 118, '2438', 433, 3163, '2020-01-29', '145-0754-4180', '729979', 'LAN', 0),
(882, 117, '497', 444, 3164, '2020-01-29', '145-0754-4180', '730047', 'LAN', 0),
(883, 83, '193998', 425, 3165, '2020-01-29', '145-0754-4180', '729977', 'LAN', 0),
(884, 118, '2447', 425, 3166, '2020-01-29', '145-0754-4180', '729979', 'LAN', 0),
(885, 98, '1763', 431, 3167, '2020-01-29', '145-0754-4180', '730067', 'LAN', 0),
(886, 117, '496', 431, 3168, '2020-01-29', '145-0754-4180', '730047', 'LAN', 0),
(887, 119, '20-0163', 431, 3169, '2020-01-29', '145-0754-4180', '730034', 'LAN', 0),
(888, 120, '1381', 431, 3170, '2020-01-29', '145-0754-4180', '730003', 'LAN', 0),
(889, 25, '7080', 432, 3171, '2020-01-29', '145-0754-4180', '730026', 'LAN', 0),
(890, 29, '2809', 432, 3172, '2020-01-29', '145-0754-4180', '730052', 'LAN', 0),
(891, 83, '193998', 426, 3173, '2020-01-29', '145-0754-4180', '729977', 'LAN', 0),
(892, 19, '6870', 423, 3174, '2020-01-29', '145-0754-4191', '730070', 'LAN', 0),
(893, 29, '2808', 423, 3175, '2020-01-29', '145-0754-4191', '730051', 'LAN', 0),
(894, 98, '1762', 423, 3176, '2020-01-29', '145-0754-4191', '730065', 'LAN', 0),
(895, 99, '616', 423, 3177, '2020-01-29', '145-0754-4191', '729981', 'LAN', 0),
(896, 117, '499', 423, 3178, '2020-01-29', '145-0754-4191', '730046', 'LAN', 0),
(897, 118, '2446', 423, 3179, '2020-01-29', '145-0754-4191', '729978', 'LAN', 0),
(898, 2, '31523', 434, 3180, '2020-01-29', '145-0754-4191', '730022', 'LAN', 0),
(899, 7, '5375', 429, 3181, '2020-01-29', '145-0754-4191', '730001', 'LAN', 0),
(900, 29, '2814', 429, 3182, '2020-01-29', '145-0754-4191', '730051', 'LAN', 0),
(901, 7, '5375', 437, 3183, '2020-01-29', '145-0754-4191', '730001', 'LAN', 0),
(902, 39, '3837', 437, 3184, '2020-01-29', '145-0754-4191', '729907', 'LAN', 0),
(903, 7, '5370', 424, 3185, '2020-01-29', '145-0754-4191', '730001', 'LAN', 0),
(904, 18, '128560', 443, 3186, '2020-01-29', '145-0754-4191', '730077', 'LAN', 0),
(905, 19, '6868', 443, 3187, '2020-01-29', '145-0754-4191', '730070', 'LAN', 0),
(906, 25, '7081', 443, 3188, '2020-01-29', '145-0754-4191', '730025', 'LAN', 0),
(907, 29, '2812', 443, 3189, '2020-01-29', '145-0754-4191', '730051', 'LAN', 0),
(908, 33, '36232/36250', 443, 3190, '2020-01-29', '145-0754-4191', '729982', 'LAN', 0),
(909, 39, '3827', 443, 3191, '2020-01-29', '145-0754-4191', '729907', 'LAN', 0),
(910, 69, '9484', 443, 3192, '2020-01-29', '145-0754-4191', '729946', 'LAN', 0),
(911, 70, '1772', 443, 3193, '2020-01-29', '145-0754-4191', '730032', 'LAN', 0),
(912, 117, '495', 443, 3194, '2020-01-29', '145-0754-4191', '730046', 'LAN', 0),
(913, 118, '2445', 443, 3195, '2020-01-29', '145-0754-4191', '729978', 'LAN', 0),
(914, 2, '31534', 419, 3196, '2020-01-29', '145-0754-4165', '730021', 'LAN', 0),
(915, 19, '6864', 419, 3197, '2020-01-29', '145-0754-4165', '730068', 'LAN', 0),
(916, 25, '7083', 419, 3198, '2020-01-29', '145-0754-4165', '730023', 'LAN', 0),
(917, 29, '2810', 430, 3199, '2020-01-29', '145-0754-4165', '730050', 'LAN', 0),
(918, 120, '1382', 430, 3200, '2020-01-29', '145-0754-4165', '730006', 'LAN', 0),
(919, 16, '1657', 435, 3201, '2020-01-29', '145-0754-4165', '730036', 'LAN', 0),
(920, 56, NULL, 435, 3202, '2020-01-29', '145-0754-4165', '729994', 'LAN', 0),
(921, 70, '1773', 435, 3203, '2020-01-29', '145-0754-4165', '730030', 'LAN', 0),
(922, 2, NULL, 436, 3204, '2020-01-29', '145-0754-4165', '730021', 'LAN', 0),
(923, 2, '31534', 438, 3205, '2020-01-29', '145-0754-4165', '730021', 'LAN', 0),
(924, 18, '128563', 438, 3206, '2020-01-29', '145-0754-4165', '730076', 'LAN', 0),
(925, 19, '6869', 438, 3207, '2020-01-29', '145-0754-4165', '730068', 'LAN', 0),
(926, 39, '3838', 438, 3208, '2020-01-29', '145-0754-4165', '729909', 'LAN', 0),
(927, 67, '16816', 438, 3209, '2020-01-29', '145-0754-4165', '729888', 'LAN', 0),
(928, 118, '2444', 438, 3210, '2020-01-29', '145-0754-4165', '729911', 'LAN', 0),
(929, 2, '31534', 439, 3211, '2020-01-29', '145-0754-4165', '730021', 'LAN', 0),
(930, 18, '128561', 440, 3212, '2020-01-29', '145-0754-4165', '730076', 'LAN', 0),
(931, 25, '7082', 440, 3213, '2020-01-29', '145-0754-4165', '730023', 'LAN', 0),
(932, 33, NULL, 441, 3214, '2020-01-29', '145-0754-4165', '730086', 'LAN', 0),
(933, 39, '3838', 441, 3215, '2020-01-29', '145-0754-4165', '729909', 'LAN', 0),
(934, 117, '494', 441, 3216, '2020-01-29', '145-0754-4165', '730045', 'LAN', 0),
(935, 56, NULL, 442, 3217, '2020-01-29', '145-0754-4165', '729994', 'LAN', 0),
(936, 60, '2696', 448, 3218, '2020-01-29', '729-62469186', 'FC1146770', 'ATLAS', 0),
(937, 116, '10627', 447, 3219, '2020-01-29', '145-07398731', '218573', 'LAN', 0),
(938, 116, '10627', 446, 3220, '2020-01-29', '145-07398731', '2185168', 'LAN', 0),
(939, 107, '1068', 445, 3221, '2020-01-29', '145-07398731', '2185168', 'LAN', 0),
(940, 12, '17848', 449, 3222, '2020-01-30', '729-62476245', 'LA0011660872', 'TAMPA', 0),
(941, 18, '128562', 419, 3223, '2020-01-30', '145-0754-4165', '730076', 'LAN', 0),
(942, 35, '101009357', 419, 3224, '2020-01-30', '145-0754-4165', '730044', 'LAN', 0),
(943, 98, '1764', 450, 3226, '2020-01-30', '406-004658351', 'UIO03730629', 'U.P.S', 0),
(944, 5, '1349', 450, 3225, '2020-01-30', '406-00465835', 'UIO03730775', 'U.P.S', 0),
(945, 4, '5042822', 468, 3233, '2020-01-30', '157-5830-8106', '585255', 'QATAR AIRWAYS CARGO', 0),
(946, 13, '1001118', 468, 3232, '2020-01-30', '157-5830-8106', 'SAILO FLOWERS', 'QATAR AIRWAYS CARGO', 0),
(947, 18, '0128450', 468, 3231, '2020-01-30', '157-5830-8106', '585228', 'QATAR AIRWAYS CARGO', 0),
(948, 29, '2813', 441, 3227, '2020-01-30', '145-0754-4165', '730050', 'LAN', 0),
(949, 38, '2000842', 468, 3230, '2020-01-30', '157-5830-8106', '585312', 'QATAR AIRWAYS CARGO', 0),
(950, 70, '0001777', 468, 3229, '2020-01-30', '157-5830-8106', '585261', 'QATAR AIRWAYS CARGO', 0),
(951, 103, '0101344', 468, 3228, '2020-01-30', '157-5830-8106', '585545', 'QATAR AIRWAYS CARGO', 0),
(952, 117, '514/515', 455, 3239, '2020-01-31', '456-0014-3146', '1234', 'TRANSCARIBEAN', 0),
(953, 56, '7505', 456, 3240, '2020-01-31', '456-0014-3146', '1234', 'TRANSCARIBEAN', 0),
(954, 7, '5382', 451, 3241, '2020-01-31', '456-0014-3146', '1234', 'TRANSCARIBEAN', 0),
(955, 25, '7084', 451, 3242, '2020-01-31', '456-0014-3146', '1234', 'TRANSCARIBEAN', 0),
(956, 29, '2821', 451, 3243, '2020-01-31', '456-0014-3146', '1234', 'TRANSCARIBEAN', 0),
(957, 120, '1386', 451, 3246, '2020-01-31', '456-0014-3146', '1234', 'TRANSCARIBEAN', 0),
(958, 60, '2697', 477, 3234, '2020-01-31', '145-07398812', '2192136', 'LAN', 0),
(959, 118, '2460', 453, 3248, '2020-01-31', '456-0014-3146', '1234', 'TRANSCARIBEAN', 0),
(960, 99, '618', 453, 3247, '2020-01-31', '456-0014-3146', '1234', 'TRANSCARIBEAN', 0),
(961, 99, '618', 454, 3250, '2020-01-31', '456-0014-3146', '1234', 'TRANSCARIBEAN', 0),
(962, 83, '194034', 476, 3235, '2020-01-31', '729-62475906', 'LA0011663340', 'ALIANZA', 0),
(963, 107, '1069', 475, 3236, '2020-01-31', '145-07398812', '2188322', 'LAN', 0),
(964, 29, '2812', 483, 3252, '2020-01-31', '456-0014-3150', '1234', 'TRANSCARIBEAN', 0),
(965, 18, '128627', 452, 3254, '2020-01-31', '456-0014-3150', '1234', 'TRANSCARIBEAN', 0),
(966, 19, '6874', 452, 3255, '2020-01-31', '456-0014-3150', '1234', 'TRANSCARIBEAN', 0),
(967, 39, '3842', 452, 3256, '2020-01-31', '456-0014-3150', '1234', 'TRANSCARIBEAN', 0),
(968, 83, '194032', 452, 3257, '2020-01-31', '456-0014-3150', '1234', 'TRANSCARIBEAN', 0),
(969, 117, '513', 452, 3259, '2020-01-31', '456-0014-3150', '1234', 'TRANSCARIBEAN', 0),
(970, 118, '2461', 452, 3260, '2020-01-31', '456-0014-3150', '1234', 'TRANSCARIBEAN', 0),
(971, 119, '20-0170', 457, 3262, '2020-01-31', '456-0014-3150', '1234', 'TRANSCARIBEAN', 0),
(972, 120, '1389', 457, 3263, '2020-01-31', '456-0014-3150', '1234', 'TRANSCARIBEAN', 0),
(973, 16, '1674', 464, 3264, '2020-01-31', '145-0754-4246', '1234', 'TRANSCARIBEAN', 0),
(974, 25, '7085', 464, 3265, '2020-01-31', '145-0754-4246', '1234', 'LAN', 0),
(975, 29, '2822', 464, 3266, '2020-01-31', '145-0754-4246', '1234', 'LAN', 0),
(976, 33, '36282', 464, 3267, '2020-01-31', '145-0754-4246', '1234', 'LAN', 0),
(977, 38, '20-00889', 464, 3268, '2020-01-31', '145-0754-4246', '1234', 'LAN', 0),
(978, 2, '31560', 461, 3270, '2020-01-31', '145-0754-4246', '1234', 'LAN', 0),
(979, 2, '31560', 465, 3271, '2020-01-31', '145-0754-4246', '1234', 'LAN', 0),
(980, 2, '31560', 462, 3272, '2020-01-31', '145-0754-4246', '1234', 'LAN', 0),
(981, 16, '1674', 460, 3273, '2020-01-31', '145-0754-4246', '1234', 'LAN', 0),
(982, 56, '7504', 460, 3274, '2020-01-31', '145-0754-4246', '1234', 'LAN', 0),
(983, 70, '1788', 460, 3275, '2020-01-31', '145-0754-4246', '1234', 'LAN', 0),
(984, 120, '1388', 458, 3277, '2020-01-31', '145-0754-4246', '1234', 'LAN', 0),
(985, 106, '60514', 470, 3276, '2020-01-31', '145-0754-4246', '1234', 'LAN', 0),
(986, 38, '20-00839', 469, 3278, '2020-01-31', '145-0754-4246', '1234', 'LAN', 0),
(987, 118, '', 466, 3237, '2020-01-31', '145-0754-4246', '730181', 'LAN', 0),
(988, 7, '5381', 463, 3279, '2020-01-31', '145-0754-4246', '1234', 'LAN', 0),
(989, 39, '3841', 463, 3280, '2020-01-31', '145-0754-4246', '1234', 'LAN', 0),
(990, 33, '36279', 451, 3244, '2020-01-31', '456-0014-3146', '1234', 'TRANSCARIBEAN', 0),
(991, 33, '36251', 483, 3253, '2020-01-31', '456-0014-3150', '1234', 'TRANSCARIBEAN', 0),
(992, 19, '6868', 483, 3251, '2020-01-31', '456-0014-3150', '1234', 'TRANSCARIBEAN', 0),
(993, 33, '36294', 459, 3249, '2020-01-31', '456-0014-3146', '1234', 'TRANSCARIBEAN', 0),
(994, 81, 'ABC123', 488, 3238, '2020-01-31', '406-65-65', '456-987-87', 'conviasa', 0),
(995, 98, '31012020', 451, 3245, '2020-01-31', '456-0014-3146', '1234', 'TRANSCARIBEAN', 0),
(996, 98, '31012020', 457, 3261, '2020-01-31', '456-0014-3150', '1234', 'TRANSCARIBEAN', 0),
(997, 98, '31012020', 452, 3258, '2020-01-31', '456-0014-3150', '1234', 'TRANSCARIBEAN', 0),
(998, 19, '31012020', 464, 3269, '2020-01-31', '145-0754-4246', '1234', 'LAN', 0),
(999, 118, '2462', 489, 3281, '2020-01-31', '145-0754-4246', '1234', 'LAN', 0),
(1000, 25, '7086', 471, 3282, '2020-01-31', '145-0754-4283', '730631', 'LAN', 0),
(1001, 29, '2830', 471, 3283, '2020-01-31', '145-0754-4283', '730617', 'LAN', 0),
(1002, 29, '2831', 486, 3284, '2020-01-31', '145-0754-4283', '730617', 'LAN', 0),
(1003, 29, '2834', 485, 3285, '2020-01-31', '145-0754-4283', '730617', 'LAN', 0),
(1004, 98, '1775', 472, 3286, '2020-01-31', '145-0754-4283', '730664', 'LAN', 0),
(1005, 7, '5390', 473, 3287, '2020-01-31', '145-0754-4283', '730618', 'LAN', 0),
(1006, 25, '7086', 473, 3288, '2020-01-31', '145-0754-4283', '730631', 'LAN', 0),
(1007, 29, '2830', 473, 3289, '2020-01-31', '145-0754-4283', '730617', 'LAN', 0),
(1008, 120, '1388', 473, 3290, '2020-01-31', '145-0754-4283', '730573', 'LAN', 0),
(1009, 2, '31589', 481, 3291, '2020-01-31', '145-0754-4283', '730485', 'LAN', 0),
(1010, 18, '128803', 482, 3292, '2020-01-31', '145-0754-4283', '730621', 'LAN', 0),
(1011, 19, '6878', 482, 3293, '2020-01-31', '145-0754-4283', '730619', 'LAN', 0),
(1012, 25, '7087', 482, 3294, '2020-01-31', '145-0754-4283', '730631', 'LAN', 0),
(1013, 29, '2833', 482, 3295, '2020-01-31', '145-0754-4283', '730617', 'LAN', 0),
(1014, 33, '36346', 482, 3296, '2020-01-31', '145-0754-4283', '730651', 'LAN', 0),
(1015, 45, '65611', 482, 3297, '2020-01-31', '145-0754-4283', '730677', 'LAN', 0),
(1016, 33, '36345', 478, 3298, '2020-01-31', '145-0754-4283', '730651', 'LAN', 0),
(1017, 56, '7510', 478, 3299, '2020-01-31', '145-0754-4283', '730648', 'LAN', 0),
(1018, 98, '1768', 478, 3300, '2020-01-31', '145-0754-4283', '730664', 'LAN', 0),
(1019, 119, '20-0176', 478, 3301, '2020-01-31', '145-0754-4283', '730655', 'LAN', 0),
(1020, 120, '1388', 478, 3302, '2020-01-31', '145-0754-4283', '730573', 'LAN', 0),
(1021, 7, '5389', 474, 3303, '2020-01-31', '145-0754-4272', '730615', 'LAN', 0),
(1022, 29, '2832', 474, 3304, '2020-01-31', '145-0754-4272', '730614', 'LAN', 0),
(1023, 33, '36343', 474, 3305, '2020-01-31', '145-0754-4272', '730650', 'LAN', 0),
(1024, 43, '132101', 490, 3306, '2020-01-31', '145-0754-4272', '730643', 'LAN', 0),
(1025, 69, '9517', 490, 3307, '2020-01-31', '145-0754-4272', '730608', 'LAN', 0),
(1026, 70, '1809', 490, 3308, '2020-01-31', '145-0754-4272', '730630', 'LAN', 0),
(1027, 18, '128626', 484, 3309, '2020-01-31', '145-0754-4272', '730623', 'LAN', 0),
(1028, 56, '7511', 487, 3310, '2020-01-31', '145-0754-4272', '730649', 'LAN', 0),
(1029, 120, '1388', 479, 3311, '2020-01-31', '145-0754-4283', '730573', 'LAN', 0),
(1030, 5, '1351', 480, 3312, '2020-01-31', '406-00141831', 'UIO-03733047', 'U.P.S.', 0),
(1031, 70, '1789', 480, 3313, '2020-01-31', '406-00141831', 'UIO-03733428', 'U.P.S', 0),
(1032, 116, '10650', 498, 3314, '2020-01-31', '369-77251650', '2191943', 'ATLAS', 0),
(1033, 116, '10650', 497, 3315, '2020-01-31', '369-77251650', '2191943', 'ATLAS', 0),
(1034, 113, '216', 496, 3316, '2020-01-31', '369-77251650', '2191938', 'ATLAS', 0),
(1035, 116, '10650', 495, 3317, '2020-01-31', '369-77251650', '2191943', 'ATLAS', 0),
(1036, 2, '31588', 494, 3318, '2020-01-31', '369-77249605', 'CMU00052060', 'ATLAS', 0),
(1037, 2, '31588', 493, 3319, '2020-01-31', '369-77249605', 'CMU00052060', 'ATLAS', 0),
(1038, 60, '2698', 492, 3320, '2020-01-31', '729-62470402', 'FC1147694', 'TAMPA', 0),
(1039, 70, '1795', 499, 3321, '2020-01-31', '157-59510496', '931678', 'QATAR', 0),
(1040, 45, '65490', 480, 3322, '2020-02-01', '406-00141831', 'UIO03734151', 'UPS', 0),
(1041, 50, '127954', 491, 3323, '2020-02-01', '145-07544272', '730585', 'LAN', 0),
(1042, 29, '2829', 513, 3324, '2020-02-01', '000-20023920', '309-01105745', 'MARITIMO', 0),
(1043, 33, '36360', 521, 3325, '2020-02-03', '235-53271735', 'UIO-0373446', 'U.P.S', 0),
(1044, 33, '168,75', 520, 3326, '2020-02-03', '235-53271735', 'UIO-03734466', 'U.P.S', 0),
(1045, 33, '36263', 519, 3327, '2020-02-03', '235-53271735', 'uio-03734466', 'U.P.S', 0),
(1046, 33, '36265', 518, 3328, '2020-02-03', '235-53271735', 'UIO-03734466', 'U.P.S', 0),
(1047, 33, '36359', 517, 3329, '2020-02-03', '235-53271735', 'UIO-0373446', 'U.P.S', 0),
(1048, 33, '36266', 516, 3330, '2020-02-03', '235-53271735', 'UIO-03734466', 'U.P.S', 0),
(1049, 33, '36262', 515, 3331, '2020-02-03', '235-53271735', 'UIO-03734466', 'U.P.S', 0),
(1050, 33, '36264', 514, 3332, '2020-02-03', '235-53271735', 'UIO-03734466', 'U.P.S', 0),
(1051, 33, '36358', 522, 3333, '2020-02-03', '406-001418641', 'UIO-03733268', 'U.P.S', 0),
(1052, 33, '36261', 523, 3334, '2020-02-03', '406-001418641', 'UIO-03733268', 'U.P.S', 0),
(1053, 98, '1764', 480, 3335, '2020-02-03', '406-00141831', 'UIO-03733047', 'U.P.S', 0),
(1054, 5, '1354', 526, 3336, '2020-02-03', '406-01583993', 'UIO03737418', 'UPS', 0),
(1055, 98, '1776', 526, 3337, '2020-02-03', '406-01583993', 'UIO003737600', 'UPS', 0),
(1056, 5, '1354', 525, 3338, '2020-02-03', '406-01583993', 'UIO03737418', 'UPS', 0),
(1057, 16, '1689', 525, 3339, '2020-02-03', '406-01583993', 'UIO03737418', 'UPS', 0),
(1058, 45, '65547', 525, 3340, '2020-02-03', '406-01583993', 'UIO03737418', 'UPS', 0),
(1059, 70, '1802', 525, 3341, '2020-02-03', '406-01583993', 'UIO03737594', 'UPS', 0),
(1060, 5, '1354', 524, 3342, '2020-02-03', '406-01583993', 'UIO003737600', 'UPS', 0),
(1061, 16, '1639', 524, 3343, '2020-02-03', '406-01583993', 'UIO003737600', 'UPS', 0),
(1062, 33, '36381', 532, 3344, '2020-02-03', '406-01583945', 'UIO-03740771', 'UPS', 0),
(1063, 5, '1359', 534, 3345, '2020-02-03', '406-06639905', 'UIO03740814', 'UPS', 0),
(1064, 98, '1776', 534, 3346, '2020-02-03', '406-06639905', 'UIO003737600', 'UPS', 0),
(1065, 18, '128969', 536, 3347, '2020-02-03', '145-0754-4386  ', '731134', 'LAN CARGO', 0),
(1066, 83, '194116', 536, 3348, '2020-02-03', '145-0754-4386', '731128', 'LAN CARGO', 0),
(1067, 83, '194117', 531, 3349, '2020-02-03', '14507544386  ', '731128', 'LAN CARGO', 0),
(1068, 83, '194118', 535, 3350, '2020-02-03', '145-0754-4386  ', '731128', 'LAN CARGO', 0),
(1069, 99, '627', 535, 3351, '2020-02-03', '145-0754-4386', '731113', 'LAN CARGO', 0),
(1070, 118, '2503', 535, 3352, '2020-02-03', '145-0754-4386', '731116', 'LAN CARGO', 0),
(1071, 45, '65734', 533, 3353, '2020-02-03', '145-0754-4386', '731147', 'LAN CARGO', 0),
(1072, 18, '128972', 529, 3354, '2020-02-03', '145-0754-4386', '731147', 'LAN CARGO', 0),
(1073, 45, '65734', 529, 3355, '2020-02-03', '145-0754-4386', '731147', 'LAN CARGO', 0),
(1074, 5, '1358', 539, 3356, '2020-02-03', '406-01622110', 'UIO03738330', 'UPS', 0),
(1075, 5, '1358', 538, 3357, '2020-02-03', '406-01622110', 'UIO03738330', 'UPS', 0),
(1076, 5, '1358', 537, 3358, '2020-02-03', '406-01622110', 'UIO03738330', 'UPS', 0),
(1077, 5, '1355', 506, 3359, '2020-02-03', '145-07544316', '730730', 'LAN', 0),
(1078, 39, '3847', 506, 3360, '2020-02-03', '145-07544316', '730820', 'LAN', 0),
(1079, 45, '65734', 530, 3361, '2020-02-03', '145-0754-4386', '731147', 'LAN CARGO', 0),
(1080, 33, '36365', 505, 3362, '2020-02-03', '145-07544316', '730718', 'LAN', 0),
(1081, 56, '7524', 504, 3363, '2020-02-03', '145-07544316', '730852', 'LAN', 0),
(1082, 120, '1394', 504, 3364, '2020-02-03', '145-07544316', '730761', 'LAN', 0),
(1083, 7, '5392', 503, 3365, '2020-02-03', '145-07544316', '730799', 'LAN', 0),
(1084, 98, '1775', 502, 3366, '2020-02-03', '145-07544316', '730862', 'LAN', 0),
(1085, 117, '518', 501, 3367, '2020-02-03', '145-07544283', '730681', 'LAN', 0),
(1086, 16, '1707', 500, 3368, '2020-02-03', '145-07544283', '730782', 'LAN', 0),
(1087, 25, '7088', 500, 3369, '2020-02-03', '145-07544283', '730738', 'LAN', 0),
(1088, 29, '2838', 505, 3370, '2020-02-03', '145-07544283', '730798', 'LAN', 0),
(1089, 25, '7089', 507, 3371, '2020-02-03', '145-07544294', '730846', 'LAN', 0),
(1090, 25, '7089', 508, 3372, '2020-02-03', '145-07544294', '730846', 'LAN', 0),
(1091, 7, '5393', 508, 3373, '2020-02-03', '145-07544294', '730785', 'LAN', 0),
(1092, 33, '36366', 508, 3374, '2020-02-03', '145-07544294', '730797', 'LAN', 0),
(1093, 56, '7525', 508, 3375, '2020-02-03', '145-07544294', '730853', 'LAN', 0),
(1094, 120, '1395', 509, 3376, '2020-02-03', '145-07544294', '730784', 'LAN', 0),
(1095, 117, '519', 511, 3377, '2020-02-03', '145-07544294', '730784', 'LAN', 0),
(1096, 120, '1395', 512, 3378, '2020-02-03', '145-07544294', '730784', 'LAN', 0),
(1097, 25, '7091', 543, 3379, '2020-02-03', '145-07544401', '730968', 'LAN', 0),
(1098, 89, '4064943', 542, 3380, '2020-02-03', '145-07398753', '2203105', 'LAN', 0),
(1099, 116, '10668', 541, 3381, '2020-02-03', '145-07398753', '2199162', 'LAN', 0),
(1100, 60, '2698', 540, 3382, '2020-02-03', '729-62470435', 'FC1148748', 'ATLAS', 0),
(1101, 119, '20-0201', 504, 3383, '2020-02-03', '145-07544294', '730811', 'LAN', 0),
(1102, 120, '1395', 511, 3384, '2020-02-03', '145-07544316', '730681', 'LAN', 0),
(1103, 119, '20-0202', 509, 3385, '2020-02-03', '145-07544316', '730811', 'LAN', 0),
(1104, 25, '7090', 544, 3386, '2020-02-04', '580-23986056', 'uio-03742055', 'ATLAS', 0),
(1105, 106, '61016', 545, 3387, '2020-02-04', '369-77249620', 'CMU-0053403', 'ATLAS', 0),
(1106, 98, '1780', 507, 3388, '2020-02-04', '145-07544294', '730862', 'LAN', 0),
(1107, 98, '1780', 510, 3389, '2020-02-04', '145-07544294', '730812', 'LAN', 0),
(1108, 16, '1708', 507, 3390, '2020-02-04', '145-07544294', '730813', 'LAN', 0),
(1109, 5, '1361', 553, 3391, '2020-02-04', '406-01583971', 'UIO-03742058', 'UPS', 0),
(1110, 29, '2846', 553, 3392, '2020-02-04', '406-01583971', 'UIO-03743931', 'UPS', 0),
(1111, 70, '1822', 553, 3393, '2020-02-04', '406-01583971', 'UIO-03742747', 'UPS', 0),
(1112, 121, '1976', 553, 3394, '2020-02-04', '406-01583971', 'UIO-03743933', 'UPS', 0),
(1113, 2, '31690', 546, 3395, '2020-02-04', '145-0741-9672  ', '731215', 'LAN CARGO', 0),
(1114, 83, '194134', 552, 3396, '2020-02-04', '145-0741-9672  ', '731339', 'LAN CARGO', 0),
(1115, 83, '194135', 551, 3397, '2020-02-04', '145-0741-9672  ', '731339', 'LAN CARGO', 0),
(1116, 83, '194136/194133', 550, 3398, '2020-02-04', '145-0741-9672', '731339', 'LAN CARGO', 0),
(1117, 83, '194134', 549, 3399, '2020-02-04', '145-0741-9672', '731339', 'LAN CARGO', 0),
(1118, 18, '128900', 556, 3400, '2020-02-04', '145-0741-9672', '731340', 'LAN CARGO', 0),
(1119, 83, '194133', 556, 3401, '2020-02-04', '145-0741-9672', '731339', 'LAN CARGO', 0),
(1120, 99, '631', 556, 3402, '2020-02-04', '145-0741-9672', '731300', 'LAN CARGO', 0),
(1121, 118, '2511', 556, 3403, '2020-02-04', '145-0741-9672', '731304', 'LAN CARGO', 0),
(1122, 26, '1275250', 548, 3404, '2020-02-04', '145-0741-9672', '731346', 'LAN CARGO', 0),
(1123, 26, '1275251', 547, 3405, '2020-02-04', '145-0741-9672', '731346', 'LAN CARGO', 0),
(1124, 60, '', 157, 3406, '2020-02-04', '729-62470446', 'FC1149326', 'ATLAS', 0),
(1125, 98, '1784', 553, 3407, '2020-02-04', '406-01583971', 'UIO01583971', 'UPS', 0),
(1126, 53, '7899', 563, 3408, '2020-02-05', '729-62470446', 'FC1149326', 'ATLAS', 0),
(1127, 113, '220', 564, 3409, '2020-02-05', '145-07398790', '2199987', 'LAN', 0),
(1128, 33, '36451', 571, 3410, '2020-02-05', '406-03720706', 'UIO-03746529', 'UPS', 0),
(1129, 5, '1364', 574, 3411, '2020-02-05', '406-03720695', 'UIO-03746671', 'UPS', 0),
(1130, 16, '1733', 574, 3412, '2020-02-05', '406-03720695', 'UIO-03747045', 'UPS', 0),
(1131, 45, '65799', 574, 3413, '2020-02-05', '406-03720695', 'UIO03747014', 'UPS', 0),
(1132, 70, '1832', 574, 3414, '2020-02-05', '406-03720695', 'UIO03746499', 'UPS', 0),
(1133, 98, '1786', 574, 3415, '2020-02-05', '406-03720695', 'UIO03747105', 'UPS', 0),
(1134, 121, '1977', 574, 3416, '2020-02-05', '406-03720695', 'UIO03746671', 'UPS', 0),
(1135, 16, '1734', 577, 3417, '2020-02-05', '406-03720695', 'UIO03747408', 'UPS', 0),
(1136, 16, '1734', 575, 3418, '2020-02-05', '406-03720695', 'UIO-03747408', 'UPS', 0),
(1137, 16, '1734', 578, 3419, '2020-02-05', '406-03720695', 'UIO-03747408', 'UPS', 0),
(1138, 16, '1734', 576, 3420, '2020-02-05', '406-03720695', 'UIO-03747408', 'UPS', 0),
(1139, 117, '521', 574, 3421, '2020-02-05', '406-03720695', 'UIO-03746463', 'UPS', 0),
(1140, 19, '6908', 568, 3422, '2020-02-05', '145-0754-4445', '731543', 'LAN CARGO', 0),
(1141, 25, '7093', 568, 3423, '2020-02-05', '145-0754-4445', '731366', 'LAN CARGO', 0),
(1142, 2, '31714', 567, 3424, '2020-02-05', '145-0754-4445', '731441', 'LAN CARGO', 0),
(1143, 2, '31714', 566, 3425, '2020-02-05', '145-0754-4445', '731441', 'LAN CARGO', 0),
(1144, 67, '16900', 566, 3426, '2020-02-05', '145-0754-4445', '731512', 'LAN CARGO', 0),
(1145, 7, '5403', 581, 3427, '2020-02-05', '145-0754-4445', '731551', 'LAN CARGO', 0),
(1146, 12, '18034', 581, 3428, '2020-02-05', '145-0754-4445', '731531', 'LAN CARGO', 0),
(1147, 19, '6909', 581, 3429, '2020-02-05', '145-0754-4445', '731543', 'LAN CARGO', 0),
(1148, 25, '7093', 581, 3430, '2020-02-05', '145-0754-4445', '731366', 'LAN CARGO', 0),
(1149, 29, '2853', 581, 3431, '2020-02-05', '145-0754-4445', '731556', 'LAN CARGO', 0),
(1150, 35, '1009643', 581, 3432, '2020-02-05', '145-0754-4445', '731448', 'LAN CARGO', 0),
(1151, 18, '128906', 569, 3433, '2020-02-05', '145-0754-4445', '731511', 'LAN CARGO', 0),
(1152, 67, '16900', 570, 3434, '2020-02-05', '145-0754-4445', '731512', 'LAN CARGO', 0),
(1153, 83, '194152/194153', 582, 3435, '2020-02-05', '145-0754-4445', '731593', 'LAN CARGO', 0),
(1154, 99, '633', 582, 3436, '2020-02-05', '145-0754-4445', '731568', 'LAN CARGO', 0),
(1155, 32, '13801', 573, 3437, '2020-02-05', '145-0754-4445', '731587', 'LAN CARGO', 0),
(1156, 83, '194149', 573, 3438, '2020-02-05', '145-0754-4445', '731593', 'LAN CARGO', 0),
(1157, 18, '129097', 572, 3439, '2020-02-05', '145-0754-4445', '731511', 'LAN CARGO', 0),
(1158, 83, '194151/194150', 572, 3440, '2020-02-05', '145-0754-4445', '731593', 'LAN CARGO', 0),
(1159, 99, '633', 572, 3441, '2020-02-05', '145-0754-4445', '731568', 'LAN CARGO', 0),
(1160, 118, '2522', 572, 3442, '2020-02-05', '145-0754-4445', '731541', 'LAN CARGO', 0),
(1161, 106, '61395', 565, 3443, '2020-02-05', '145-0754-4445', '731503', 'LAN CARGO', 0),
(1162, 83, '194155/194154', 579, 3444, '2020-02-05', '145-0754-4445', '731593', 'LAN CARGO', 0),
(1163, 99, '633', 579, 3445, '2020-02-05', '145-0754-4445', '731568', 'LAN CARGO', 0),
(1164, 118, '2522', 580, 3446, '2020-02-05', '145-0754-4445', '731541', 'LAN CARGO', 0),
(1165, 25, '7093', 583, 3447, '2020-02-05', '145-0754-4445', '731366', 'LAN CARGO', 0),
(1166, 116, '10691', 584, 3448, '2020-02-06', '369-77251731', '2213795', 'ATLAS', 0),
(1167, 60, '2699', 585, 3449, '2020-02-06', '729-62470450', 'FC1149438', 'TAMPA', 0),
(1168, 33, '36471', 586, 3450, '2020-02-06', '176-10882163', 'SC002001604', 'EMIRATE', 0),
(1169, 16, '1743', 588, 3451, '2020-02-06', '406-03720721', 'UIO03749134', 'UPS', 0),
(1170, 45, '65858', 588, 3452, '2020-02-06', '406-03720721', 'UIO03749134', 'UPS', 0),
(1171, 16, '1744', 587, 3453, '2020-02-06', '406-03720721', 'UIO03749105', 'UPS', 0),
(1172, 25, '7092', 589, 3454, '2020-02-06', '172-35770184', 'EBF-1756100', 'LAN', 0),
(1173, 33, '36458', 590, 3455, '2020-02-06', '145-0754-4482', '731532', 'LAN CARGO', 0),
(1174, 4, '5042847', 591, 3456, '2020-02-06', '15745966093', '588561', 'QATAR AIRWAYS CARGO', 0),
(1175, 13, '1001690', 591, 3457, '2020-02-06', '01636067942', 'SAILO FLOWERS', 'QATAR AIRWAYS CARGO', 0),
(1176, 38, '2001098', 591, 3458, '2020-02-06', '01636067942', '589127', 'QATAR AIRWAYS CARGO', 0),
(1177, 70, '0001836', 591, 3459, '2020-02-06', '01636067942', '589076', 'QATAR AIRWAYS CARGO', 0),
(1178, 83, '0129069', 591, 3460, '2020-02-06', '15745966093', '589118', 'QATAR AIRWAYS CARGO', 0),
(1179, 18, '129068/129069', 591, 3461, '2020-02-06', '01636067942', '589015', 'QATAR AIRWAYS CARGO', 0),
(1180, 60, '2700', 592, 3462, '2020-02-06', '145-07401516', '2214308', 'LAN', 0),
(1181, 103, '0101545', 591, 3463, '2020-02-06', '15745966093', '589198', 'QATAR AIRWAYS CARGO', 0),
(1182, 33, '36510', 595, 3464, '2020-02-07', '176-10882233', 'SC002001765', 'EMIRATE', 0),
(1183, 33, '36506', 593, 3465, '2020-02-07', '176-10882233', 'UIO003749612', 'EMIRATE', 0),
(1184, 33, '36505', 594, 3466, '2020-02-07', '406-03720765', 'UIO03749612', 'UPS', 0),
(1185, 19, '', 596, 3467, '2020-02-07', '145-0754-4482', '731532', 'LAN CARGO', 0),
(1186, 41, '1083414', 596, 3468, '2020-02-07', '145-0754-4526', '731856', 'LAN CARGO', 0),
(1187, 89, '4065084', 597, 3469, '2020-02-07', '157-5951-0522', '932720', 'QATAR AIRLINE', 0),
(1188, 106, '61702', 598, 3470, '2020-02-07', '369-77252151', '2214818', 'ATLAS', 0),
(1189, 116, '10705', 599, 3471, '2020-02-07', '369-77252140', '2214646', 'ATLAS', 0),
(1190, 113, '222', 600, 3472, '2020-02-07', '369-77252140', '2214706', 'ATLAS', 0),
(1191, 2, '31760', 601, 3473, '2020-02-07', '369-77246293', 'CMU00054893', 'ATLAS', 0),
(1192, 106, '61727', 601, 3474, '2020-02-07', '369-77246293', 'CMU00054983', 'ATLAS', 0),
(1193, 70, '1843', 602, 3475, '2020-02-07', '157-59510286', '932890', 'QATAR', 0),
(1194, 9, '14129', 603, 3476, '2020-02-07', '157-59506996', 'CMU00055049', 'QATAR', 0),
(1195, 12, '18077', 604, 3477, '2020-02-07', '074-34281155', '932787', 'ATLAS', 0),
(1196, 25, '7094', 604, 3478, '2020-02-07', '074-34281155', '932905', 'ATLAS', 0),
(1197, 69, '9573', 604, 3479, '2020-02-07', '074-34281155', '932729', 'ATLAS', 0),
(1198, 73, '1117788', 604, 3480, '2020-02-07', '074-34281155', '932963', 'ATLAS', 0),
(1199, 122, '58259', 604, 3481, '2020-02-07', '074-34281155', '932791', 'ATLAS', 0),
(1200, 9, '13720', 609, 3482, '2020-02-10', '369-77235152', '912577785', 'ATLAS', 0),
(1201, 9, '13762', 610, 3483, '2020-02-10', '36977235056', 'LA912589006', 'ATLAS', 0),
(1202, 12, '18077', 611, 3484, '2020-02-10', '1222', '122', '11', 0),
(1203, 25, '7094', 611, 3485, '2020-02-10', '074-3428-1155', '932905', 'klm', 0),
(1204, 69, '9573', 611, 3486, '2020-02-10', '074-3482-1155', '932729', 'KLM', 0),
(1205, 73, '1117788', 611, 3487, '2020-02-10', '074-3428-1155', '932963', 'KLM', 0),
(1206, 122, '3046427', 611, 3488, '2020-02-10', '074-3428-1155', '932791', 'KLM', 0),
(1207, 9, '0013796', 615, 3489, '2020-02-10', '36977235830', '9121600016', 'ATLAS', 0),
(1208, 9, '13831', 616, 3490, '2020-02-10', '72962448470', '9121610344', 'TAMPA', 0),
(1209, 29, '2864', 614, 3491, '2020-02-10', '00-00080382', '30901111343', 'FRESHLOGITIC', 0),
(1210, 33, '3542', 613, 3492, '2020-02-10', '406-03743165', 'UIO03753446', 'UPS', 0),
(1211, 9, '13865', 625, 3493, '2020-02-10', '72962448772', 'LA0011617916', 'TAMPA', 0),
(1212, 8, '13977', 626, 3494, '2020-02-10', '36977238685', '2137953', 'ATLAS', 0),
(1213, 123, '5039', 626, 3495, '2020-02-10', '36977238674', '2138017', 'ATLAS', 0),
(1214, 89, '4063475', 628, 3496, '2020-02-10', '36977238663', '2134839', 'ATLAS', 0),
(1215, 60, '2685', 629, 3497, '2020-02-10', '36977238674', '2138055', 'ATLAS', 0),
(1216, 89, '4063296', 630, 3498, '2020-02-10', '36976842415', '2126617', 'ATLAS', 0),
(1217, 89, '4063075', 631, 3499, '2020-02-10', '36976842360', '2116867', 'ATLAS', 0),
(1218, 25, '7096', 632, 3500, '2020-02-10', '14507544563', '732048', 'LAN CHILE', 0),
(1219, 60, '2681', 633, 3501, '2020-02-10', '14507291362', '2113399', 'LAN CARGO', 0),
(1220, 25, '7095', 634, 3502, '2020-02-10', '074-3427-7036', '-UIO-03754731', 'ATLAS', 0),
(1221, 89, '4062629', 635, 3503, '2020-02-10', '36976842220', '2098882', 'ATLAS', 0),
(1222, 89, '4062847', 636, 3504, '2020-02-10', '36976842290', '2106312', 'ATLAS', 0),
(1223, 87, '215706', 637, 3505, '2020-02-10', '36976842393', '1', 'ATLAS', 0),
(1224, 106, '', 608, 3506, '2020-02-10', '14507544552  ', '732210', 'LAN CARGO', 0),
(1225, 106, '', 606, 3507, '2020-02-10', '14507544552', '732210', 'LAN CARGO', 0),
(1226, 99, '', 605, 3508, '2020-02-10', '14507544552  ', '732172', 'LAN CARGO', 0),
(1227, 18, '', 607, 3509, '2020-02-10', '14507544552  ', '732216', 'LAN CARGO', 0),
(1228, 99, '', 612, 3510, '2020-02-10', '14507544552  ', '732172', 'LAN CARGO', 0),
(1229, 25, '', 627, 3511, '2020-02-10', '14507544552  ', '732050', 'LAN CARGO', 0),
(1230, 41, '', 627, 3512, '2020-02-10', '14507544552  ', '732151', 'LAN CARGO', 0),
(1231, 113, '223', 640, 3513, '2020-02-10', '145-07398786', '2217267', 'LAN', 0),
(1232, 89, '4065211', 639, 3514, '2020-02-10', '145-07398790', '2218599', 'LAN', 0);

-- --------------------------------------------------------

--
-- Estructura de tabla para la tabla `measure`
--

CREATE TABLE `measure` (
  `measure_id` int(11) NOT NULL,
  `name` varchar(65) NOT NULL
) ENGINE=InnoDB DEFAULT CHARSET=latin1;

--
-- Volcado de datos para la tabla `measure`
--

INSERT INTO `measure` (`measure_id`, `name`) VALUES
(1, '50 cm'),
(2, '40 cm'),
(3, '80 cm'),
(4, '60 cm'),
(5, '70 cm'),
(6, '250 gr'),
(7, '750 gr '),
(8, '300 gr'),
(9, '90 cm'),
(10, '100 cm'),
(11, '120 cm'),
(12, '150 cm'),
(13, '320 gr'),
(14, '50/60 CM'),
(16, '60/70 CM'),
(17, '70/80 CM'),
(18, '80/90 CM'),
(19, '40/50 CM'),
(20, 'LARGE'),
(21, 'JUMBO'),
(22, 'MEDIUM'),
(23, 'SMALL');

-- --------------------------------------------------------

--
-- Estructura de tabla para la tabla `motivo`
--

CREATE TABLE `motivo` (
  `motivo_id` int(11) NOT NULL,
  `motivo` varchar(128) NOT NULL,
  `is_active` int(11) NOT NULL
) ENGINE=InnoDB DEFAULT CHARSET=latin1;

--
-- Volcado de datos para la tabla `motivo`
--

INSERT INTO `motivo` (`motivo_id`, `motivo`, `is_active`) VALUES
(1, 'motivo de prueba actualizado', 2),
(2, 'plaga con gripe', 2),
(3, 'Botrytis', 1),
(4, 'Daños mecánicos', 1),
(5, 'Maltrato', 1),
(6, 'Tallos cortos', 1),
(7, 'Tallos torcidos', 1),
(8, 'Fumigación', 1),
(9, 'Color incorrecto', 1),
(10, 'Empaque incorrecto', 1),
(11, 'Follaje café', 1),
(12, 'Trips', 1),
(13, 'Acaros', 1),
(14, 'Punto de corte abierto', 1),
(15, 'Punto de corte cerrado', 1),
(16, 'Marcas en los pétalos', 1),
(17, 'Exceso de follaje', 1),
(18, 'Inconsistencias ', 1),
(19, 'Desprendimiento de cabezas', 1),
(20, 'Bajo conteo de botones', 1),
(21, 'Deshidratación', 1),
(22, 'Variedad incorrecta', 1),
(23, 'Tamaño incorrecto', 1),
(24, 'Receta equivocada', 1),
(25, 'Tallos partidos', 1),
(26, 'Pétalos bronceados', 1),
(27, 'Cabezas pequeñas', 1),
(28, 'Decoloración', 1),
(29, 'Capuchón incorrecto', 1),
(30, 'UPC incorrecto', 1),
(31, 'Hongos', 1),
(32, 'Deformación', 1),
(33, 'Comida incorrecta', 1),
(34, 'Negreamiento', 1);

-- --------------------------------------------------------

--
-- Estructura de tabla para la tabla `nunit`
--

CREATE TABLE `nunit` (
  `nunit_id` int(11) NOT NULL,
  `name` varchar(128) NOT NULL
) ENGINE=InnoDB DEFAULT CHARSET=utf8;

-- --------------------------------------------------------

--
-- Estructura de tabla para la tabla `pending`
--

CREATE TABLE `pending` (
  `pending_id` int(11) NOT NULL,
  `request_id` int(11) NOT NULL,
  `qty` int(11) NOT NULL,
  `provider_id` int(11) NOT NULL,
  `reason` text NOT NULL,
  `price` float NOT NULL,
  `product_id` int(11) NOT NULL,
  `measure_id` int(11) NOT NULL
) ENGINE=InnoDB DEFAULT CHARSET=utf8;

--
-- Volcado de datos para la tabla `pending`
--

INSERT INTO `pending` (`pending_id`, `request_id`, `qty`, `provider_id`, `reason`, `price`, `product_id`, `measure_id`) VALUES
(6, 164, 2, 25, 'Es de IPEP', 0, 47, 1),
(7, 176, 10, 9, '', 0.18, 3, 1),
(8, 127, 1, 7, 'No envió 1 hb', 0.2, 991, 1),
(9, 186, 1, 18, '', 0.2, 998, 2),
(10, 183, 1, 13, '', 0.2, 998, 2),
(11, 212, -1, 104, '', 0.22, 1004, 1),
(12, 212, 3, 104, '', 0.22, 1004, 1),
(13, 205, 1, 41, '', 0.01, 555, 1),
(14, 259, -1, 25, '', 0.18, 76, 1),
(15, 259, 1, 25, '', 0.18, 76, 1),
(16, 293, 3, 56, '3 hb no cumplieron parámetros requeridos por el cliente', 0.15, 1014, 5),
(17, 293, 1, 56, '1 hb no cumplió parámetros del cliente', 0.15, 1016, 5),
(18, 294, 1, 56, 'Se confirmó al final del día 13hb, la finca envió solo 9', 0.15, 1014, 5),
(19, 294, -1, 56, '', 0.15, 1016, 5),
(20, 511, 3, 7, '', 0.25, 991, 1),
(21, 438, 3, 69, '', 0.25, 991, 1),
(22, 511, 2, 9, 'carguera no recibió las cajas enviaron en caja finca', 0.2, 991, 1),
(23, 511, 1, 118, 'Finca envía solo 1 hb', 0.25, 555, 1),
(24, 520, 1, 118, 'finca envía solo 1 hb', 0.24, 555, 1),
(25, 512, 3, 9, 'Carguera no recibió estas cajas porque enviaron en caja finca', 0.2, 991, 1),
(26, 520, -1, 118, '', 0.24, 555, 1),
(27, 451, 1, 19, 'finca envió solo 1 hb', 0.2, 47, 1),
(28, 451, 2, 38, 'se envió mal la etiqueta y no pudieron embarcar estas cajas', 0.5, 171, 1),
(29, 314, 1, 7, 'la finca envió una caja menos ', 4.8, 1019, 2),
(30, 541, 4, 106, 'Carguera no recibe embarque, enviaron en caja finca', 0.38, 342, 5),
(31, 544, 2, 7, 'se envía de oficina mal etiqueta, se pide a cliente cambiar de vuelo', 0.2, 561, 1),
(32, 353, 5, 33, 'Se devolvieron estas cajas, por no cumplir con los parámetros del cliente', 6.84, 1023, 1),
(33, 315, -5, 7, '', 3.6, 1021, 2),
(34, 315, 5, 7, '', 3.6, 1021, 2),
(35, 315, -1, 7, '', 4.8, 1019, 2),
(36, 317, 5, 39, 'se cambia a otro po', 0.48, 1019, 2),
(37, 368, 4, 117, 'se cambió de finca', 6, 1023, 1),
(38, 367, -1, 29, '', 7.2, 1023, 1),
(39, 367, 1, 117, '', 6, 1023, 1),
(40, 427, -9, 7, '', 13.2, 1026, 1),
(41, 427, 9, 39, '', 12.24, 1026, 1),
(42, 317, -5, 7, '', 4.8, 1019, 2),
(43, 570, -2, 70, '', 0.26, 991, 1),
(44, 570, 2, 69, '', 0.26, 991, 1),
(45, 448, 4, 2, 'Finca no envía completo', 0.43, 339, 5),
(46, 586, 6, 29, 'finca no llegó', 7, 1023, 1),
(47, 316, 2, 7, 'Se envió mal las etiquetas', 3.6, 1021, 2),
(48, 316, 6, 7, 'se envió mal las etiquetas', 4.8, 1019, 2),
(49, 584, 5, 29, '', 8.76, 1023, 1),
(50, 361, 6, 117, '', 6, 1023, 1),
(51, 431, 2, 7, 'se envió mal las etiquetas', 13.2, 1026, 1),
(52, 360, 4, 7, 'se enviaron mal las etiquetas', 6.6, 1023, 1),
(53, 431, 4, 117, 'No envió la finca', 12, 1026, 1),
(54, 445, 18, 70, 'finca no entrega estas cajas', 0.6, 1027, 1),
(55, 448, 1, 2, '', 0.43, 339, 5),
(56, 368, 1, 117, '', 6, 1023, 1),
(57, 454, 20, 2, 'finca no envió cajas', 0.43, 336, 5),
(58, 551, 2, 70, '', 0.22, 5, 4),
(59, 551, 2, 70, '', 0.24, 8, 4),
(60, 542, 1, 41, '', 0.1, 998, 1),
(61, 600, 1, 7, '', 0.25, 555, 1),
(62, 599, 3, 2, '', 0.43, 336, 5),
(63, 599, 4, 2, '', 0.43, 342, 5),
(64, 372, 6, 7, 'Carguera asignó mal la guía no pudo volar', 6.6, 1023, 1),
(65, 371, 3, 117, 'Finca envía menos 3 hb', 6, 1023, 1),
(66, 623, 2, 5, '', 0.85, 3, 5),
(67, 638, -6, 5, '', 0.75, 3, 4),
(68, 638, 6, 98, '', 0.65, 3, 4),
(69, 460, 4, 29, 'se envían mal las etiquetas no vuela', 0.35, 1028, 1),
(70, 460, 4, 33, 'se envían mal las etiquetas no vuela', 0.35, 1028, 1),
(71, 460, 2, 19, 'se envían mal las etiquetas no vuela', 0.35, 1028, 1),
(72, 384, 1, 117, 'Finca envió menos 1 hb', 7, 1023, 1),
(73, 385, 4, 117, 'Finca no envía estas cajas', 7, 1023, 1),
(74, 458, 1, 33, '', 0.35, 564, 1),
(75, 681, 1, 83, '', 7, 1037, 2),
(76, 642, 1, 2, '', 0.49, 339, 5),
(77, 680, 14, 18, '', 7, 1038, 2),
(78, 680, 46, 83, '', 7, 1037, 2),
(79, 680, 87, 83, '', 7, 1038, 2),
(80, 680, 7, 118, '', 7, 1038, 2),
(81, 682, 7, 118, '', 7, 1037, 2),
(82, 682, 5, 83, '', 7, 1037, 2),
(83, 682, 11, 99, '', 7, 1037, 2),
(84, 409, -6, 16, '', 7, 1023, 1),
(85, 409, 1, 16, '', 7, 1023, 1),
(86, 409, 1, 98, '', 6.6, 1023, 1),
(87, 409, 4, 98, '', 6.6, 1023, 1),
(88, 702, 1, 83, '', 6.6, 1037, 2),
(89, 707, 6, 83, '', 7, 1037, 2),
(90, 707, 1, 83, '', 7, 1038, 2),
(91, 726, 2, 19, '', 0.2, 3, 1);

-- --------------------------------------------------------

--
-- Estructura de tabla para la tabla `product`
--

CREATE TABLE `product` (
  `product_id` int(11) NOT NULL,
  `name` varchar(256) NOT NULL,
  `descriptions` text,
  `photo` varchar(256) DEFAULT NULL,
  `product_category_id` int(11) NOT NULL,
  `status` int(11) NOT NULL,
  `stems_bunch` int(11) NOT NULL,
  `button_size` varchar(60) NOT NULL,
  `colour` varchar(60) NOT NULL,
  `commentary` text NOT NULL
) ENGINE=InnoDB DEFAULT CHARSET=utf8;

--
-- Volcado de datos para la tabla `product`
--

INSERT INTO `product` (`product_id`, `name`, `descriptions`, `photo`, `product_category_id`, `status`, `stems_bunch`, `button_size`, `colour`, `commentary`) VALUES
(3, 'FREEDOM', '', './uploads/product/1574109895.jpg', 1, 1, 25, '5-6', 'RED', ''),
(5, 'MONDIAL', '', './uploads/product/1574111296.jpg', 1, 1, 25, '5-7', 'WHITE', ''),
(6, 'CABARET', '', NULL, 1, 1, 25, '4-5', 'BICOLOR ORANGE', ''),
(7, 'IGUAZÚ', '', './uploads/product/1574118080.jpg', 1, 1, 25, '5-6', 'EARTH TONE', ''),
(8, 'PINK FLOYD', '', './uploads/product/1574111430.jpg', 1, 1, 25, '5-7', 'HOT PINK', ''),
(9, 'NINA', '', './uploads/product/1574111389.jpg', 1, 1, 25, '5-6', 'ORANGE', ''),
(10, 'EXPLORER', '', './uploads/product/1574117428.jpg', 1, 1, 25, '5-7', 'RED', ''),
(11, 'HERMOSA', '', NULL, 1, 1, 25, '5-6', 'PINK', ''),
(12, 'BIKINI', '', NULL, 1, 1, 25, '5 - 6 ', 'YELLOW', ''),
(13, 'BRIGHTON', '', './uploads/product/1574109586.jpg', 1, 1, 25, '5-6', 'YELLOW', ''),
(14, 'DEEP PURPLE', '', './uploads/product/1574109826.jpg', 1, 1, 25, '5-6', 'LAVANDER', ''),
(17, 'MOODY BLUES', '', './uploads/product/1574111328.jpg', 1, 1, 25, '4-5', 'LAVANDER', ''),
(18, 'NOVIA', '', NULL, 1, 1, 25, '5-6', 'PINK', ''),
(19, 'PINK MONDIAL', '', './uploads/product/1574111449.jpg', 1, 1, 25, '5-7', 'LIGHT PINK', ''),
(20, 'PLAYA BLANCA', '', NULL, 1, 1, 25, '5-6', 'WHITE', ''),
(21, 'PROUD', '', './uploads/product/1574118263.jpg', 1, 1, 25, '5-6', 'WHITE', '<p>1</p>'),
(22, 'QUICKSAND', '', './uploads/product/1574118283.jpg', 1, 1, 25, '5-6', 'ARENA', ''),
(23, 'TOPAZ', '', NULL, 1, 1, 25, '5-7', 'HOT PINK', ''),
(25, 'BLUSH', '', './uploads/product/1574117118.jpg', 1, 1, 25, '5-6', 'BICOLOR ORANGE', ''),
(26, 'ENGAGEMENT', '', './uploads/product/1574117288.jpg', 1, 1, 25, '5-7', 'PEACH', ''),
(27, 'GOTCHA', '', './uploads/product/1574117919.jpg', 1, 1, 25, '5-6', 'HOT PINK', ''),
(28, 'HIGH & YELLOW MAGIC', '', NULL, 1, 1, 25, '4-5', 'YELLOW', ''),
(30, 'NENA', '', NULL, 1, 1, 25, '4-5', 'LIGHT PINK', ''),
(31, 'SEÑORITA', '', NULL, 1, 1, 25, '5-6', 'LIGHT PINK', ''),
(32, 'SHIMMER', '', './uploads/product/1574111685.jpg', 1, 1, 25, '5-6', 'PEACH', ''),
(33, 'STARDUST', '', NULL, 1, 1, 25, '5-6', 'YELLOW', ''),
(34, 'SWEET UNIQUE', '', NULL, 1, 1, 25, '5-6', 'PINK', ''),
(35, 'SWEETNESS', '', './uploads/product/1574118384.jpg', 1, 1, 25, '5-6', 'BICOLOR HOT PINK', ''),
(36, 'DEKORA', '', './uploads/product/1574117271.jpg', 1, 1, 25, '5-6', 'PINK', ''),
(37, 'LOTUS', '', NULL, 1, 1, 25, '5-6', 'RED', ''),
(38, 'SEXY RED', '', './uploads/product/1574118363.jpg', 1, 1, 25, '5-6', 'RED', ''),
(39, 'CARROUSEL', '', './uploads/product/1574117142.jpg', 1, 1, 25, '5-6', 'BICOLOR HOT PINK', ''),
(40, 'CHERRY OH', '', './uploads/product/1574117252.jpg', 1, 1, 25, '', '', ''),
(41, 'HOT EXPLORER', '', './uploads/product/1574109993.jpg', 1, 1, 25, '5-7', 'HOT PINK', ''),
(42, 'JANEIRO', '', NULL, 1, 1, 25, '5-6', 'HOT PINK', ''),
(43, 'LOLA', '', './uploads/product/1574111081.jpg', 1, 1, 25, '5-6', 'HOT PINK', ''),
(44, 'ROSATO', '', NULL, 1, 1, 25, '4-5', 'HOT PINK', ''),
(45, 'ROSEBERRY', '', NULL, 1, 1, 25, '5-6', 'HOT PINK', ''),
(46, 'SAGA', '', './uploads/product/1574111593.jpg', 1, 1, 25, '5-6', 'HOT PINK', ''),
(47, 'COOL WATER', '', './uploads/product/1574109692.jpg', 1, 1, 25, '5-6', 'HOT PINK', ''),
(48, 'OCEAN SONG', '', NULL, 1, 1, 25, '5-6', 'LAVANDER', ''),
(49, 'SWEET BERRY', '', NULL, 1, 1, 25, '5-6', 'BICOLOR HOT PINK', ''),
(51, 'HIGH & YELLOW FLAME', '', NULL, 1, 1, 25, '5-6', 'BICOLOR YELLOW', ''),
(52, 'AMOROSA', '', './uploads/product/1574109536.jpg', 1, 1, 25, '5-7', 'PINK', ''),
(53, 'FRUTTETO', '', NULL, 1, 1, 25, '5-7', 'PINK', ''),
(54, 'JESSICA', '', NULL, 1, 1, 25, '5-6', 'PINK', ''),
(55, 'LORRAINE', '', NULL, 1, 1, 25, '5-6', 'PINK', ''),
(56, 'OPALA', '', NULL, 1, 1, 25, '5-6', 'PINK', ''),
(57, 'REBECCA', '', NULL, 1, 1, 25, '5-6', 'PINK', ''),
(58, 'SALMA', '', NULL, 1, 1, 25, '4-5', 'PINK', ''),
(59, 'TITANIC', '', './uploads/product/1574111861.jpg', 1, 1, 25, '5-6', 'LIGHT PINK', ''),
(60, 'CREME DE LA CREME', '', NULL, 1, 1, 25, '5-7', 'CREAM', ''),
(61, 'DYNAMIC', '', NULL, 1, 1, 25, '5-6', 'WHITE', ''),
(62, 'MOONSTONE', '', './uploads/product/1574118196.jpg', 1, 1, 25, '5-6', 'WHITE', ''),
(63, 'POLAR STAR', '', NULL, 1, 1, 25, '5-7', 'WHITE', ''),
(64, 'POMPEII', '', NULL, 1, 1, 25, '5-6', 'WHITE', ''),
(65, 'SOUL', '', NULL, 1, 1, 25, '5-6', 'WHITE', ''),
(66, 'SNOWBLISS', '', NULL, 1, 1, 25, '5-6', 'WHITE', ''),
(67, 'LA PERLA', '', './uploads/product/1574118219.jpg', 1, 1, 25, '5-6', 'PEACH', ''),
(68, 'PRIMAVERA', '', NULL, 1, 1, 25, '4-5', 'PEACH', ''),
(70, 'CHERRY BRANDY', '', NULL, 1, 1, 25, '5-6', 'ORANGE', ''),
(71, 'COPACABANA', '', NULL, 1, 1, 25, '4-5', 'ORANGE', ''),
(72, 'FIDJI', '', NULL, 1, 1, 25, '4-5', 'ORANGE', ''),
(75, 'IGUANA', '', NULL, 1, 1, 25, '5-6', 'BICOLOR ORANGE', ''),
(76, 'ORANGE CRUSH', '', NULL, 1, 1, 25, '4-5', 'ORANGE', ''),
(77, 'TROTTOLA', '', NULL, 1, 1, 25, '4-5', 'ORANGE', ''),
(78, 'AMARETO', '', NULL, 1, 1, 25, '5-6', 'YELLOW', ''),
(80, 'FLORIDA', '', NULL, 1, 1, 25, '4-5', 'BICOLOR YELLOW', ''),
(81, 'SUPER SUN', '', NULL, 1, 1, 25, '5-6', 'YELLOW', ''),
(83, 'WASABI', '', './uploads/product/1574112393.jpg', 1, 1, 25, '4-5', 'GREEN', ''),
(84, 'HIGH & TWINKLE', '', NULL, 1, 1, 25, '5-6', 'BICOLOR ORANGE', ''),
(87, 'ESPERANCE', '', './uploads/product/1574109859.jpg', 1, 1, 25, '4-5', 'BICOLOR HOT PINK', ''),
(89, 'MILLENIUM', '', NULL, 1, 1, 25, '5-7', 'YELLOW', ''),
(90, 'LUCIANO', '', './uploads/product/1574111114.jpg', 1, 1, 25, '5-6', 'PINK', ''),
(91, 'SANTANA', '', NULL, 1, 1, 25, '5-6', 'ORANGE', ''),
(92, 'HIGH & HAPPY', '', NULL, 1, 1, 25, '5-6', 'ORANGE', ''),
(93, 'WOW', '', NULL, 1, 1, 25, '5-6', 'ORANGE', ''),
(94, 'HOT LADY', '', NULL, 1, 1, 25, '5-7', 'HOT PINK', ''),
(95, 'SWEET AKITO', '', NULL, 1, 1, 25, '5-6', 'LIGHT PINK', ''),
(96, 'PRICELESS', '', NULL, 1, 1, 25, '5-6', 'BICOLOR HOT PINK', ''),
(98, 'ROSITA VENDELA', '', NULL, 1, 1, 25, '5-6', 'PINK', ''),
(99, 'CARPE DIEM', '', './uploads/product/1574109606.jpg', 1, 1, 25, '5-6', 'PEACH', ''),
(100, 'SHUKRANI', '', NULL, 1, 1, 25, '5-6', 'PEACH', ''),
(101, 'CUMBIA', '', NULL, 1, 1, 25, '5-6', 'PEACH', ''),
(102, 'TRUST', '', NULL, 1, 1, 25, '5-6', 'PEACH', ''),
(103, 'HIGH & EXOTIC', '', NULL, 1, 1, 25, '4-5', 'YELLOW', ''),
(104, 'HUMMER', '', NULL, 1, 1, 25, '4-5', 'YELLOW', ''),
(105, 'IDOLE', '', NULL, 1, 1, 25, '5-6', 'YELLOW', ''),
(106, 'TARA', '', NULL, 1, 1, 25, '5-6', 'YELLOW', ''),
(107, 'AKITO', '', NULL, 1, 1, 25, '5-6', 'WHITE', ''),
(109, 'POLO', '', NULL, 1, 1, 25, '5-6', 'WHITE', ''),
(110, 'SAHARA', '', NULL, 1, 1, 25, '4-5', 'ARENA', ''),
(111, 'WHITE CHOCOLATE', '', NULL, 1, 1, 25, '5-7', 'WHITE', ''),
(112, 'WHITE DOVE', '', NULL, 1, 1, 25, '5-7', 'WHITE', ''),
(113, 'PALOMA', '', './uploads/product/1574111405.jpg', 1, 1, 25, '5-6', 'BICOLOR HOT PINK', ''),
(115, 'ENCANTO', '', NULL, 1, 1, 25, '5-6', 'BICOLOR YELLOW', ''),
(116, 'AVANT GARDE', '', NULL, 1, 1, 25, '5-6', 'LAVANDER', ''),
(117, 'BLUEBERRY', '', './uploads/product/1574109568.jpg', 1, 1, 25, '5-6', 'LAVANDER', ''),
(118, 'PURPLE HAZE', '', NULL, 1, 1, 25, '5-6', 'LAVANDER', ''),
(119, 'SOULMATE', '', NULL, 1, 1, 25, '5-6', 'LAVANDER', ''),
(120, 'GREEN TEA', '', NULL, 1, 1, 25, '5-6', 'GREEN', ''),
(121, 'ROCKSTAR', '', NULL, 1, 1, 25, '5-6', 'ORANGE', ''),
(122, 'STAR 2000', '', NULL, 1, 1, 25, '5-6', 'ORANGE', ''),
(123, 'VOODOO', '', NULL, 1, 1, 25, '5-6', 'ORANGE', ''),
(124, 'WILD SPIRIT', '', NULL, 1, 1, 25, '5-6', 'ORANGE', ''),
(125, 'MANITOU', '', NULL, 1, 1, 25, '5-6', 'ORANGE', ''),
(126, 'ANASTASIA', '', NULL, 1, 1, 25, '5-6', 'WHITE', ''),
(127, 'AUBADE', '', NULL, 1, 1, 25, '5-6', 'BICOLOR ', ''),
(128, 'AMSTERDAM', '', './uploads/product/1574117084.jpg', 1, 1, 25, '5-6', 'PINK', ''),
(129, 'BOULEVARD', '', NULL, 1, 1, 25, '5-6', 'BICOLOR HOT PINK', ''),
(130, 'GERALDINE', '', NULL, 1, 1, 25, '5-6', 'SALMON', ''),
(131, 'RIVIERA', '', NULL, 1, 1, 25, '5-6', 'BICOLOR HOT PINK', ''),
(132, 'ZAZU', '', NULL, 1, 1, 25, '4-5', 'GREEN', ''),
(133, 'FAITH', '', NULL, 1, 1, 25, '5-6', 'LIGHT PINK', ''),
(134, 'FRIENDLY', '', NULL, 1, 1, 25, '5-6', 'BICOLOR ORANGE', ''),
(135, 'HIGH & INTENZZ', '', NULL, 1, 1, 25, '5-6', 'BICOLOR ORANGE', ''),
(136, 'TUTTI FRUTTI', '', NULL, 1, 1, 25, '4-5', 'BICOLOR YELLOW', ''),
(137, 'ART DECO', '', NULL, 1, 1, 25, '5-7', 'HOT PINK', ''),
(138, 'DUETT', '', NULL, 1, 1, 25, '4-5', 'BICOLOR PINK', ''),
(139, 'FIESTA', '', './uploads/product/1574117447.jpg', 1, 1, 25, '5-6', 'BICOLOR PINK', ''),
(140, 'HIGH & CANDY', '', NULL, 1, 1, 25, '5-6', 'BICOLOR PINK', ''),
(141, 'FARFALLA', '', NULL, 1, 1, 25, '5-6', 'BICOLOR ORANGE', ''),
(142, 'TURTLE', '', './uploads/product/1574112039.jpg', 1, 1, 25, '4-5', 'YELLOW', ''),
(143, 'ENJOY', '', './uploads/product/1574117305.jpg', 1, 1, 25, '5-6', 'HOT PINK', ''),
(144, 'PINK LOVE', '', './uploads/product/1574118241.jpg', 1, 1, 25, '5-7', 'HOT PINK', ''),
(145, 'QUEEN MARY', '', NULL, 1, 1, 25, '5-7', 'HOT PINK', ''),
(146, 'SHOCKING VERSILIA', '', NULL, 1, 1, 25, '5-7', 'HOT PINK', ''),
(147, 'DARK ENGAGEMENT', '', NULL, 1, 1, 25, '5-7', 'PINK', ''),
(148, 'FIRST LADY', '', NULL, 1, 1, 25, '5-7', 'WHITE', ''),
(149, 'HIGH & PEACE', '', NULL, 1, 1, 25, '5-7', 'WHITE', ''),
(150, 'HIGH & PURE', '', NULL, 1, 1, 25, '5-7', 'WHITE', ''),
(151, 'LATINA', '', NULL, 1, 1, 25, '5-6', 'YELLOW', ''),
(152, 'MARZIPAN', '', NULL, 1, 1, 25, '5-6', 'ARENA', ''),
(153, 'LIMBO', '', NULL, 1, 1, 25, '5-6', 'GREEN', ''),
(154, 'BLIZZARD', '', NULL, 1, 1, 25, '5-6', 'WHITE', ''),
(155, 'BLUE CURIOSA', '', NULL, 1, 1, 25, '5-6', 'LAVANDER', ''),
(156, 'CEZANNE', '', NULL, 1, 1, 25, '4-5', 'BICOLOR ', ''),
(157, 'JUPITER', '', NULL, 1, 1, 25, '5-6', 'YELLOW', ''),
(158, 'PURPLE CEZANNE', '', NULL, 1, 1, 25, '5-6', 'HOT PINK', ''),
(159, 'BUTTER SCOTCH', '', NULL, 1, 1, 25, '5-6', 'YELLOW', ''),
(160, 'ELSA', '', NULL, 1, 1, 25, '5-6', 'LIGHT PINK', ''),
(161, 'HOT SHOT', '', NULL, 1, 1, 25, '5-6', 'HOT PINK', ''),
(162, 'RAGAZZA', '', './uploads/product/1574118297.jpg', 1, 1, 25, '5-6', 'LIGHT PINK', ''),
(163, 'SAGAI', '', NULL, 1, 1, 25, '5-6', 'PINK', ''),
(164, '3D', '<p>PEACH WITH PINK/DARK PINK<br></p>', './uploads/product/1574117048.jpg', 1, 1, 25, '5-6', 'BICOLOR ', ''),
(165, 'ATOMIC', '', './uploads/product/1574117099.jpg', 1, 1, 25, '5-6', 'BICOLOR', '<p>Yellow with orange borders</p>'),
(166, 'CIRCUS', '', NULL, 1, 1, 25, '5-6', 'BICOLOR ', '<p>\r\n\r\nBicolor yellow with red borders\r\n\r\n<br></p>'),
(167, 'CORAL REEF', '', './uploads/product/1574109713.jpg', 1, 1, 25, '5-6', 'PEACH', ''),
(170, 'GOLD STRIKE', '', NULL, 1, 1, 25, '5-6', 'YELLOW', ''),
(171, 'KAHALA', '', './uploads/product/1574111064.jpg', 1, 1, 25, '5-6', 'BICOLOR ', '<p>\r\n\r\nBi-Color Peach with orange edges and yellow center\r\n\r\n<br></p>'),
(172, 'MALIBU', '', './uploads/product/1574118129.jpg', 1, 1, 25, '5-6', 'DARK PINK', ''),
(173, 'MINT', '', NULL, 1, 1, 25, '5-6', 'GREEN', ''),
(175, 'TABASCO', '', NULL, 1, 1, 25, '5-6', 'BICOLOR', ''),
(176, 'TIBET', '', './uploads/product/1574111836.jpg', 1, 1, 25, '5-6', 'WHITE', ''),
(177, 'TYCOON', '', './uploads/product/1574112360.jpg', 1, 1, 25, '5-6', 'ORANGE', ''),
(178, 'VERSILIA', '', NULL, 1, 1, 25, '5-6', 'PEACH', ''),
(179, 'ESCIMO', '', NULL, 1, 1, 25, '5-6', 'White', ''),
(180, 'LYNN', '', NULL, 1, 1, 25, '5-6', 'CREAM', ''),
(182, 'FUSION', '', NULL, 1, 1, 25, '5-6', 'PINK', ''),
(183, 'HUMMER  STAR', '', NULL, 1, 1, 25, '5-6', 'YELLOW', ''),
(184, 'LEMONADE', '', './uploads/product/1574118099.jpg', 1, 1, 25, '5-6', 'GREEN', ''),
(185, 'TINTO', '', NULL, 1, 1, 25, '5-6', 'RED', ''),
(186, 'HOT MERENGUE', '', NULL, 1, 1, 25, '5-6', 'BICOLOR ', ''),
(187, 'VINTAGE', '', './uploads/product/1574112378.jpg', 1, 1, 25, '5-6', 'BICOLOR ', ''),
(188, 'CANDLELIGHT', '', NULL, 10, 1, 25, '5-6', 'WHITE', ''),
(190, 'DARK XPRESSION', '', NULL, 10, 1, 25, '5-6', 'PINK', ''),
(191, 'PINK XPRESSION', '', NULL, 10, 1, 25, '5-6', 'PINK', ''),
(192, 'SWEET 4 LOVE', '', NULL, 10, 1, 25, '5-6', 'PINK', ''),
(193, 'CORAL XPRESSION', '', NULL, 10, 1, 25, '5-6', 'CORAL', ''),
(200, 'RED', '', NULL, 10, 1, 25, '5-6', 'RED', ''),
(202, '2 colors', '', NULL, 16, 1, 25, '5-6', 'BICOLOR ', ''),
(203, 'SOLIDS', '', NULL, 16, 1, 25, '5-6', '', ''),
(204, 'GOLD', '', NULL, 16, 1, 25, '5-6', '', ''),
(205, 'PASTEL', '', NULL, 16, 1, 25, '5-6', '', ''),
(206, 'WHITE HEARTS', '', NULL, 16, 1, 25, '5-6', '', ''),
(207, 'ONE COLOR', '', NULL, 12, 1, 25, '5-6', '', ''),
(208, 'BICOLOR', '', NULL, 12, 1, 25, '5-6', 'BICOLOR ', ''),
(209, 'FLAG', '', NULL, 12, 1, 25, '5-6', 'BICOLOR ', ''),
(210, 'RAINBOW', '', NULL, 12, 1, 25, '5-6', 'BICOLOR ', ''),
(211, 'ALASKA', '', NULL, 17, 1, 10, '', 'WHITE', ''),
(212, 'FLOREANA', '', NULL, 17, 1, 10, '', 'WHITE', ''),
(213, 'PRINCESS', '', NULL, 17, 1, 10, '', 'WHITE', ''),
(214, 'SNOW FLAKE', '', NULL, 17, 1, 10, '', 'WHITE', ''),
(215, 'VIVIANE', '', NULL, 17, 1, 10, '', 'WHITE', ''),
(216, 'WHITE MAJOLICA', '', NULL, 17, 1, 10, '', 'WHITE', ''),
(217, 'CREAM GRACIA', '', NULL, 17, 1, 10, '', 'CREAM', ''),
(218, 'PORCELINA', '', NULL, 17, 1, 10, '', 'CREAM', ''),
(219, 'SAHARA SENSATION', '', NULL, 17, 1, 10, '', 'CREAM', ''),
(220, 'SWEET SARA', '', NULL, 17, 1, 10, '', 'CREAM', ''),
(221, 'BLUE MOON', '', NULL, 17, 1, 10, '', 'LAVANDER', ''),
(222, 'SILVER MIKADO', '', NULL, 17, 1, 10, '', 'LAVENDER', ''),
(223, 'ELBA', '', NULL, 17, 1, 10, '', 'PINK', '<p>SOFT PINK</p>'),
(224, 'GINGER', '', NULL, 17, 1, 10, '', 'PINK', '<p>SOFT PINK</p>'),
(225, 'PINK MAJOLICA', '', NULL, 17, 1, 10, '', 'PINK', '<p>SOFT PINK</p>'),
(226, 'ROMANTICA FOLLIES', '', NULL, 17, 1, 10, '', 'PINK', '<p>SOFT PINK</p>'),
(227, 'SOFT PINK FOLIES', '', NULL, 17, 1, 10, '', 'PINK', '<p>SOFT PINK</p>'),
(228, 'COZUMEL', '', NULL, 17, 1, 10, '', 'PINK', ''),
(229, 'DIAMOND RAIN', '', NULL, 17, 1, 10, '', 'PINK', ''),
(230, 'EVA', '', NULL, 17, 1, 10, '', 'PINK', ''),
(231, 'LYDIA', '', NULL, 17, 1, 10, '', 'PINK', ''),
(232, 'SWEET SENSATION', '', NULL, 17, 1, 10, '', 'PINK', ''),
(233, 'BELINA COLLECTION', '', NULL, 17, 1, 10, '', 'HOT PINK', ''),
(234, 'CLASSIC SENSATION', '', NULL, 17, 1, 10, '', 'HOT PINK', ''),
(235, 'HOT PINK FOLIES', '', NULL, 17, 1, 10, '', 'HOT PINK', ''),
(236, 'LOVELY LYDIA', '', NULL, 17, 1, 10, '', 'HOT PINK', ''),
(237, 'GOLDEN SENSATION', '', NULL, 17, 1, 10, '', 'YELLOW', ''),
(238, 'SUN CITY', '', NULL, 17, 1, 10, '', 'YELLOW', ''),
(239, 'SUNTAN', '', NULL, 17, 1, 10, '', 'YELLOW', ''),
(240, 'YELLOW BABE', '', NULL, 17, 1, 10, '', 'YELLOW', ''),
(241, 'BALI', '', NULL, 17, 1, 10, '', 'PEACH', ''),
(242, 'GIRLIE FOLIES', '', NULL, 17, 1, 10, '', 'PEACH', ''),
(243, 'ILSE PEACH', '', NULL, 17, 1, 10, '', 'PEACH', ''),
(244, 'ALEGRIA', '', NULL, 17, 1, 10, '', 'ORANGE', ''),
(245, 'BABE', '', NULL, 17, 1, 10, '', 'ORANGE', ''),
(246, 'ANDREA FOLIES', '', NULL, 17, 1, 10, '', 'CORAL', ''),
(247, 'CORCEGA', '', NULL, 17, 1, 10, '', 'CORAL', ''),
(248, 'FIRE KING', '', NULL, 17, 1, 10, '', 'RED', ''),
(249, 'RUBICON', '', NULL, 17, 1, 10, '', 'RED', ''),
(250, 'SCARLETT MIMI', '', NULL, 17, 1, 10, '', 'RED', ''),
(251, 'ANTIGUA', '', NULL, 17, 1, 10, '', 'NOVELTIES', ''),
(252, 'SONORA', '', NULL, 17, 1, 10, '', 'NOVELTIES', ''),
(253, 'CHERRY FOLIES', '', NULL, 17, 1, 10, '', 'BICOLOR ', ''),
(254, 'ELECTRA', '', NULL, 17, 1, 10, '', 'BICOLOR ', ''),
(255, 'FIREWORKS', '', NULL, 17, 1, 10, '', 'BICOLOR ', ''),
(256, 'GYSELA FOLIES', '', NULL, 17, 1, 10, '', 'BICOLOR ', ''),
(257, 'RUMBA', '', NULL, 17, 1, 10, '', 'BICOLOR ', ''),
(258, 'SAFINA', '', NULL, 17, 1, 10, '', 'BICOLOR ', ''),
(259, 'TYPHOON', '', NULL, 17, 1, 10, '', 'BICOLOR ', ''),
(260, 'SAHARA SENSATION', '', NULL, 18, 1, 10, '', 'CREAM', ''),
(261, 'CLASSIC SENSATION', '', NULL, 18, 1, 10, '', 'PINK', ''),
(262, 'COZUMEL', '', NULL, 18, 1, 10, '', 'PINK', ''),
(263, 'GINGER', '', NULL, 18, 1, 10, '', 'PINK', ''),
(265, 'CUPIDO', '', NULL, 1, 1, 25, '5-6', 'RED', ''),
(266, 'SCARLATTA', '', './uploads/product/1574118349.jpg', 1, 1, 25, '5-6', 'RED', ''),
(267, 'ANNA', '', NULL, 1, 1, 25, '5-6', 'PINK', ''),
(268, 'IMAGINATION', '', NULL, 1, 1, 25, '5-6', 'PINK', ''),
(270, 'RAVEL', '', NULL, 1, 1, 25, '5-6', 'HOT PINK', ''),
(271, 'QUEEN BERRY', '', './uploads/product/1574111548.jpg', 1, 1, 25, '5-6', 'HOT PINK', ''),
(272, 'DEJA VU', '', NULL, 1, 1, 25, '5-6', 'YELLOW', ''),
(273, 'YELLOW STORM', '', NULL, 1, 1, 25, '5-6', 'YELLOW', ''),
(274, 'SKYLINE', '', NULL, 1, 1, 25, '5-6', 'YELLOW', ''),
(276, 'MILVA', '', NULL, 1, 1, 25, '5-6', 'ORANGE', ''),
(277, 'TWILIGHT', '', './uploads/product/1574112130.jpg', 1, 1, 25, '5-6', 'ORANGE', ''),
(278, 'MOVIE STAR', '', NULL, 1, 1, 25, '5-6', 'ORANGE', ''),
(279, 'INTENSE', '', NULL, 1, 1, 25, '5-6', 'BICOLOR ', ''),
(280, 'CLOWN', '', NULL, 1, 1, 25, '5-6', 'BICOLOR ', ''),
(281, 'HIGH & SUNSHINE', '', NULL, 1, 1, 25, '5-6', 'BICOLOR ', ''),
(282, 'ESPAÑA', '', NULL, 1, 1, 25, '5-6', 'BICOLOR', ''),
(283, 'WEDDING SPIRIT', '', NULL, 1, 1, 25, '5-6', 'CREAM', ''),
(285, 'EARLY GREY', '', NULL, 1, 1, 25, '5-6', 'GREY', ''),
(286, 'MARLYSSE', '', NULL, 1, 1, 25, '5-6', 'CORAL', ''),
(287, 'WHITE VIVIAN', '', NULL, 17, 1, 10, '', 'WHITE', ''),
(288, 'ORANGE BABE', '', NULL, 17, 1, 10, '', 'ORANGE', ''),
(289, 'RED MIKADO', '', NULL, 17, 1, 10, '', 'RED', ''),
(290, 'MAGIC TIMES', '', './uploads/product/1574111211.jpg', 1, 1, 25, '7-8', 'BICOLOR ', ''),
(291, 'CONFIDENTIAL', '', NULL, 1, 1, 25, '5-6', 'BICOLOR ', ''),
(293, 'GREEN FASHION', '', NULL, 1, 1, 25, '5-6', 'GREEN', ''),
(294, 'HEARTS', '', './uploads/product/1574109958.jpg', 1, 1, 25, '5-6', 'RED', ''),
(295, 'HIGH & ARENA', '', NULL, 1, 1, 25, '5-6', 'PEACH', ''),
(297, 'HOT PARTY', '', NULL, 1, 1, 25, '5-6', 'HOT PINK', ''),
(298, 'JADE', '', NULL, 1, 1, 25, '', 'GREEN', ''),
(299, 'LIGHTHOUSE', '', NULL, 1, 1, 25, '5-6', 'YELLOW', ''),
(300, 'LOVELY HEARTS', '', NULL, 1, 1, 25, '', 'PEACH', ''),
(301, 'LUMIA', '', NULL, 1, 1, 25, '5-6', 'BICOLOR ', '<p>1</p>'),
(302, 'LUMIA', '', NULL, 1, 1, 25, '5-6', 'BICOLOR ', ''),
(303, 'MOTHER OF PEARL', '', NULL, 1, 1, 25, '5-6', 'PINK', ''),
(304, 'NECTARINE', '', NULL, 1, 1, 25, '5-6', 'PEACH', ''),
(305, 'NEWS FLASH', '', './uploads/product/1574111365.jpg', 1, 1, 25, '5-6', 'BICOLOR ', ''),
(306, 'ORANGINE', '', NULL, 1, 1, 25, '5-6', 'ORANGE', ''),
(308, 'PINK LEMON', '', NULL, 1, 1, 25, '5-6', 'BICOLOR ', ''),
(309, 'RUBI', '', NULL, 1, 1, 25, '5-6', 'RED', ''),
(310, 'SANDY', '', NULL, 1, 1, 25, '5-6', 'CREAM', ''),
(312, 'SECRET GARDEN', '', './uploads/product/1574111668.jpg', 1, 1, 25, '5-6', 'BICOLOR ', ''),
(315, 'VENOM', '', NULL, 1, 1, 25, '5-6', 'BICOLOR ', ''),
(316, 'TABATHA', '', './uploads/product/1574111813.jpg', 1, 1, 25, '5-6', 'PINK', ''),
(317, 'AVALANCHE', '', NULL, 1, 1, 25, '5-6', 'WHITE', ''),
(318, 'BLACK MAGIC', '', NULL, 1, 1, 25, '5-6', 'BICOLOR ', ''),
(319, 'RED PREMIUM', '', NULL, 1, 1, 25, '5-6', 'RED', ''),
(320, 'KERIO', '', NULL, 1, 1, 25, '5-6', 'YELLOW', ''),
(321, 'ELIZA', '', NULL, 1, 1, 25, '5-6', ' DARK PINK', ''),
(322, 'HIGH & DIVINE', '', NULL, 1, 1, 25, '5-6', 'PINK', ''),
(324, 'SWEETBERRY', '', NULL, 1, 1, 25, '5-6', 'PURPLE', ''),
(325, 'GALAXY', '', NULL, 17, 1, 25, '', '', ''),
(326, 'LOVELY', '', NULL, 17, 1, 25, '', 'HOT PINK', '<p>REVISAR</p>'),
(328, 'AMELIA', '', NULL, 1, 1, 25, '5-6', 'WHITE', ''),
(330, 'OPTIKA SUNSET', '', NULL, 1, 1, 25, '5-6', 'BICOLOR ', ''),
(331, 'VENDELA', '', './uploads/product/1574118415.jpg', 1, 1, 25, '5-6', 'CREAM', ''),
(332, 'VERDI', '', NULL, 1, 1, 25, '5-6', 'PINK', ''),
(333, 'HIGH & MAGIC', '', './uploads/product/1574117965.jpg', 1, 1, 25, '5-6', 'BICOLOR ', ''),
(334, 'DUSTY MILLER', '', NULL, 19, 1, 10, '', 'CENECIO', ''),
(335, 'LIMONIUM BLUE STREAM', '', NULL, 5, 1, 10, '', 'PURPLE', ''),
(336, 'LISIANTHUS PINK', '', NULL, 3, 1, 10, '', 'PINK', ''),
(337, 'LISIANTHUS BICOLOR PURPLE', '', NULL, 3, 1, 10, '', 'BICOLOR ', ''),
(338, 'LISIANTHUS GREEN', '', NULL, 3, 1, 10, '', 'GREEN', ''),
(339, 'LISIANTHUS WHITE', '', NULL, 3, 1, 10, '', 'WHITE', ''),
(340, 'LISIANTHUS MISTY BLUE', '', NULL, 3, 1, 10, '', 'BICOLOR ', ''),
(341, 'LISIANTHUS BICOLOR PINK', '', NULL, 3, 1, 10, '', 'BICOLOR ', ''),
(342, 'LISIANTHUS PURPLE', '', NULL, 3, 1, 10, '', 'PURPLE', ''),
(343, 'INOCENCIA', '', './uploads/product/1574110041.jpg', 1, 1, 25, '', 'WHITE', ''),
(344, 'IMPACT', '', './uploads/product/1574110005.jpg', 1, 1, 25, '5-6', 'YELLOW', ''),
(345, 'RED PARIS', '', './uploads/product/1574118315.jpg', 1, 1, 25, '5-6', 'RED', ''),
(346, 'FORTUNE', '', NULL, 1, 1, 25, '5-6', 'RED', ''),
(347, 'GAME ON', '', NULL, 1, 1, 25, '', 'RED', ''),
(348, 'SILANTOI', '', './uploads/product/1574111770.jpg', 1, 1, 25, '5-6', 'BICOLOR ', ''),
(349, 'DREAM IN PEACH', '', './uploads/product/1574109842.jpg', 1, 1, 25, '5-6', 'PEACH', ''),
(350, 'ALBA', '', './uploads/product/1574117066.jpg', 1, 1, 25, '5-6', 'WHITE', ''),
(351, 'CHECKMATE', '', NULL, 1, 1, 25, '5-6', 'RED', ''),
(352, 'FOREVER YOUNG', '', NULL, 1, 1, 25, '5-6', 'RED', ''),
(353, 'UNDERCOVER', '', NULL, 1, 1, 25, '5-6', 'RED', ''),
(354, 'NAUTICA', '', NULL, 1, 1, 25, '5-6', 'pink', ''),
(355, 'AMNESIA', '', NULL, 1, 1, 25, '5-6', 'LAVANDER', ''),
(356, 'MENTA', '', NULL, 1, 1, 25, '5-6', 'LAVANDER', ''),
(357, 'WHITE O\'HARA', '', './uploads/product/1574112418.jpg', 10, 1, 25, '5-6', 'HOT PINK', ''),
(358, 'GIGI', '', NULL, 1, 1, 25, '5-6', 'PINK', ''),
(359, 'FELICITY', '', NULL, 1, 1, 25, '5-6', 'BICOLOR ', ''),
(360, 'QUEEN\'S CROWN', '', './uploads/product/1574111572.jpg', 10, 1, 25, '5-6', 'HOT PINK', ''),
(361, 'PHOENIX', '', NULL, 10, 1, 25, '5-6', 'CREAM', ''),
(362, 'PINK O\'HARA', '', NULL, 10, 1, 25, '5-6', 'PINK', ''),
(363, 'COUNTRY HOME', '', './uploads/product/1574109777.jpg', 10, 1, 25, '5-6', 'PINK', ''),
(364, 'MOHANA', '', './uploads/product/1574118172.jpg', 1, 1, 25, '5-6', 'YELLOW', ''),
(365, 'FRIDA', '', NULL, 1, 1, 25, '5-6', 'YELLOW', ''),
(366, 'SKYFIRE', '', NULL, 1, 1, 25, '5-6', 'BICOLOR ', ''),
(367, 'FAVOURITE', '', NULL, 1, 1, 25, '5-6', 'PEACH', ''),
(368, 'CHILIS', '', NULL, 1, 1, 25, '5-6', 'BICOLOR ', ''),
(369, 'COUNTRY SUN', '', './uploads/product/1574109806.jpg', 10, 1, 25, '5-6', 'YELLOW', ''),
(370, 'FREE SPIRIT', '', './uploads/product/1574109880.jpg', 1, 1, 25, '5-6', 'BICOLOR ', ''),
(371, 'prueba', '<p>h</p>', './uploads/product/1566241034.png', 1, 1, 12, '34cm', 'rojo', '<p>h</p>'),
(372, 'CAMPANELLA PEACH', '', NULL, 10, 1, 25, '5-6', 'CREAM', ''),
(373, 'GARDEN SPIRIT', '', NULL, 10, 1, 25, '5-6', 'PINK', ''),
(374, 'SPINELLY', '', NULL, 10, 1, 25, '5-6', 'BICOLOR ', ''),
(375, 'AIR BRUSHED ROSES ', '', NULL, 21, 1, 25, '5-6', 'BICOLOR', ''),
(376, 'RUSCUS', '', NULL, 24, 1, 10, '', 'GREEN', ''),
(377, 'ROSEMARRY', '', NULL, 24, 1, 10, '', 'GREEN', ''),
(378, 'CYPRESS', '', NULL, 24, 1, 10, '', 'GREEN', ''),
(379, 'PETALS BAGS SOLID', '', NULL, 23, 1, 250, '', '', ''),
(380, 'PETALS BAGS ASSORTED', '', NULL, 23, 1, 250, '', '', ''),
(381, 'AIR BRUSHED ROSES ', '', NULL, 12, 1, 25, '5-6', 'BICOLOR', ''),
(382, 'GLITTERED ROSES ', '', NULL, 12, 1, 25, '5-6', '', ''),
(383, 'GARDEN TINTED ROSES', '', NULL, 12, 1, 25, '', '', ''),
(384, 'WILD EXPERIENCE', '', NULL, 1, 1, 25, '5-6', 'BICOLOR ', ''),
(385, 'GOLDEN MUSTARD', '', NULL, 1, 1, 25, '5-6', 'CREAM', ''),
(387, 'BOUQUETS', '', NULL, 25, 1, 25, '5-6', 'BICOLOR', ''),
(388, 'MARSHMALLOW', '', NULL, 12, 1, 25, '5-6', 'BICOLOR ', ''),
(389, 'GOSPEL', '', NULL, 1, 1, 25, '5-6', 'YELLOW', ''),
(390, 'DEVOTION ', '', NULL, 1, 1, 25, '5-6', 'RED', ''),
(391, 'FINALLY', '', NULL, 1, 1, 25, '5-6', 'RED', ''),
(392, 'CLEAR OCEAN', '', NULL, 1, 1, 25, '5-6', 'WHITE', ''),
(393, 'EXOTICA', '', NULL, 1, 1, 25, '5-6', 'BICOLOR ', ''),
(394, 'HIGH & BOOMING', '', NULL, 1, 1, 25, '5-6', 'BICOLOR ', ''),
(395, 'TIFFANY', '', './uploads/product/1574118399.jpg', 1, 1, 25, '5-6', 'PEACH', ''),
(396, 'HIGH EXOTIC1', '', NULL, 1, 1, 25, '5-6', 'YELLOW', ''),
(399, 'SOUTINE', '', NULL, 1, 1, 25, '5-6', 'BICOLOR ', ''),
(400, 'PINK MAGIC', '', NULL, 1, 1, 25, '5-6', 'BICOLOR ', ''),
(401, 'PINK MARTINI', '', NULL, 1, 1, 25, '5-6', 'HOT PINK', ''),
(402, 'HOT PRINCESS', '', NULL, 1, 1, 25, '5-6', 'HOT PINK', ''),
(404, 'JUDY', '', NULL, 1, 1, 25, '5-6', 'YELLOW', ''),
(406, 'COFFEE BREAK', '', NULL, 1, 1, 25, '5-6', 'BICOLOR ', ''),
(407, 'FADO', '', NULL, 1, 1, 25, '5-6', 'BICOLOR ', ''),
(408, 'FRIENDSHIP', '', NULL, 1, 1, 25, '5-6', 'BICOLOR ', ''),
(409, 'HIGH & ORANGE MAGIC', '', './uploads/product/1574117985.jpg', 1, 1, 25, '5-6', 'BICOLOR ', ''),
(410, 'RED MAGIC', '', NULL, 1, 1, 25, '5-6', 'RED', ''),
(411, 'ROUGE BASSIER', '', NULL, 1, 1, 25, '5-6', 'RED', ''),
(412, 'SHOWGIRL', '', NULL, 1, 1, 25, '5-6', 'ORANGE', ''),
(413, 'SUNMASTER', '', NULL, 1, 1, 25, '5-6', 'PEACH', ''),
(414, 'BIG FUN ', '', NULL, 1, 1, 25, '5-6', 'BICOLOR', ''),
(415, 'CHANSON', '', NULL, 1, 1, 25, '5-6', 'BICOLOR', ''),
(416, 'SOLITARE', '', NULL, 1, 1, 25, '5-6', 'HOT PINK', ''),
(417, 'ORANGE UNIQUE ', '', NULL, 1, 1, 25, '5-6', 'ORANGE', ''),
(418, 'CORAZON', '', NULL, 1, 1, 25, '5-6', 'RED', ''),
(419, 'ROYAL EXPLORER', '', './uploads/product/1574118334.jpg', 1, 1, 25, '5-6', 'RED', ''),
(420, 'ISABEL', '', NULL, 1, 1, 25, '5-6', 'YELLOW', ''),
(421, 'MAYRA`S WHITE', '', NULL, 10, 1, 25, '', 'WHITE', ''),
(422, 'MAYRA`S RED', '', NULL, 10, 1, 25, '', 'RED', ''),
(423, 'SPEAKING ROSE', '', NULL, 12, 1, 25, '5-6', 'BICOLOR', ''),
(424, 'GLACIER', '', NULL, 1, 1, 25, '5-6', 'WHITE', ''),
(425, 'HIGHLIGHT', '', NULL, 1, 1, 25, '5-6', 'WHITE', ''),
(426, 'ALEJANDRA', '', NULL, 1, 1, 25, '5-6', 'PEACH', ''),
(427, 'APRIL', '', NULL, 1, 1, 25, '5-6', 'PEACH', ''),
(428, 'ARENA ', '', NULL, 1, 1, 25, '5-6', 'PEACH', ''),
(429, 'CINNAMON', '', NULL, 1, 1, 25, '5-6', 'PEACH', ''),
(430, 'BLESSING', '', NULL, 1, 1, 25, '5-6', 'PINK', ''),
(431, 'GREATFUL', '', NULL, 1, 1, 25, '5-6', 'PINK', ''),
(432, 'KATHERINE', '', NULL, 1, 1, 25, '5-6', 'PINK', ''),
(433, 'REMEMBRANCE', '', NULL, 1, 1, 25, '5-6', 'PINK', ''),
(434, 'MARTINA', '', NULL, 1, 1, 25, '5-6', 'BICOLOR', ''),
(435, 'ROCIO', '', NULL, 1, 1, 25, '5-6', 'PINK', ''),
(436, 'SWEET ELEGANCE', '', NULL, 1, 1, 25, '5-6', 'PINK', ''),
(437, 'ALTAMIRA', '', NULL, 1, 1, 25, '5-6', 'RED', ''),
(438, 'DINAMIC', '', NULL, 10, 1, 25, '5-6', 'WHITE', ''),
(439, 'BLACK BACCARA', '', NULL, 1, 1, 25, '5-6', 'RED', ''),
(440, 'FLASH BACCARA', '', NULL, 1, 1, 25, '5-6', 'HOT PINK', ''),
(441, 'BREEZER', '', NULL, 1, 1, 25, '5-6', 'HOT PINK', ''),
(442, 'MATA-HARI', '', NULL, 1, 1, 25, '5-6', 'HOT PINK', ''),
(443, 'KEANO', '', NULL, 1, 1, 25, '5-6', 'LAVANDER', ''),
(444, 'OPUS', '', NULL, 1, 1, 25, '5-6', 'LAVANDER', ''),
(445, 'PURPLE MOON', '', NULL, 1, 1, 25, '5-6', 'LAVANDER', ''),
(446, 'NATURE`S CHERRY ', '', NULL, 1, 1, 25, '5-6', 'ORANGE', ''),
(447, 'HILUX', '', './uploads/product/1574117999.jpg', 1, 1, 25, '5-6', 'ORANGE', ''),
(448, 'NEXUS', '', NULL, 1, 1, 25, '5-6', 'ORANGE', ''),
(449, 'BENGALA', '', NULL, 1, 1, 25, '5-6', 'ORANGE', ''),
(450, 'BONFIRE', '', NULL, 1, 1, 25, '5-6', 'BICOLOR', ''),
(451, 'MALU', '', NULL, 1, 1, 25, '5-6', 'BICOLOR', ''),
(452, 'DANTE', '', NULL, 1, 1, 25, '5-6', 'BICOLOR', ''),
(453, 'TOFF', '', NULL, 1, 1, 25, '5-6', 'BICOLOR', ''),
(454, 'TOFFEE', '', NULL, 1, 1, 25, '5-6', 'CARAMEL', ''),
(455, 'MATILDA', '', './uploads/product/1574118148.jpg', 1, 1, 25, '5-6', 'TERRACOTA', ''),
(456, 'ALABASTER', '', NULL, 10, 1, 25, '', 'CREAM', ''),
(457, 'SNOW WHITE ', '', NULL, 10, 1, 25, '', 'WHITE', ''),
(458, 'WHITE PIANO', '', NULL, 10, 1, 25, '', 'WHITE', ''),
(459, 'CARAMEL ANTIQUE ', '', NULL, 10, 1, 25, '', 'CREAM', ''),
(460, 'MAID OF HONOR', '', NULL, 10, 1, 25, '', 'CREAM', ''),
(461, 'MAYRA`S CREAM', '', NULL, 10, 1, 25, '', 'CREAM', ''),
(462, 'MAYRA`S PEACH', '', NULL, 10, 1, 25, '', 'PEACH', ''),
(463, 'WEDDING XPRESSION', '', NULL, 10, 1, 25, '', 'PEACH', ''),
(464, 'PEACH XPRESSION', '', NULL, 10, 1, 25, '', 'PEACH', ''),
(465, 'AUSTIN ', '', NULL, 10, 1, 25, '', 'PINK', ''),
(466, 'PASHMINA', '', NULL, 10, 1, 25, '', 'PINK', ''),
(467, 'BRIDAL PIANO', '', NULL, 10, 1, 25, '', 'PINK', ''),
(468, 'MANSFIELD PARK ', '', NULL, 10, 1, 25, '', 'PINK', ''),
(469, 'MAYRA`S LIGHT', '', NULL, 10, 1, 25, '', 'PINK', ''),
(470, 'SALMANASAR', '', NULL, 10, 1, 25, '', 'PINK', ''),
(471, 'MARIA THERESIA', '', NULL, 10, 1, 25, '', 'PINK', ''),
(472, 'PINK PIANO', '', NULL, 10, 1, 25, '', 'PINK', ''),
(473, 'MAYRA`S ROSE', '', NULL, 10, 1, 25, '', 'PINK', ''),
(474, 'DELICACY', '', NULL, 10, 1, 25, '', 'LAVANDER', ''),
(475, 'BARONESS', '', NULL, 10, 1, 25, '', 'HOT PINK', ''),
(476, 'PIANO', '', NULL, 10, 1, 25, '', 'RED', ''),
(477, 'BUTTTERFLY SENSATION GSR', '', NULL, 17, 1, 10, '', 'RED', ''),
(478, 'CANDY FLOW GSR', '', NULL, 17, 1, 10, '', 'PINK', ''),
(479, 'PIMPINELA GSR', '', NULL, 17, 1, 10, '', 'PINK', ''),
(480, 'FATIMA GSR', '', NULL, 17, 1, 10, '', 'PEACH', ''),
(481, 'ROSANELLA GSR', '', NULL, 17, 1, 10, '', 'PEACH', ''),
(482, 'SALINERO GSR ', '', NULL, 17, 1, 10, '', 'PEACH', ''),
(484, 'MAYRA`S FLAME', '', NULL, 10, 1, 25, '', 'ORANGE', ''),
(485, 'SPOTTED', '', NULL, 12, 1, 25, '', 'SPOTTED', ''),
(486, 'DEEP LOVE', '', NULL, 1, 1, 25, '5-6', 'RED', ''),
(487, 'QUEEN ELIZABETH', '', NULL, 1, 1, 25, '5-6', 'HOT PINK', ''),
(488, 'SONRISA', '', NULL, 1, 1, 25, '5-6', 'YELLOW', ''),
(489, 'CAIPIRINHA', '', NULL, 1, 1, 25, '5-6', 'YELLOW', ''),
(490, 'HIGH & HONEY', '', NULL, 1, 1, 25, '5-6', 'BICOLOR ', ''),
(491, 'IMPULSE', '', NULL, 1, 1, 25, '5-6', 'RED', ''),
(492, 'PARTY CARROUSEL', '', NULL, 1, 1, 25, '5-6', 'BICOLOR ', ''),
(493, 'TIMELESS', '', NULL, 1, 1, 25, '5-6', 'CREAM', ''),
(494, 'VINCI', '', NULL, 1, 1, 25, '5-6', 'BICOLOR ', ''),
(495, 'WILD TOPAZ', '', NULL, 1, 1, 25, '5-6', 'BICOLOR ', ''),
(496, 'DEEP SILVER', '', NULL, 1, 1, 25, '5-6', 'LAVANDA', ''),
(497, 'SANOLI', '', NULL, 1, 1, 25, '5-6', 'PINK', ''),
(498, 'ANA', '', NULL, 1, 1, 25, '5-6', 'PINK', ''),
(499, 'SOPHIE', '', NULL, 1, 1, 25, '5-6', 'PINK', ''),
(500, 'VOGUE', '', NULL, 1, 1, 25, '5-6', 'PINK', ''),
(501, 'TABOO', '', NULL, 1, 1, 25, '5-6', 'PINK', ''),
(503, 'DOMENICA', '', NULL, 1, 1, 25, '5-6', 'WHITE', ''),
(504, 'MOUNT EVEREST', '', NULL, 1, 1, 25, '5-6', 'WHITE', ''),
(505, 'GOLD RUSH', '', NULL, 1, 1, 25, '5-6', 'YELLOW', ''),
(506, 'LEGEND', '', NULL, 1, 1, 25, '5-6', 'BICOLOR ', ''),
(507, 'MARILYN', '', NULL, 1, 1, 25, '5-6', 'BICOLOR ', ''),
(508, 'RED UNIQUE', '', NULL, 1, 1, 25, '5-6', 'RED', ''),
(510, 'SWEET MONDIAL', '', NULL, 1, 1, 25, '5-6', 'BICOLOR ', ''),
(511, 'RED ZEBRA', '', NULL, 26, 1, 25, '5-6', 'red', ''),
(512, 'HYPERICUM GREEN', '', NULL, 26, 1, 10, '5-6', 'GREEN', ''),
(513, 'EXCELLENT FLAIR', '', NULL, 26, 1, 25, '5-6', 'RED', ''),
(514, 'HYPERICUM PINK ', '', NULL, 26, 1, 10, '5-6', 'PINK', ''),
(515, 'HIP ZEBRA SP', '', NULL, 26, 1, 25, '5-6', 'YELLOW', ''),
(516, 'GREEN SP', '', NULL, 26, 1, 25, '5-6', 'GREEN', ''),
(517, 'GREY KNIGHTS', '', NULL, 1, 1, 25, '5-6', 'LAVANDER', ''),
(518, 'STOCK LAVANDER', '', NULL, 7, 1, 10, '', 'LAVANDER', ''),
(519, 'STOCK PURPLE', '', NULL, 7, 1, 10, '', 'PURPLE', ''),
(520, 'STOCK YELLOW', '', NULL, 7, 1, 10, '', 'YELLOW', ''),
(521, 'STOCK PINK', '', NULL, 7, 1, 10, '', 'PINK', ''),
(522, 'STOCK DRACK PURPLE', '', NULL, 7, 1, 10, '', 'DARCK PURPLE', ''),
(523, 'STOCK HOT PINK', '', NULL, 7, 1, 10, '', 'HOT PINK', ''),
(524, 'STOCK LIGHT PINK ', '', NULL, 7, 1, 10, '', 'LIGHT PINK', ''),
(525, 'STOCK PEACH', '', NULL, 7, 1, 10, '', 'PEACH', ''),
(526, 'STOCK RED', '', NULL, 7, 1, 10, '', 'RED', ''),
(527, 'STOCK BURGUNDY', '', NULL, 7, 1, 10, '', 'BURGUNDY', ''),
(528, 'STOCK WHITE', '', NULL, 7, 1, 10, '', 'WHITE', ''),
(529, 'STOCK CREAM', '', NULL, 7, 1, 10, '', 'CREAM', ''),
(530, 'STATICE PINK', '', NULL, 8, 1, 10, '', 'PINK', ''),
(531, 'STATICE BLUE', '', NULL, 8, 1, 10, '', 'BLUE', ''),
(532, 'STATICE PURPLE', '', NULL, 8, 1, 10, '', 'PURPLE', ''),
(533, 'STATICE LAVENDER', '', NULL, 8, 1, 10, '', 'LAVENDER ', ''),
(534, 'STATICE ASSORTED ', '', NULL, 8, 1, 10, '', 'ASSORTED', ''),
(535, 'MOLLUCELA', '', NULL, 6, 1, 10, '', 'GREEN', ''),
(536, 'HARD ROCK', '', './uploads/product/1574109936.jpg', 1, 1, 25, '5-6', 'BICOLOR ', ''),
(537, 'HOT CARPE DIEM', '', './uploads/product/1574109975.jpg', 10, 1, 25, '5-6', 'BICOLOR ', ''),
(538, 'SILVERLIGHT', '', './uploads/product/1574111790.jpg', 1, 1, 25, '5-6', 'LAVENDER', ''),
(540, 'DELPHINIUM SEA WALTZ', '', NULL, 4, 1, 10, '', 'BLUE', ''),
(541, 'DELPHINIUM VOLKERFRIEND', '', NULL, 4, 1, 10, '', 'BLUE', ''),
(542, 'SUNFLOWER YELLOW ', '', NULL, 9, 1, 10, '', 'YELLOW', ''),
(543, 'STOCK ASSORTED ', '', NULL, 7, 1, 10, '', 'ASSORTED', ''),
(544, 'ALBATROSS WHITE', '', NULL, 30, 1, 25, '5-6', 'WHITE', ''),
(545, 'ALBATROSS YELLOW', '', NULL, 30, 1, 25, '5-6', 'YELLOW', ''),
(546, 'ANASTASIA LILAC', '', NULL, 30, 1, 25, '5-6', 'LAVANDER', ''),
(547, 'ANASTASIA WHITE', '', NULL, 30, 1, 25, '5-6', 'WHITE', ''),
(548, 'ANASTASIA YELLOW', '', NULL, 30, 1, 25, '5-6', 'YELLOW', ''),
(549, 'SAFARI SUNSET', '', NULL, 14, 1, 10, '', 'BURGUNDY', ''),
(550, 'DARK ROSANNO', '', NULL, 30, 1, 25, '5-6', 'PURPLE', ''),
(551, 'GAGARIN', '', NULL, 30, 1, 25, '5-6', 'WHITE', ''),
(552, 'RESOMME', '', NULL, 30, 1, 25, '5-6', 'PINK', ''),
(553, 'PROTEA GOLD STRIKE', '', NULL, 14, 1, 10, '', 'YELLOW-GREEN', ''),
(554, 'RESOUCI', '', NULL, 30, 1, 25, '5-6', 'TERRACOTA', ''),
(555, 'ROSE YELLOW', '', NULL, 1, 1, 25, '', 'YELLOW', ''),
(557, 'SAFFINA', '', NULL, 30, 1, 1, '5-6', 'BICOLOR ', ''),
(558, 'ROSE RED', '', NULL, 1, 1, 25, '', 'RED', ''),
(559, 'SAFFINA NEON', '', NULL, 30, 1, 1, '5-6', 'YELLOW', ''),
(561, 'ROSE DARK PINK', '', NULL, 1, 1, 25, '', 'DARK PINK', ''),
(562, 'SAFFINA RED', '', NULL, 30, 1, 1, '5-6', 'BICOLOR ', ''),
(563, 'VALESKA', '', NULL, 30, 1, 1, '5-6', 'YELLOW', ''),
(564, 'ROSE LAVANDER', '', NULL, 1, 1, 25, '', 'LAVANDER', ''),
(565, 'VIRGINIA', '', NULL, 30, 1, 1, '5-6', 'ORANGE', ''),
(566, 'ROSE BICOLOR YELLOW', '', NULL, 1, 1, 25, '', 'BICOLOR YELLOW', ''),
(567, 'VIRGINIA RED', '', NULL, 30, 1, 1, '5-6', 'RED', ''),
(568, 'ZEMBLA LIME', '', NULL, 30, 1, 1, '5-6', 'BICOLOR ', ''),
(569, 'ZEMBLA WHITE', '', NULL, 30, 1, 1, '5-6', 'WHITE', ''),
(571, 'PARADERO', '', NULL, 32, 1, 1, '5-6', 'BICOLOR ', ''),
(572, 'PREMIUM BLOND', '', NULL, 32, 1, 1, '5-6', 'WHITE', ''),
(573, 'PROTEA JESTER', '', NULL, 14, 1, 10, '', 'BICOLOR', ''),
(574, 'SANTANDER', '', NULL, 32, 1, 1, '2/3', 'WHITE', ''),
(575, 'SIBERIA', '', NULL, 32, 1, 1, '5-6', 'WHITE', ''),
(576, 'STARFIGHTER', '', NULL, 30, 1, 1, '5-6', 'BICOLOR ', ''),
(577, 'PINCUSHION SUCCESSION', '', NULL, 14, 1, 10, '', 'ORANGE', ''),
(578, 'TABLEDANCE', '', NULL, 32, 1, 1, '5-6', 'BICOLOR ', ''),
(579, 'PINCUSHION HIGH GOLD ', '', NULL, 14, 1, 10, '', 'YELLOW', ''),
(580, 'PINCUSHION TANGO', '', NULL, 14, 1, 10, '', 'RED', ''),
(581, 'PINCUSHION CAROLINE', '', NULL, 14, 1, 10, '', 'ORANGE', ''),
(582, 'PINCUSHION SOLEIL', '', NULL, 14, 1, 10, '', 'ORANGE', ''),
(583, 'PINCUSHION YOTI', '', NULL, 14, 1, 10, '', 'YELLOW', ''),
(584, 'PROTEA PINK ICE', '', NULL, 14, 1, 10, '', 'PINK', ''),
(585, 'PROTEA SILVIA', '', NULL, 14, 1, 10, '', 'RED', ''),
(586, 'PROTEA SUSARA', '', NULL, 14, 1, 10, '', 'PEACH', ''),
(587, 'GYPSOPHILIA MILLION STAR', '', NULL, 31, 1, 10, '0', 'WHITE', ''),
(588, 'GYPSOPHILLA XLENCE', '', './uploads/product/1574109921.jpg', 31, 1, 10, '5-6', 'WHITE', ''),
(589, 'ELENA', '', NULL, 31, 1, 10, '5', 'WHITE', ''),
(590, 'WHITE FORCE', '', NULL, 31, 1, 10, '5-6', 'WHITE', ''),
(591, 'CONCAD\'OR', '', NULL, 54, 1, 1, '5', 'WHITE', ''),
(592, 'LOVABLE PINK', '', NULL, 33, 1, 1, '1', 'PINK', ''),
(593, 'PRETTY RED', '', NULL, 33, 1, 1, '1', 'RED', ''),
(594, 'SWEET PINK', '', NULL, 33, 1, 1, '1', 'PINK', ''),
(595, 'TENDER WHITE', '', NULL, 33, 1, 1, '1', 'WHITE', ''),
(596, 'WARM ORANGE', '', NULL, 33, 1, 1, '1', 'ORANGE', ''),
(597, 'STAGGERED WHITE CALLAS BQT', '', NULL, 34, 1, 1, '2', 'WHITE', ''),
(598, 'WHITE CALLAS', '', NULL, 34, 1, 1, '2', 'WHITE', ''),
(599, 'ALSTROEMERIA', '', NULL, 35, 1, 1, '1', 'LAVANDER', ''),
(600, 'INTENZ PINK', '', NULL, 35, 1, 1, '1', 'PINK', ''),
(601, 'NADYA ', '', NULL, 35, 1, 1, '1', 'RED', ''),
(602, 'NATALYA', '', NULL, 35, 1, 1, '2', 'RED', ''),
(603, 'ORANGE QUEEN', '', NULL, 35, 1, 1, '2', 'BICOLOR ', ''),
(604, 'SENNA', '', NULL, 35, 1, 1, '3', 'YELLOW', ''),
(605, 'SNOWTIME', '', NULL, 35, 1, 2, '2', 'WHITE', ''),
(606, 'SYLVAN', '', NULL, 35, 1, 1, '2', 'BICOLOR ', ''),
(607, 'VIRGINIA', '', NULL, 35, 1, 1, '2', 'BICOLOR ', ''),
(608, 'WHITNEY', '', NULL, 35, 1, 1, '2', 'BICOLOR ', ''),
(609, 'SOLIDAGO GOLDEN GLORY', '', NULL, 27, 1, 10, '2', 'YELLOW', ''),
(610, 'BLACKBERRY', '', NULL, 37, 1, 1, '2', 'DARK', ''),
(611, 'CANDY SCOOP', '', NULL, 37, 1, 1, '1', 'PINK', ''),
(612, 'COTTON CANDY PINK', '', NULL, 37, 1, 1, '2', 'BICOLOR ', ''),
(613, 'MILKY SCOOP', '', NULL, 37, 1, 1, '2', 'WHITE', ''),
(614, 'RASPBERRY SCOOP', '', NULL, 37, 1, 1, '2', 'HOT PINK', ''),
(615, 'SCABIOSA LAVENDER', '', NULL, 37, 1, 1, '1', 'LAVENDER', ''),
(616, 'PAINTBALL', '', NULL, 38, 1, 1, '2', 'YELLOW', ''),
(617, 'SKYLER BLUE', '', NULL, 39, 1, 1, '2', 'BLUE', ''),
(618, 'VERONICE', '', NULL, 39, 1, 1, '2', 'PINK', ''),
(619, 'SKYLER WHITE', '', NULL, 39, 1, 1, '2', 'WHITE', ''),
(620, 'SKYLER PINK', '', NULL, 39, 1, 1, '5-6', 'PINK', ''),
(621, 'DELPHINIUM BLUE DONNA', '', NULL, 4, 1, 10, '', 'DARK BLUE', ''),
(622, 'MAMBO ', '', NULL, 17, 1, 10, '', 'ORANGE', ''),
(623, 'MIKA', '', NULL, 17, 1, 10, '', 'HOT PINK', ''),
(624, 'AGAPANTHUS BLUE', '', NULL, 40, 1, 5, '', 'BLUE', ''),
(625, 'CALLAS LYLI', '', NULL, 34, 1, 5, '', 'WHITE', ''),
(626, 'ASTER PURPLE', '', NULL, 27, 1, 10, '', 'PURPLE', ''),
(627, 'ASTER WHITE', '', NULL, 27, 1, 10, '', 'WHITE', ''),
(628, 'SNAPDRAGON PINK', '', NULL, 13, 1, 10, '', 'PINK', ''),
(629, 'SNAPDRAGON HOT PINK', '', NULL, 13, 1, 10, '', 'HOT PINK', ''),
(630, 'SNAPDRAGON YELLOW', '', NULL, 13, 1, 10, '', 'YELLOW', ''),
(631, 'SNAPDRAGON ORANGE', '', NULL, 13, 1, 10, '', 'ORANGE', ''),
(632, 'SNAPDRAGON WHITE', '', NULL, 13, 1, 10, '', 'WHITE', ''),
(633, 'SNAPDRAGON BURGUNDI', '', NULL, 13, 1, 10, '', 'RED', ''),
(634, 'EUCALIPTO ', '', NULL, 24, 1, 10, '', 'GREEN', ''),
(635, 'LIATRIS PURPLE', '', NULL, 41, 1, 10, '', 'PURPLE', ''),
(636, 'CHRISTA', '', NULL, 1, 1, 25, '5-6', 'PINK', ''),
(637, 'LEMON PIE', '', NULL, 1, 1, 25, '5-6', 'GREEN', ''),
(638, 'MAGGI', '', NULL, 1, 1, 25, '5-6', 'PINK', ''),
(639, 'REGATTA', '', NULL, 1, 1, 25, '5-6', 'YELLOW', ''),
(640, 'STILETTO', '', NULL, 1, 1, 25, '5-6', 'LAVENDER', ''),
(641, 'SUNSET GLORY', '', NULL, 1, 1, 25, '5-6', 'BICOLOR ', ''),
(642, 'VANNIA', '', NULL, 1, 1, 25, '5-6', 'BICOLOR ', ''),
(643, 'GRACIA', '', NULL, 17, 1, 10, '5-6', 'HOT PINK', ''),
(645, 'STARBLUSH', '', NULL, 17, 1, 25, '5-6', 'PINK', ''),
(646, 'HELENA', '', NULL, 35, 1, 10, '2', 'LAVENDER', ''),
(647, 'PIGEON ', '', NULL, 42, 1, 10, '', 'HOT PINK', ''),
(648, 'HAMADA', '', NULL, 42, 1, 10, '', 'PEACH', ''),
(649, 'LIGHT PINK BARBARA', '', NULL, 42, 1, 10, '', 'LIGHT PINK', ''),
(650, 'PINK PIGEON ', '', NULL, 42, 1, 10, '', 'LIGHT PINK', ''),
(651, 'MINUETO', '', NULL, 42, 1, 10, '', 'BICOLOR', ''),
(652, 'CHERRY TESSINO', '', NULL, 42, 1, 10, '', 'BICOLOR', ''),
(653, 'SCARLETTE PLUS', '', NULL, 42, 1, 10, '', 'BICOLOR', ''),
(654, 'RONY', '', NULL, 42, 1, 10, '', 'RED', ''),
(655, 'IMAGINE ', '', NULL, 42, 1, 10, '', 'YELLOW', ''),
(656, 'LAGOS', '', NULL, 42, 1, 10, '', 'GREEN', ''),
(657, 'WHITE BARBARA', '', NULL, 42, 1, 10, '', 'WHITE', ''),
(658, 'PEACH AUBADE ', '', NULL, 1, 1, 25, '5-6', 'PEACH', ''),
(659, 'CUENCA', '', NULL, 1, 1, 25, '5-6', 'PEACH', ''),
(660, 'TACHINI', '', NULL, 1, 1, 25, '5-6', 'CREAM', ''),
(661, 'TOUCH OF CLASS', '', NULL, 1, 1, 25, '5-6', 'BICOLOR', ''),
(662, 'GERBERA HOT PINK', '', NULL, 15, 1, 5, '', 'HOT PINK', ''),
(663, 'GERBERA RED', '', NULL, 15, 1, 5, '', 'RED', ''),
(664, 'GERBERA WHITE', '', NULL, 15, 1, 5, '', 'WHITE', ''),
(665, 'GERBERA YELLOW', '', NULL, 15, 1, 5, '', 'YELLOW', ''),
(666, 'GERBERA ORANGE', '', NULL, 15, 1, 5, '', 'ORANGE', ''),
(667, 'GERBERA BURGUNDI', '', NULL, 15, 1, 5, '', 'BURGUNDI', ''),
(668, 'GERBERA ASSORTED', '', NULL, 15, 1, 5, '', 'ASSORTED', ''),
(669, 'AMMI MAJUS', '', NULL, 43, 1, 10, '', 'GREEN', ''),
(670, 'BOHEME', '', NULL, 1, 1, 25, '5-6', 'BICOLOR', ''),
(671, 'LEONIDAS', '', NULL, 1, 1, 25, '5-6', 'TERRACOTA', ''),
(672, 'CORINA ', '', NULL, 1, 1, 25, '5-6', 'LIGHT PINK', ''),
(673, 'IGLOO', '', NULL, 1, 1, 25, '6', 'WHITE', ''),
(674, 'KHELA ', '', NULL, 10, 1, 25, '4.5-5.0', 'CREAM', ''),
(675, 'TIARA', '', NULL, 1, 1, 25, '6.5', 'LAVANDER', ''),
(676, 'XPLOSION', '', NULL, 1, 1, 25, '6', 'HOT PINK', ''),
(677, 'HANNA', '', NULL, 1, 1, 25, '6-7', 'HOT PINK', ''),
(678, 'CAYENNE', '', NULL, 1, 1, 25, '5', 'ORANGE', ''),
(679, 'MILIMA', '', NULL, 1, 1, 25, '5.5-6.0', 'ORANGE', ''),
(680, 'HIGH & PEACH MAGIC', '', NULL, 1, 1, 25, '6.0-6.5', 'PEACH', ''),
(681, 'CLASSIC DUETT', '', NULL, 1, 1, 25, '5.5-6.0', 'PINK', ''),
(682, 'SWEET ESCIMO', '', NULL, 1, 1, 25, '5.0-5.5', 'LIGHT PINK', ''),
(683, 'C´ EST LA VIE ', '', NULL, 1, 1, 25, '5-6', 'BICOLOR', ''),
(684, 'TAKINI', '', NULL, 1, 1, 25, '5-6', 'WHITE', ''),
(685, 'CREAM AMSTERDAM', '', NULL, 1, 1, 25, '5-6', 'CREAM', ''),
(686, 'ACAPELLA', '', NULL, 1, 1, 25, '5-6', 'LAVANDER', ''),
(687, 'ARTICA', '', NULL, 1, 1, 25, '5-6', 'WHITE', ''),
(688, 'ARLEEN', '', NULL, 1, 1, 25, '5-6', 'PINK', ''),
(689, 'BOUNTY WAY ', '', NULL, 1, 1, 25, '5-6', 'LAVENDER', ''),
(690, 'BREATHLESS', '', NULL, 1, 1, 25, '5-6', 'BICOLOR ', ''),
(691, 'CARTAGENA', '', NULL, 1, 1, 25, '5-6', 'BICOLOR ', ''),
(692, 'MARVEL', '', NULL, 10, 1, 12, '6', 'CREAM', ''),
(693, 'COUNTRY BLUES', '', NULL, 10, 1, 12, '6', 'PINK', ''),
(694, 'CRAZY DIAMOND', '', NULL, 1, 1, 25, '5-6', 'BICOLOR ', ''),
(695, 'MIRABELLA', '', NULL, 31, 1, 10, '', 'WHITE', ''),
(696, 'SNOW BALL', '', NULL, 31, 1, 10, '', 'WHITE', ''),
(697, 'MIRABELLA TINTED ', '', NULL, 31, 1, 10, '', 'TINTED', ''),
(698, 'MAGICAL TRIUMPH', '', NULL, 26, 1, 10, '', 'RED', ''),
(699, 'MAGICAL LIGHT PINK', '', NULL, 26, 1, 10, '', 'LIGHT PINK', ''),
(700, 'MAGICAL UNIVERSE', '', NULL, 26, 1, 10, '', 'BURGUNDI', ''),
(701, 'PEACH TEMPTATION', '', NULL, 26, 1, 10, '', 'PEACH', ''),
(702, 'MAGICAL IVORY', '', NULL, 26, 1, 10, '', 'WHITE', ''),
(703, 'MAGICAL VICTORY', '', NULL, 26, 1, 10, '', 'GREEN', ''),
(704, 'HYPERICUM ASSORTED', '', NULL, 26, 1, 10, '', 'ASSORTED', ''),
(705, 'VALENTIN PACK', '', NULL, 26, 1, 10, '', 'ASSORTED', ''),
(706, 'MAGICAL PUMPKIN', '', NULL, 26, 1, 10, '', 'ORANGE', ''),
(707, 'TINTED', '', NULL, 26, 1, 10, '', 'ASSORTED', ''),
(708, 'SCOOPS ASSORTED', '', NULL, 37, 1, 10, '', 'ASSORTED', ''),
(709, 'SCOOPS SOLID', '', NULL, 37, 1, 10, '', 'SOLID', ''),
(710, 'ORLANDO', '', NULL, 1, 1, 25, '4.5-5.0', 'HOT PINK', ''),
(711, 'LATIN LADY', '', NULL, 1, 1, 25, '5.0-6.0', 'BICOLOR', ''),
(712, 'PANAMA', '', NULL, 1, 1, 25, '5-6', 'LIGHT PINK', ''),
(713, 'PECKOUBO', '', NULL, 1, 1, 25, '5-6', 'LIGHT PINK', ''),
(714, 'QUEEN AMAZONE', '', NULL, 1, 1, 25, '5-6', 'BICOLOR', ''),
(715, 'CLOUD', '', NULL, 31, 1, 12, '1', 'WHITE', ''),
(716, 'ROSSINI', '', NULL, 1, 1, 25, '5-6', 'BICOLOR', ''),
(717, 'GREEN DIANTHUS (BALL)', '', NULL, 45, 1, 1, '5', 'GREEN', ''),
(718, 'TRACHELIUM GREEN', '', NULL, 46, 1, 1, '3', 'GREEN', ''),
(719, 'TRACHELIUM PURPLE', '', NULL, 46, 1, 1, '2', 'PURPLE', ''),
(720, 'TRACHELIUM WHITE', '', NULL, 46, 1, 1, '2', 'WHITE', ''),
(721, 'TRACHELIUM LAVENDER', '', NULL, 46, 1, 2, '3', 'LAVENDER', ''),
(722, 'AMBIANCE', '', NULL, 1, 1, 25, '5-6', 'BICOLOR', ''),
(723, 'KONFETTY', '', NULL, 1, 1, 25, '5-6', 'BICOLOR', ''),
(724, 'AVATAR', '', NULL, 1, 1, 25, '5-6', 'LAVANDER', ''),
(725, 'CARNATION ZENIT', '', NULL, 2, 1, 1, '2', 'BICOLOR ', ''),
(726, 'CARNATIONS CAROLINE', '', NULL, 2, 1, 1, '2', 'ORANGE', ''),
(727, 'CARNATION MOJACAR', '', NULL, 2, 1, 1, '5-6', 'BICOLOR ', ''),
(728, 'CARNATION AMOS', '', NULL, 2, 1, 1, '2', 'RED', ''),
(729, 'CARNATION KINO SPORT', '', NULL, 2, 1, 1, '2', 'BICOLOR ', ''),
(730, 'BOUZERON', '', NULL, 2, 1, 1, '2', 'RED', ''),
(731, 'CARNATION KINO', '', NULL, 2, 1, 1, '2', 'BICOLOR ', ''),
(732, 'CARNATION BETSY', '', NULL, 2, 1, 1, '2', 'PINK', ''),
(733, 'CARNATION ZURIGO', '', NULL, 2, 1, 1, '2', 'RED', ''),
(734, 'CARNATION FORATTINI', '', NULL, 2, 1, 1, '2', 'WHITE', ''),
(735, 'CARNATION SEGRETO', '', NULL, 2, 1, 2, '1', 'BICOLOR ', ''),
(736, 'CARNATION CREAM VIANA', '', NULL, 2, 1, 1, '2', 'BICOLOR ', ''),
(737, 'CARNATION ALICIA', '', NULL, 2, 1, 1, '2', 'BICOLOR ', ''),
(738, 'CARNATION BIZET', '', NULL, 2, 1, 1, '2', 'PINK', ''),
(739, 'CARNATION FARIETA', '', NULL, 2, 1, 2, '1', 'HOT PINK', ''),
(740, 'CARNATION STAR FIRE', '', NULL, 2, 1, 1, '2', 'BICOLOR ', ''),
(741, 'CARNATION FARIDA', '', NULL, 2, 1, 2, '2', 'HOT PINK', ''),
(743, 'CARNATION DANTE', '', NULL, 2, 1, 1, '2', 'RED', ''),
(744, 'CARNATION INDIANA', '', NULL, 2, 1, 1, '2', 'BICOLOR ', ''),
(745, 'CARNATION RIOJA', '', NULL, 2, 1, 1, '2', 'RIOJA', ''),
(746, 'CARNATION TURBO', '', NULL, 2, 1, 1, '2', 'RED', ''),
(747, 'CARNATION CORALIE', '', NULL, 1, 1, 1, '1', 'BICOLOR ', ''),
(748, 'CARNATION NOTORIUS', '', NULL, 2, 1, 1, '1', 'RED', ''),
(749, 'OVER TIME', '', NULL, 31, 1, 10, '', 'WHITE', ''),
(750, 'OVER TIME TINTED', '', NULL, 31, 1, 10, '', 'TINTED', ''),
(751, 'YELLOW MOON ', '', NULL, 1, 1, 25, '5.5-6.0', 'YELLOW', ''),
(752, 'RICE FLOWER VICTORIA WHITE ', '', NULL, 47, 1, 10, '', 'WHITE', ''),
(753, 'RICE FLOWER VICTORIA PINK', '', NULL, 47, 1, 10, '', 'PINK', ''),
(754, 'RICE FLOWER TINTED ', '', NULL, 47, 1, 10, '', 'TINTED', ''),
(755, 'LIMONIUM ACTIVA PINK', '', NULL, 5, 1, 10, '', 'PINK', ''),
(756, 'LIMONIUM ACTIVA WHITE', '', NULL, 5, 1, 10, '', 'WHITE', ''),
(757, 'LIMONIUM ACTIVA TINTED', '', NULL, 5, 1, 10, '', 'TINTED', ''),
(758, 'MARDI GRAS PURPLE', '', NULL, 27, 1, 10, '', 'PURPLE', ''),
(759, 'MARDI GRAS WHITE', '', NULL, 27, 1, 10, '', 'WHITE', ''),
(761, 'BLUSHING AKITO', '', NULL, 1, 1, 25, '5-6', 'PINK', ''),
(762, 'BRIDAL AKITO ', '', NULL, 1, 1, 25, '5-6', 'LIGHT PINK', ''),
(763, 'GOVINDA', '', NULL, 1, 1, 25, '5-6', 'LAVANDER', ''),
(764, 'RED CORVETTE', '', NULL, 1, 1, 25, '5-6', 'RED', ''),
(765, 'BRILLIANT STARS WHITE', '', NULL, 17, 1, 10, '', 'WHITE', ''),
(766, 'BRILLIANT STARS ANTIQUE PINK', '', NULL, 17, 1, 10, '', 'PINK', ''),
(767, 'BRILLIANT STARS APRICOT', '', NULL, 17, 1, 10, '', 'CREAM', ''),
(768, 'BRILLIANT STARS CORAL', '', NULL, 17, 1, 10, '', 'ORANGE', ''),
(769, 'BRILLIANT STARS CREAM CORAL', '', NULL, 17, 1, 10, '', 'CREAM', ''),
(770, 'BRILLIANT STARS DARK PINK', '', NULL, 17, 1, 10, '', 'PINK', ''),
(771, 'BRILLIANT STARS GREEN PINK', '', NULL, 17, 1, 10, '', 'GREEN', ''),
(772, 'BRILLIANT STARS LIGHT PINK', '', NULL, 17, 1, 10, '', 'PINK', ''),
(773, 'BRILLIANT STARS LEMON', '', NULL, 17, 1, 10, '', 'CREAM', ''),
(774, 'BRILLIANT STARS ORANGE', '', NULL, 17, 1, 10, '', 'ORANGE', ''),
(775, 'BRILLIANT STARS PINK', '', NULL, 17, 1, 10, '', 'PINK', ''),
(776, 'BRILLIANT STARS RED', '', NULL, 17, 1, 10, '', 'RED', ''),
(777, 'BRILLIANT STARS YELLOW', '', NULL, 17, 1, 10, '', 'YELLOW', ''),
(778, 'BRILLIANT STARS CREAM PINK', '', NULL, 17, 1, 10, '', 'CREAM', ''),
(779, 'ACHILLEA PARKER', '', NULL, 48, 1, 10, '', 'YELLOW', ''),
(780, 'ACHILLEA TINTED', '', NULL, 48, 1, 10, '', 'TINTED', ''),
(781, 'SYMPHONY BELLA BLOSSOM ', '', NULL, 35, 1, 10, '', 'BICOLOR', ''),
(782, 'SYMPHONY BELLA ORANGE', '', NULL, 35, 1, 10, '', 'ORANGE', ''),
(783, 'SYMPHONY BELLA PINK', '', NULL, 35, 1, 10, '', 'PINK', ''),
(784, 'SYMPHONY BELLA PURPLE', '', NULL, 35, 1, 10, '', 'PURPLE', ''),
(785, 'SYMPHONY BELLA SUNSET', '', NULL, 35, 1, 10, '', 'ORANGE', ''),
(786, 'SYMPHONY BELLA WHITE', '', NULL, 35, 1, 10, '', 'WHITE', ''),
(787, 'SYMPHONY SUPER STAR', '', NULL, 35, 1, 10, '', 'YELLOW', ''),
(788, 'SYMPHONY RED', '', NULL, 35, 1, 10, '', 'RED', ''),
(789, 'BUPLEURUM', '', NULL, 49, 1, 10, '', 'GREEN', ''),
(790, 'CAMPANULA CHAMPION WHITE ', '', NULL, 50, 1, 10, '', 'WHITE', ''),
(791, 'CAMPANULA CHAMPION PINK', '', NULL, 50, 1, 10, '', 'PINK', ''),
(792, 'CAMPANULA CHAMPION PURPLE', '', NULL, 50, 1, 10, '', 'PURPLE', ''),
(793, 'PAINTBALL TINTED ', '', NULL, 38, 1, 10, '', 'TINTED', ''),
(794, 'DIANTHUS', '', NULL, 51, 1, 10, '', 'PURPLE', ''),
(795, 'DELPHINIUM BLUE BIRD', '', NULL, 4, 1, 10, '', 'BLUE', ''),
(796, 'DELPHINIUM BLUE SKIES', '', NULL, 4, 1, 10, '', 'BLUE', ''),
(797, 'ERYNGIUM BLUE ICE ', '', NULL, 52, 1, 10, '', 'BLUE', ''),
(798, 'ERYNGIUM TINTED ', '', NULL, 52, 1, 10, '', 'TINTED', ''),
(799, 'GODETIAS GRACE WHITE ', '', NULL, 53, 1, 10, '', 'WHITE', ''),
(800, 'GODETIAS GRACE SALMON', '', NULL, 53, 1, 10, '', 'ORANGE', ''),
(801, 'GODETIAS GRACE RED', '', NULL, 53, 1, 10, '', 'RED', ''),
(802, 'GODETIAS GRACE PINK WHITE', '', NULL, 53, 1, 10, '', 'BICOLOR', ''),
(803, 'ATTRACTION BROW', '', NULL, 26, 1, 10, '', 'BROWN ', ''),
(804, 'ATTRACTION GREEN ', '', NULL, 26, 1, 10, '', 'GREEN', ''),
(805, 'ATTRACTION RED', '', NULL, 26, 1, 10, '', 'RED', ''),
(806, 'LILIES ORIENTAL ', '', NULL, 32, 1, 10, '', 'ASSORTED', ''),
(807, 'LILIES LA ASSORTED', '', NULL, 54, 1, 1, '', 'ASSORTED', ''),
(808, 'INDIAN SUMMERSET', '', NULL, 54, 1, 1, '2/3', 'PINK', ''),
(809, 'INDIAN SUMMERSET', '', NULL, 54, 1, 1, '3/5', 'PINK', ''),
(810, 'HONESTY', '', NULL, 54, 1, 1, '2/3', 'ORANGE', ''),
(811, 'HONESTY', '', NULL, 54, 1, 1, '3/5', 'ORANGE', ''),
(812, 'LITOUWEN', '', NULL, 54, 1, 1, '2/3', 'WHITE', ''),
(813, 'LITOUWEN', '', NULL, 54, 1, 1, '3/5', 'WHITE', ''),
(814, 'NASHVILE', '', NULL, 54, 1, 1, '2/3', 'YELLOW', ''),
(815, 'NASHVILE', '', NULL, 54, 1, 1, '3/5', 'YELLOW', ''),
(816, 'PAVIA', '', NULL, 54, 1, 1, '2/3', 'YELLOW', ''),
(817, 'PAVIA', '', NULL, 54, 1, 1, '3/5', 'YELLOW', ''),
(818, 'TRESOR', '', NULL, 54, 1, 1, '2/3', 'ORANGE', ''),
(819, 'TRESOR', '', NULL, 54, 1, 1, '3/5', 'ORANGE', ''),
(820, 'SANTANDER', '', NULL, 32, 1, 1, '3/5', 'WHITE', ''),
(821, 'SORBONE', '', NULL, 32, 1, 1, '2/3', 'PINK', ''),
(822, 'SORBONE', '', NULL, 32, 1, 1, '3/5', 'PINK', ''),
(823, 'STARFIGHTER', '', NULL, 32, 1, 1, '2/3', 'BICOLOR', ''),
(824, 'STARFIGHTER', '', NULL, 32, 1, 1, '3/5', 'BICOLOR', ''),
(825, 'LYSIMACHIA WHITE ', '', NULL, 55, 1, 10, '', 'WHITE', ''),
(826, 'GOLDEN AMAZONE', '', NULL, 27, 1, 10, '', 'YELLOW', ''),
(827, 'GOLDEN AMAZONE TINTED', '', NULL, 27, 1, 10, '', 'TINTED', ''),
(828, 'STATICE ARA PURPLE', '', NULL, 8, 1, 10, '', 'PURPLE', ''),
(829, 'STATICE  WHITE', '', NULL, 8, 1, 10, '', 'WHITE', ''),
(830, 'STATICE ARA TINTED', '', NULL, 8, 1, 10, '', 'TINTED', ''),
(831, 'SUNFLOWERS SUNRICH GOLD', '', NULL, 9, 1, 5, '', 'YELLOW', ''),
(832, 'SUNFLOWERS SUNRICH LEMON', '', NULL, 9, 1, 5, '', 'YELLOW', ''),
(833, 'SUNFLOWERS SUNRICH ORANGE', '', NULL, 9, 1, 5, '', 'ORANGE', ''),
(834, 'POISON ', '', NULL, 1, 1, 25, '4.5-5.0', 'HOT PINK', ''),
(835, 'AEROBIC', '', NULL, 1, 1, 25, '5.5-6.0', 'LIGHT PINK', ''),
(836, 'HOT PINK MAJOLICA', '', NULL, 17, 1, 10, '', 'HOT PINK', ''),
(837, 'PASCUA', '', NULL, 17, 1, 10, '', 'WHITE', ''),
(838, 'SOMERSET', '', NULL, 17, 1, 10, '', 'YELLOW', ''),
(839, 'INCANTO WHITE PRESERVED', '', NULL, 11, 1, 1, '', 'WHITE', ''),
(840, 'PRESERVED CREAM', '', NULL, 11, 1, 1, '', 'CREAM', ''),
(841, 'PRESERVED CHAMPAGNE', '', NULL, 11, 1, 1, '', 'CHAMPAGNE', '');
INSERT INTO `product` (`product_id`, `name`, `descriptions`, `photo`, `product_category_id`, `status`, `stems_bunch`, `button_size`, `colour`, `commentary`) VALUES
(842, 'INCANTO LIGHT PINK PRESERVED', '', NULL, 11, 1, 1, '', 'LIGHT PINK', ''),
(843, 'PRESERVED PINK', '', NULL, 11, 1, 1, '', 'PINK', ''),
(844, 'INCANTO HOT PINK PRESERVED', '', NULL, 11, 1, 1, '', 'HOT PINK', ''),
(845, 'PRESERVED LIGHT YELLOW', '', NULL, 11, 1, 1, '', 'YELLOW', ''),
(846, 'PRESERVED YELLOW', '', NULL, 11, 1, 1, '', 'YELLOW', ''),
(847, 'PRESERVED AMBER', '', NULL, 11, 1, 1, '', 'AMBER', ''),
(848, 'PRESERVED GOLDENROD', '', NULL, 11, 1, 1, '', 'YELLOW', ''),
(849, 'PRESERVED BRONZE', '', NULL, 11, 1, 1, '', 'BRONZE', ''),
(850, 'PRESERVED PEACH', '', NULL, 11, 1, 1, '', 'PEACH', ''),
(851, 'PRESERVED SALMON', '', NULL, 11, 1, 1, '', 'SALMON', ''),
(852, 'PRESERVED CORAL', '', NULL, 11, 1, 1, '', 'CORAL', ''),
(853, 'PRESERVED ORANGE', '', NULL, 11, 1, 1, '', 'ORANGE', ''),
(854, 'PRESERVED RED ORANGE', '', NULL, 11, 1, 1, '', 'ORANGE', ''),
(855, 'INCANTO RED PRESERVED', '', NULL, 11, 1, 1, '', 'RED', ''),
(856, 'PRESERVED RED WINE', '', NULL, 11, 1, 1, '', 'WINE', ''),
(857, 'PRESERVED DARK BURGUNDY', '', NULL, 11, 1, 1, '', 'BURGUNDY', ''),
(858, 'PRESERVED BURGUNDY', '', NULL, 11, 1, 1, '', 'BURGUNDY', ''),
(859, 'PRESERVED BLUE VIOLET', '', NULL, 11, 1, 1, '', 'PURPLE', ''),
(860, 'INCANTO PURPLE PRESERVED', '', NULL, 11, 1, 1, '', 'PURPLE', ''),
(861, 'INCANTO INDIGO PRESERVED', '', NULL, 11, 1, 1, '', 'BLUE', ''),
(862, 'INCANTO LAVANDER PRESERVED', '', NULL, 11, 1, 1, '', 'LAVANDER', ''),
(863, 'INCANTO BLUE PRESERVED', '', NULL, 11, 1, 1, '', 'BLUE', ''),
(864, 'PRESERVED SKY BLUE', '', NULL, 11, 1, 1, '', 'BLUE', ''),
(865, 'PRESERVED BABY BLUE', '', NULL, 11, 1, 1, '', 'BLUE', ''),
(866, 'PRESERVED LIGHT TURQUOISE', '', NULL, 11, 1, 1, '', 'BLUE', ''),
(867, 'PRESERVED TURQUOISE', '', NULL, 11, 1, 1, '', 'BLUE', ''),
(868, 'PRESERVED AQUA', '', NULL, 11, 1, 1, '', 'BLUE', ''),
(869, 'PRESERVED LIME ', '', NULL, 11, 1, 1, '', 'GREEN', ''),
(870, 'PRESERVED APPLE GREEN', '', NULL, 11, 1, 1, '', 'GREEN', ''),
(871, 'PRESERVED PEAR', '', NULL, 11, 1, 1, '', 'GREEN', ''),
(872, 'PRESERVED OLIVE GREEN ', '', NULL, 11, 1, 1, '', 'GREEN', ''),
(873, 'PRESERVED MAGIC GREEN', '', NULL, 11, 1, 1, '', 'GREEN', ''),
(874, 'PRESERVED GREEN', '', NULL, 11, 1, 1, '', 'GREEN', ''),
(875, 'PRESERVED FOREST GREEN', '', NULL, 11, 1, 1, '', 'GREEN', ''),
(876, 'INCANTO BLACK PRESERVED', '', NULL, 11, 1, 1, '', 'BLACK', ''),
(877, 'PRESERVED BLACK ULTRA VIOLET', '', NULL, 11, 1, 1, '', 'BLACK', ''),
(878, 'PRESERVED RAINBOW', '', NULL, 11, 1, 1, '', 'RAINBOW', ''),
(879, 'BRUJAS', '', NULL, 10, 1, 25, '', 'LAVANDER', ''),
(880, 'CARABELLA', '', NULL, 10, 1, 25, '', 'ORANGE', ''),
(881, 'CARALINDA', '', NULL, 10, 1, 25, '', 'HOT PINK', ''),
(882, 'CARNIVORA ', '', NULL, 10, 1, 25, '', 'BICOLOR', ''),
(883, 'CATALINA', '', NULL, 10, 1, 25, '', 'YELLOW', ''),
(884, 'CHARMING CORNELLE', '', NULL, 10, 1, 25, '', 'BICOLOR', ''),
(885, 'MAYRA`S FANTASY ', '', NULL, 10, 1, 25, '', 'PINK', ''),
(886, 'MAYRA`S FLAMINGO', '', NULL, 10, 1, 25, '', 'BICOLOR', ''),
(887, 'MAYRA`S GARDEN', '', NULL, 10, 1, 25, '', 'PINK', ''),
(888, 'MAYRA`S HOT PINK ', '', NULL, 10, 1, 25, '', 'HOT PINK', ''),
(889, 'MAYRA`S QUEEN', '', NULL, 10, 1, 25, '', 'PINK', ''),
(890, 'MAYRA`S VINTAGE', '', NULL, 10, 1, 25, '', 'GREEN', ''),
(891, 'MONSTER RED', '', NULL, 10, 1, 25, '', 'RED', ''),
(892, 'MONSTER YELLOW', '', NULL, 10, 1, 25, '', 'BICOLOR', ''),
(893, 'PAZ', '', NULL, 10, 1, 25, '', 'BICOLOR', ''),
(894, 'PRIORITY', '', NULL, 10, 1, 25, '', 'CREAM', ''),
(895, 'JALAH', '', NULL, 1, 1, 25, '', 'TERRACOTA', ''),
(896, 'WIMBLEDON', '', NULL, 1, 1, 25, '', 'GREEN', ''),
(897, 'HONEYMOON', '', NULL, 1, 1, 25, '', 'YELLOW', ''),
(898, 'ALL 4 LOVE', '', NULL, 1, 1, 25, '', 'PINK', ''),
(899, 'MARTINA PINK', '', NULL, 1, 1, 25, '', 'PINK', ''),
(900, 'ANDREA', '', NULL, 1, 1, 25, '5-6', 'LAVANDER', ''),
(901, 'SILVER STONE ', '', NULL, 1, 1, 25, '5-6', 'LAVANDER', ''),
(902, 'HOLIDAY', '', NULL, 1, 1, 25, '5-6', 'ORANGE', ''),
(903, 'SEVILLA ', '', NULL, 1, 1, 25, '5-6', 'PEACH', ''),
(904, 'BOGART', '', NULL, 1, 1, 25, '5-6', 'BICOLOR', ''),
(905, 'RHOSLYN', '', NULL, 1, 1, 25, '5-6', 'BICOLOR', ''),
(906, 'TENERIFE', '', NULL, 1, 1, 25, '5-6', 'HOT PINK', ''),
(907, 'POMA ROSA ', '', NULL, 1, 1, 25, '5-6', 'BICOLOR', ''),
(908, 'LA VIE EN ROSE ', '', NULL, 1, 1, 25, '5-6', 'LIGHT PINK', ''),
(909, 'SHY', '', NULL, 1, 1, 25, '5-6', 'PINK', ''),
(910, 'QUEEN OF PEARL', '', NULL, 1, 1, 25, '5-6', 'PEACH', ''),
(911, 'MERLOT ', '', NULL, 1, 1, 25, '5-6', 'RED', ''),
(912, 'CUBANA', '', NULL, 1, 1, 25, '5-6', 'YELLOW', ''),
(913, 'SPINELLI', '', NULL, 1, 1, 25, '5-6', 'BICOLOR', ''),
(914, 'SUSPIRO', '', NULL, 1, 1, 25, '5-6', 'CHAMPAGNE', ''),
(915, 'WHIPPED CREAM', '', NULL, 1, 1, 25, '5-6', 'CREAM', ''),
(916, 'GIOTTO', '', NULL, 1, 1, 25, '5-6', 'TERRACOTA', ''),
(917, 'MOSAICO', '', NULL, 1, 1, 25, '5-6', 'TERRACOTA', ''),
(918, 'TOTEM', '', NULL, 1, 1, 25, '5-6', 'GREEN', ''),
(919, 'TAXO', '', NULL, 1, 1, 25, '5-6', 'ORANGE', ''),
(920, 'SPRIT', '', NULL, 1, 1, 25, '5-6', 'PEACH', ''),
(921, 'JOYCE', '', NULL, 1, 1, 25, '5-6', 'BICOLOR', ''),
(922, 'CINDERELLA', '', NULL, 1, 1, 25, '5-6', 'BICOLOR', ''),
(923, 'ROCK FIRE', '', NULL, 1, 1, 25, '5-6', 'LAVANDER', ''),
(924, 'SILVER SHADOW', '', NULL, 1, 1, 25, '5-6', 'LAVANDER', ''),
(925, 'COTTON CANDY', '', NULL, 1, 1, 25, '5-6', 'HOT PINK', ''),
(926, 'PINK PORCELAIN', '', NULL, 1, 1, 25, '5-6', 'LIGHT PINK', ''),
(927, 'IMPRESSION', '', NULL, 1, 1, 25, '5-6', 'PINK', ''),
(928, 'NEW AQUA ', '', NULL, 1, 1, 25, '5-6', 'PINK', ''),
(929, 'MOJITO', '', NULL, 1, 1, 25, '5-6', 'WHITE', ''),
(930, 'SONATA / WHITE TIFFANY', '', NULL, 1, 1, 25, '5-6', 'WHITE', ''),
(931, 'SOL', '', NULL, 1, 1, 25, '5-6', 'YELLOW', ''),
(932, 'ZANZIBAR', '', NULL, 1, 1, 25, '5-6', 'YELLOW', ''),
(933, 'RISE N SUN ', '', NULL, 1, 1, 25, '5-6', 'BICOLOR', ''),
(934, 'SHIMMER SISTER', '', NULL, 1, 1, 25, '5-6', 'YELLOW', ''),
(935, 'SHOWBIZ', '', NULL, 1, 1, 25, '5-6', 'ORANGE', ''),
(936, 'FAMOUS', '', NULL, 1, 1, 25, '5-6', 'PINK', ''),
(937, 'ERYNGIUM BLUE LAGOON', '', NULL, 52, 1, 10, '', 'BLUE', ''),
(938, 'ERYNGIUM GREEN LAGOON', '', NULL, 52, 1, 10, '', 'GREEN', ''),
(939, 'ERYNGIUM DEEP BLUE JACKPOT', '', NULL, 52, 1, 10, '', 'BLUE', ''),
(940, 'ERYNGIUM GREEN LIGHT JACKPOT', '', NULL, 52, 1, 10, '', 'GREEN', ''),
(941, 'ELEGANCE RED', '', NULL, 56, 1, 10, '', 'RED', ''),
(942, 'ELEGANCE WHITE', '', NULL, 56, 1, 10, '', 'WHITE', ''),
(943, 'ELEGANCE PINK', '', NULL, 56, 1, 10, '', 'PINK', ''),
(944, 'ELEGANCE ORANGE ', '', NULL, 56, 1, 10, '', 'ORANGE', ''),
(945, 'ELEGANCE YELLOW', '', NULL, 56, 1, 10, '', 'YELLOW', ''),
(946, 'ELEGANCE HOT PINK', '', NULL, 56, 1, 10, '', 'HOT PINK', ''),
(947, 'ELEGANCE PEACH', '', NULL, 56, 1, 10, '', 'PEACH', ''),
(948, 'ELEGANCE LIGHT PINK', '', NULL, 56, 1, 10, '', 'LIGHT PINK', ''),
(949, 'ELEGANCE DARK PINK', '', NULL, 56, 1, 10, '', 'BURGUNDY', ''),
(950, 'ELEGANCE CORAL', '', NULL, 56, 1, 10, '', 'CORAL', ''),
(951, 'HANOI CLOONEY SUCESS ', '', NULL, 56, 1, 10, '', 'WHITE', ''),
(952, 'MAMBO CLOONEY SUCESS ', '', NULL, 56, 1, 10, '', 'PEACH', ''),
(953, 'CLOONEY PON PON FLORA', '', NULL, 56, 1, 10, '', 'GREEN-PINK', ''),
(954, 'CLOONEY PON PON MAGIC ', '', NULL, 56, 1, 10, '', 'GREEN-PURPLE', ''),
(955, 'CLOONEY PON PON MERLINO', '', NULL, 56, 1, 10, '', 'GREEN-ORANGE', ''),
(956, 'CLOONEY PON PON SILENTE', '', NULL, 56, 1, 10, '', 'GREEN-WHITE', ''),
(957, 'MISTRAL RED', '', NULL, 57, 1, 10, '', 'RED', ''),
(958, 'MISTRAL PANDA', '', NULL, 57, 1, 10, '', 'WHITE', ''),
(959, 'MISTRAL BLUSH', '', NULL, 57, 1, 10, '', 'LIGHT PINK', ''),
(960, 'MISTRAL BLUE', '', NULL, 57, 1, 10, '', 'BLUE', ''),
(961, 'MISTRAL HOT PINK', '', NULL, 57, 1, 10, '', 'HOT PINK', ''),
(962, 'GREEN MAGMA', '', NULL, 45, 1, 10, '', 'GREEN', ''),
(963, 'RAFINES MILOU', '', NULL, 51, 1, 10, '', 'BICOLOR', ''),
(964, 'RAFINES LOUIS', '', NULL, 51, 1, 10, '', 'WHITE', ''),
(965, 'RAFINES PETITE ODILE', '', NULL, 51, 1, 10, '', 'PINK', ''),
(966, 'RAFINES THIA', '', NULL, 51, 1, 10, '', 'LAVANDER', ''),
(967, 'RAFINES PHIA', '', NULL, 51, 1, 10, '', 'BICOLOR', ''),
(968, 'SOLOMIOS ARD', '', NULL, 51, 1, 10, '', 'WHITE', ''),
(969, 'SOLOMIOS GIL', '', NULL, 51, 1, 10, '', 'PINK', ''),
(970, 'SOLOMIOS ESLI', '', NULL, 51, 1, 10, '', 'ORANGE', ''),
(971, 'SOLOMIOS IRME', '', NULL, 51, 1, 10, '', 'HOT PINK', ''),
(972, 'SOLOMIOS TINO', '', NULL, 51, 1, 10, '', 'BICOLOR', ''),
(973, 'SOLOMIOS BONO', '', NULL, 51, 1, 10, '', 'PURPLE', ''),
(974, 'STAR RUBI TESSINO', '', NULL, 51, 1, 10, '', 'BICOLOR', ''),
(975, 'STAR SNOW TESSINO', '', NULL, 51, 1, 10, '', 'WHITE', ''),
(976, 'STAR CHERRY TESSINO', '', NULL, 51, 1, 10, '', 'BICOLOR', ''),
(977, 'SOLEIL', '', NULL, 1, 1, 25, '5-6', 'BICOLOR ', ''),
(978, 'CESLAVIE', '', NULL, 1, 1, 25, '5-6', 'BICOLOR ', ''),
(979, 'MAGIC LIPS', '', NULL, 1, 1, 25, '5-6', 'BICOLOR ', ''),
(980, 'SPARKLE', '', NULL, 1, 1, 25, '5-6', 'BICOLOR ', ''),
(981, 'ISABELLA', '', NULL, 1, 1, 25, '5-6', 'HOT PINK', ''),
(982, 'ADORABLE', '', NULL, 1, 1, 25, '5-6', 'PINK', ''),
(983, 'CIELO', '', NULL, 1, 1, 25, '5-6', 'PINK', ''),
(984, 'ADVANCE', '', NULL, 1, 1, 25, '5-6', 'PINK', ''),
(985, 'FURIA', '', NULL, 1, 1, 25, '5-6', 'RED', ''),
(986, 'RUBIA', '', NULL, 1, 1, 25, '5-6', 'PINK', ''),
(987, 'LERMONTOV', '', NULL, 1, 1, 25, '5-6', 'WHITE', ''),
(988, 'NIEVE', '', NULL, 1, 1, 25, '5-6', 'WHITE', ''),
(989, 'ROSE HOT PINK', '', NULL, 1, 1, 25, '', 'HOT PINK', ''),
(991, 'ROSE ORANGE', '', NULL, 1, 1, 25, '', 'ORANGE', ''),
(994, 'ROSE PINK', '', NULL, 1, 1, 25, '', 'PINK', ''),
(995, 'LISIANTHUS ASSORTED', '', NULL, 3, 1, 10, '', 'MIX', ''),
(996, 'LISIANTHUS ASSORT SPECIALL', '', NULL, 3, 1, 10, '', 'MIX SPECIALL', ''),
(997, 'STATICE PEACH', '', NULL, 8, 1, 10, '', 'PEACH', ''),
(998, 'ROSE ASSORTED', '', NULL, 1, 1, 25, '', 'MIX', ''),
(999, 'ROSE WHITE', '', NULL, 1, 1, 25, '', 'WHITE', ''),
(1000, 'TINTED BLUE ROSES', '', NULL, 12, 1, 25, '', 'BLUE', ''),
(1001, 'SAFARI SUNSET', '', NULL, 58, 1, 10, '5-6', 'RED', ''),
(1002, 'HYPERICUM RED', '', NULL, 26, 1, 10, '5-6', 'RED', ''),
(1003, 'HYPERICUM WHITE', '', NULL, 26, 1, 10, '5-6', 'WHITE', ''),
(1004, 'ROSE GREEN', '', NULL, 1, 1, 25, '', 'GREEN', ''),
(1005, 'HYPERICUM BURGUNDY', '', NULL, 26, 1, 10, '60', 'BURGUNDY', ''),
(1006, 'SPRAY ROSES MIX', '', NULL, 17, 1, 10, '', 'MIX', ''),
(1007, 'GYPSOPHILIA XLLENCE TINTED', '', NULL, 31, 1, 10, '', 'TINTED', ''),
(1008, 'ROSE PEACH', '', NULL, 1, 1, 25, '', 'PEACH', ''),
(1009, 'LISIANTHUS ASSORTED', '', NULL, 59, 1, 5, '', 'MIX', ''),
(1010, 'LISIANTHUS WHITE', '', NULL, 59, 1, 5, '', 'WHITE', ''),
(1011, 'LISIANTHUS PINK', '', NULL, 59, 1, 5, '', 'PINK', ''),
(1012, 'LISIANTHUS PURPLE', '', NULL, 59, 1, 5, '', 'PURPLE', ''),
(1013, 'CONSUMER BUNCH', '', NULL, 25, 1, 10, '', 'MIX', ''),
(1014, 'ALSTROMERIA DARK PINK ', '', NULL, 35, 1, 10, '', 'DARK PINK', ''),
(1015, 'ALSTROMERIA ORANGE', '', NULL, 35, 1, 10, '', 'ORANGE', ''),
(1016, 'ALSTROMERIA PURPLE', '', NULL, 35, 1, 10, '', 'PURPLE ', ''),
(1017, 'ALSTROMERIA RED', '', NULL, 35, 1, 10, '', 'RED', ''),
(1018, 'ALSTROMERIA WHITE', '', NULL, 35, 1, 10, '', 'WHITE', ''),
(1019, 'VAL DOZEN ROSE RED', '', NULL, 25, 1, 12, '', 'RED', ''),
(1020, 'VAL DOZEN ROSE COLOR', '', NULL, 25, 1, 12, '', 'MIX', ''),
(1021, 'VAL DOZEN ROSE RAINBOW', '', NULL, 25, 1, 12, '', 'PAYASOS', ''),
(1022, 'DOZEN ROSE HOT PINK', '', NULL, 25, 1, 12, '', 'HOT PINK', ''),
(1023, 'FE81', '', NULL, 25, 1, 12, '', 'RED', ''),
(1024, 'CB GERBERA ASSORTED', '', NULL, 25, 1, 3, '', 'MIX', ''),
(1025, 'F-898', '', NULL, 25, 1, 12, '', 'RAINBOW TINTED', ''),
(1026, 'F-224', '', NULL, 25, 1, 24, '', 'RED', ''),
(1027, 'DOCENA RED', '', NULL, 1, 1, 12, '', 'RED', ''),
(1028, 'ROSE LIGHT PINK', '', NULL, 1, 1, 25, '', 'LIGHT PINK', ''),
(1029, 'THE BLISS', '', NULL, 25, 1, 18, '', 'PINK', ''),
(1030, 'BOX  ASSORTED', '', NULL, 24, 1, 4, '', 'MIX ', ''),
(1031, 'GERBERA PINK', '', NULL, 15, 1, 5, '', 'PINK', ''),
(1032, 'STATICE ASSORTED', '', NULL, 25, 1, 5, '', 'MIX', ''),
(1033, 'HYPERICUM PEACH', '', NULL, 26, 1, 10, '', 'PEACH', ''),
(1034, 'ALSTROEMERIA SELECT PINK', '', NULL, 35, 1, 10, '5-6', 'PINK', ''),
(1036, 'CB DELPHINIUM', '', NULL, 25, 1, 3, '', 'BLUE', ''),
(1037, 'R032', '', NULL, 25, 1, 12, '', 'RAINBOW TINTED + 4 RUSCUS', ''),
(1038, 'R045', '', NULL, 25, 1, 12, '', 'BLUE', ''),
(1039, 'R038', '', NULL, 25, 1, 12, '', 'LAVANDER', ''),
(1040, 'PPRO24', '<p>8 LAVANDER, 8 PINK 8 LIGHT PINK<br></p>', NULL, 25, 1, 24, '5-6', 'MIX', ''),
(1041, 'INCANTO STEM', '', NULL, 11, 1, 1, '', '', ''),
(1042, 'INCANTO ASSORTED', '', NULL, 11, 1, 1, '', 'MIX', ''),
(1043, 'R046', '', NULL, 25, 1, 24, '', 'RAINBOW TINTED+6 RUSCUS', '');

-- --------------------------------------------------------

--
-- Estructura de tabla para la tabla `product_category`
--

CREATE TABLE `product_category` (
  `product_category_id` int(11) NOT NULL,
  `name` varchar(45) NOT NULL,
  `is_active` int(11) NOT NULL
) ENGINE=InnoDB DEFAULT CHARSET=utf8;

--
-- Volcado de datos para la tabla `product_category`
--

INSERT INTO `product_category` (`product_category_id`, `name`, `is_active`) VALUES
(1, 'ROSAS ', 1),
(2, 'CLAVELES / CARNATIONS ', 1),
(3, 'LISIANTHUS', 1),
(4, 'DELPHINIUM', 1),
(5, 'LIMONIIUM', 1),
(6, 'MOLUCELLA / BELLS OF IRELAND', 1),
(7, 'STOCK', 1),
(8, 'STATICE', 1),
(9, 'SUNFLOWERS', 1),
(10, 'GARDEN ROSES', 1),
(11, 'ROSAS PRESERVADAS', 1),
(12, 'ROSAS TINTURADAS', 1),
(13, 'SNAPDRAGON', 1),
(14, 'PROTEAS', 1),
(15, 'GERBERAS ', 1),
(17, 'SPRAY ROSES', 1),
(19, 'DUSTY MILLER', 1),
(23, 'PETALS BAGS', 1),
(24, 'FILLERS', 1),
(25, 'BOUQUETS', 1),
(26, 'HYPERICUM', 1),
(27, 'ASTER ', 1),
(30, 'CHRYSANTHEMUMS', 1),
(31, 'GYPSOPHILIA', 1),
(32, 'LILIES', 1),
(33, 'CUT KALANCHOE', 1),
(34, 'CALLAS', 1),
(35, 'ALSTROEMERIA', 1),
(36, 'SOLIDAGO', 2),
(37, 'SCABIOSA SCOOP', 1),
(38, 'CRASPEDIA', 1),
(39, 'VERONICE', 1),
(40, 'AGAPANTHUS', 1),
(41, 'LIATRIS', 1),
(42, 'MINI CARNATIONS / MINI CLAVELES', 1),
(43, 'AMMI MAJUS', 1),
(44, 'VERONICAS', 2),
(45, 'GREEN BALL', 1),
(46, 'TRACHELIUM', 1),
(47, 'RICE FLOWER', 1),
(48, 'ACHILLEA', 1),
(49, 'BUPLEURUM', 1),
(50, 'CAMPANULA ', 1),
(51, 'DIANTHUS', 1),
(52, 'ERYNGIUM', 1),
(53, 'GODETIAS', 1),
(54, 'LILIES LA', 1),
(55, 'LYSIMACHIA', 1),
(56, 'RANUNCULUS', 1),
(57, 'ANEMONES', 1),
(58, 'LEUCADENDRON', 2),
(59, 'BQT LISIANTHUS', 1);

-- --------------------------------------------------------

--
-- Estructura de tabla para la tabla `provider`
--

CREATE TABLE `provider` (
  `provider_id` int(11) NOT NULL,
  `name` varchar(256) NOT NULL,
  `tax_id` varchar(256) NOT NULL,
  `email` varchar(256) NOT NULL,
  `phone` varchar(256) NOT NULL,
  `email_seller` varchar(256) NOT NULL,
  `person_payment` varchar(256) NOT NULL,
  `data_banking` text NOT NULL,
  `data_additional` text NOT NULL,
  `seller` varchar(250) NOT NULL,
  `skype_seller` varchar(250) NOT NULL,
  `phone_seller` varchar(128) NOT NULL,
  `address` varchar(512) NOT NULL,
  `skype_payment` varchar(250) NOT NULL,
  `email_payment` varchar(250) NOT NULL,
  `phone_payment` varchar(128) NOT NULL,
  `name_commercial` varchar(128) NOT NULL,
  `is_active` int(11) NOT NULL
) ENGINE=InnoDB DEFAULT CHARSET=utf8;

--
-- Volcado de datos para la tabla `provider`
--

INSERT INTO `provider` (`provider_id`, `name`, `tax_id`, `email`, `phone`, `email_seller`, `person_payment`, `data_banking`, `data_additional`, `seller`, `skype_seller`, `phone_seller`, `address`, `skype_payment`, `email_payment`, `phone_payment`, `name_commercial`, `is_active`) VALUES
(1, 'ANDEANROSES CIA. LTDA.', '1792764653001', 'sales01@andeanroses.com.ec', '2300885', 'sales01@andeanroses.com.ec', 'MIREYA REINA', '<p></p><p><b>Beneficiary:    ANDEANROSES CIA. LTDA.</b></p>\r\n\r\n<p><b>R.U.C.   1792764653001</b></p>\r\n\r\n<p><b>Bank: BANCO PICHINCHA C.A.</b></p>\r\n\r\n<p><b>Bank Address:  Amazonas y Pereira, edifico Banco del\r\nPichincha, Quito- Ecuador</b><b>       </b></p>\r\n\r\n<p><b>Bank Phone:  593 2 2999\r\n999      </b></p>\r\n\r\n<p><b>SWIFT\r\ncode: PICHECEQ</b></p>\r\n\r\n\r\n\r\n\r\n\r\n<br><p></p>', '', 'MIREYA REINA', 'remireya@hotmail.com', '0987632455', 'Calle Jacinto Bejar E5-387 Checa-Ecuador', ' remireya@hotmail.com', 'sales01@andeanroses.com.ec', '0987632455', 'Andean Roses', 0),
(2, 'FLORES DE TUMBABIRO', '1091717626001', 'ventas@floresdetumbabiro.com.ec', '2610198', 'ventas@floresdetumbabiro.com.ec', 'Bladimir Herrera', '', '', 'Bladimir Herrera', 'floresdetumbabiroblady', '0998715356', 'Juan Francisco Leoro 4-24 y Genaro Jaramillo esquina - ibarra - Imbabura', 'floresdetumbabiroblady', 'ventas@floresdetumbabiro.com.ec', '2610198', 'Flores de Tumbabiro S.A Floretum', 0),
(3, 'FLORES VERDES FLORDES S.A', '1791435419001', 'sales3@floresverdes.com', '23612017', 'sales3@floresverdes.com', 'Andrea Romero', '<p>\r\n\r\nFLORES VERDES S.A. \r\nRUC:  1791435419001 \r\n \r\nCUENTA BANCO PICHINCHA \r\nCTA. CTE:  31111831-04 \r\n \r\nSWIFT PICHECEQ\r\n\r\n<br></p>', '', 'Andrea Romero', 'salesfv3', '0997824502', 'Tola, Hacienda Santa Maria, Cayambe, Ecuador', 'salesfv3', 'sales3@floresverdes.com', '23612017', 'Flores Verdes', 0),
(4, 'PLANTACIONES MALIMA CIA. LTDA', '0190131947001', 'sales@malima.com', '59372203120', 'denise@malima.com', 'LADY RODRIGUEZ', '<p>Plantaciones Malima’s Banking Details<br><br><br>Beneficiary Bank: Banco Bolivariano CA<br>Country: Ecuador<br>Address: Junin 200 y Panamá<br>Swift: BBOLECEGXXX<br>Beneficiary’s Bank Account: 4005009655<br> <br>Beneficiary: Plantaciones Malima Cia Ltda.<br>Address: Paute. El Cabo S/N<br><br><br></p>', '', 'Denise Espinosa', 'denise.espino.pm', '59372203120', 'PAUTE EL CABO SECTOR MONJAS HUAICO', 'lady2152', 'lady@malima.com', '59372203120', 'Plantaciones Malima Cia. Ltda', 0),
(5, 'ROCHA TOAPANTA HECTOR MARCELO', '0502503295001', 'hector_marcelor@hotmail.com', '03 2257006', 'hector_marcelor@hotmail.com', 'Hector Rocha', '<p>\r\n\r\nCta Ahorros banco Pichincha  numero 3746787900\r\n\r\n<br></p>', '', 'Hector Rocha', 'Serviflora Hector Rocha', '0984584120', 'Parrouia Poalo Barrio San Rafael sector la playita', 'Hector Rocha Serviflora', 'hector_marcelor@hotmail.com', '0984584120', 'Serviflora', 0),
(6, 'AGROSERVICIOS ANDINOS CAMACHO', '179125699001', 'salesdirector@almaroses.com', '2119069', 'sales3@almaroses.com', 'Juan Pablo Andrade', '<p></p><div><div>AGROSERVICIOS ANDINOS CAMACHO S.A.</div></div><div><div>BANK INFORMATION IN ECUADOR</div></div><div><div>BENEFICIARY: AGROSERVICIOS ANDINOS CAMACHO S.A.</div></div><div><div>BANK: PRODUBANCO</div></div><div><div>ACCOUNT NUMBER: 02005154282</div></div><div><div>SWIFT CODE: PRODECEQ</div></div><div><div>ADDRESS BANK: CENTRO CORPORATIVO EKOPARK, TORRE 1 PRODUBANCO.  AVE SIMON BOLIVAR S/N Y VIA A NAYON, QUITO, ECUADOR</div></div><div><div>ADDRESS COMPANY: VIA TUPIGACHI KM 2 ½, TABACUNDO, ECUADOR</div></div><div><div>TELEPHONE: 022 119 042</div></div><div><div>TAX ID (RUC): 1791256999001</div></div><div><div>INTERMEDIARY BANK INFORMATION</div></div><div><div>Please use only if necessary intermediary bank</div></div><div><div>INTERMEDIARY BANK: WELLS FARGO BANK, N.A.</div></div><div><div>ADDRESS: 4 FLOOR, 11 PENN PLAZA, NEW YORK, NEW YORK, 10038 - EEUU</div></div><div><div>SWIFT CODE:   PNBPUS3N NYC</div></div><div><div>ABA CODE:     026005092</div></div><div><div>BENEFICIARY BANK: PRODUBANCO</div></div><div><div>SWIFT CODE: PRODECEQ</div></div><div><div>ACCOUNT NUMBER: 2000192321006</div></div><div><div>ADDRESS: CENTRO CORPORATIVO EKOPARK, TORRE 1 PRODUBANCO.  AVE SIMON BOLIVAR S/N Y VIA A NAYON, QUITO, ECUADOR</div></div><p></p>', '', 'Juan Pablo Andrade', 'juan@freyaroses.ec', '2119069', 'km 2 1/2 Tupigachi - Tabacundo', 'juan@freyaroses.ec', 'sales3@almaroses.com', '2119069', 'Alma Roses', 0),
(7, 'ROSERO TAQUIRE MIGUEL ANGEL', '1713010260001', 'floreselquijuar@gmail.com', '0991657834', 'anitas136@hotmail.com', 'Miguel Rosero', '<p>\r\n\r\nbanco Pichinche Cta. Corriente N#2100076782\r\na nombre de Miguel Rosero\r\n\r\n<br></p><p><br></p><p><br></p>', '', 'Ana Sanchez', 'Anita136', '0991657834', 'Ascazubi, Barrio San Francisco Calle 4 de Octubre y oriente', 'miguel-8909', 'miguel-8209@hotmail.com', '0991994936', 'Flores el Quijuar', 0),
(8, 'MANUEL LANCHIMBA', '1717637084001', 'blessflower83@gmail.com', '0981326531', 'blessflower83@gmail.com', 'Jessica Lanchimba', '<p>\r\n\r\nNUMERO DE CUENTA 2100092245 BANCO PICHINCHA \r\nCUENTA CORRIENTE \r\nBENEFICIARO MANUEL LANCHIMBA( BLESS FLOWER)\r\n\r\n<br></p>', '', 'Gabriel Lanchimba', 'Bless Flower Gabriel Lanchimba', '0981326531', 'Pichincha, cayambe, parroquia cangahua - calle via Santa Rosa', 'blesscontabilidadjessy', 'blessflower91@gmail.com', '0980107244', 'Bless Flower', 0),
(9, 'FLORES SARAIH', '1791772776001', 'ventas@floressaraih.com', '2042040', 'asistenteventas@floressaraih.com', 'Maria Tereza Montalvo', '<p>\r\n\r\nCUENTA CORRIENTE BANCO PICHINCHA NUMERO 3394511704\r\n\r\n<br></p>', '', 'Miguel Parra', 'floressaraih3@hotmail.com', '20424040', 'Pampite S/N edificio office center', 'floressaraih3@hotmail.com', 'mtmontalvosaraih@gmail.com', '2042040', 'Flores Saraih Cia. Ltda', 0),
(10, 'Xavier Salazar', '1708757701001', 'xaviersalazaralvear@hotmail.com', '2301110', 'Xaviersalazaralvear@hotmail.com', 'Xavier Salazar', '', '', 'Xavier Salazar', 'xaviersalazaralvear@hotmail.com', '0999811001', 'Calle 3 de Mayo S/N y Patahacienda', 'xaviersalazaralvear@hotmail.com', 'xaviersalazaralvear@hotmail.com', '0999811001', 'El Rosal', 1),
(11, 'CHECA SILVA DALIA MARISOL', '1500433444001', 'sales@spring-roses.com', '3931802', 'sales1@spring-roses-com', 'Veronica Barragan', '<p>\r\n\r\nbanco pichincha , cuenta corriente, 3445768204\r\n\r\n<br></p>', '', 'Erika Arcentales', 'springrosesec', '0992520435', 'Av interoceanica y Siena/finca:sector pruhantag, calle 18 de septiembre', 'infoflowers.sales', 'sales@spring-roses.com', '3931802', 'Spring Roses', 0),
(12, 'MILTON PACHECO ', '0501897011001', 'ventas@paramoroses.com', '03 3050787', 'ventas@paramoroses.com', 'Silvia Villalva', '<p>\r\n\r\nBanco Pichincha cta corriente 3142189504, Milton Jose Pacheco Cunuhay\r\n\r\n<br></p>', '', 'Silvia Villalva', 'paramoroses1', '0994685474', 'Parroquia Mulalo km 8 barrio Colcas (San agustin de Callo)', 'Paramoroses1', 'ventas@paramoroses.com', '0994685474', 'Paramo Roses', 0),
(13, 'FLORIFRUT S.A', '1791242807001', 'sales1@artroses.ec', '0979197046', 'sales1@artroses.ec', 'Juan Carlos Chicaiza', '<p>\r\n\r\n</p><div><p><b>WIRE TRANSFER</b><b></b></p><p>Banco Beneficiario (Beneficiary Bank): <b>TERRABANK NA</b></p><p>Dirección (Address) : 3191 Coral Way , Miami, Fl 33145</p><p> Nombre de Beneficiario (Beneficiary):           FLORES Y FRUTAS FLORIFRUT S.A.</p><p> Cuenta Corriente (Checking Account):           1295584106</p><p> ABA: 066012333</p><p>Swift: TBNAUS33</p></div><br>\r\n\r\n<br><p></p>', '<p></p><div><p><br></p></div><p></p>', 'Sergio Ruiz', 'sales1@artroses.ec', '0979197046', 'Tabacundo, Panam. Norte y Vicente Estrella s/n, sector ANGUMBA', 'cartera.florifrut@hotmail.com', 'cobranzas@artroses.ec', '0969060323', 'Florifrut S.A / Art Roses', 0),
(14, 'ROSAS DE MULALO / MULROSAS CIA. LTDA', '1792010209001', 'ventas1@mulrosas.com', '0992437943', 'ventas1@mulrosas.com', 'Belen Jativa', '<p>\r\n\r\nCHEQUE EMITODO A NOMBRE DE  MULROSAS  \r\n\r\n<br></p>', '<p>BANK INFORMATION USA<br>BANK:  BANK OF AMERICA<br>BENEFICIARY: MULROSES  USA INC.<br>NICK NAME: MULROSES<br>ACCT TYPE:  BUSINESS<br>ACCT #:  0022275-01464<br>SWIFT #:  BOFAUS6S (INTERNATIONAL), BOFAUS3N (NATIONAL)<br>ROUTING#:  026009593<br>BANK ADDRESS: USA, 28 Navajo trail, Pomona, CA ,91766<br>ADDREES FARM: Km 1½ Via San Ramon, Cotopaxi, Mulalo<br><br>BANK INFORMATION ECUADOR<br>BENEFICIARY: ROSAS DE MULALO<br>FARM ADDRESS: BARRIO SAN RAMON VIA A SAN AGUSTIN  LATACUNGA COTOPAXI  <br>BANK: PICHINCHA <br>RUC: 1792010209001<br>ACCOUNT NUMBER:  3456276904 <br>SWIFT CODE: PICHECEQ <br>BANK ADDRESS: av 10 de agosto n45-152 y av amazonas  Quito  Pichincha<br></p>', 'Jenny Paulina Verdezoto', 'mulrosas.ventas', '0992437943', 'Mulalo via san ramon', 'ventas2_1074', 'sales2@mulrosas.com', '0987237504', 'Mulrosas - Rosas de Mulalo', 0),
(15, 'FLORICOLA PONTON FOREVERFLOR CIA. LTDA', '1792895049001', 'cristina@foreverflor.net', '271 8380', 'cristina@foreverflor.net', 'CRISTINA ANDRADE BOSSANO', '', '', 'Cristina Andrade Bossano', 'salesdeco@hotmail.com', '0992778689', 'Lasso KM 2 1/2 via a San Agustin', 'salesdeco@hotmail.com', 'cristina@foreverflor.net', '0992778689', 'Floricola Ponton Foreverflor Cia. Ltda', 0),
(16, 'NELSON PINANGO', '1719476184001', 'nelsonpinang1988@hotmail.com', '0939176492', 'nelsonpinang1988@hotmail.com', 'Nelson Pinango / Jose Guachamin', '', '', 'Nelson Pinango', 'dimaroses', '0939176492', 'Tabacundo calle 18 de septiembre y 29 de julio', 'dimaroses', 'nelsonpinang1988@hotmail.com', '0939176492', 'Dima Roses', 0),
(17, 'TOAPANTA ALANUCA JUAN GABRIEL', '1720506532001', 'andyflowersfinca@gmail.com', '2300869', 'andyflowersventas@gmail.com', 'Mery Quilumba', '<p></p><div><div>Banco : PRODUBANCO</div></div><div><div>Cta. corriente No. 02661003074</div></div><div><div>A nombre de:TOAPANTA ALANUCA JUAN GABRIEL /</div></div>C.I. 1720506532<div><div>A continuación detallo los datos de mi banco para transferencia del exterior</div></div><div><div>BANCO BENEFICIARIO</div></div>PRODUBANCO<div><div>AV. Centro Corporativo Ekopark, Torre 1 Produbanco. Ave Simón Bolívar S/N y Vía Nayón</div></div><div><div>Código swift: P R O D E C E Q</div></div>Quito - Ecuador<div><div>BENEFICIARIO FINAL</div></div><div><div>Nombre: ...................</div></div><div><div>Cuenta: ...................</div></div><div><div>Dirección: ………………………</div></div><div><div>Teléfono: ...................</div></div><div><div>BANCO CORRESPONSAL O INTERMEDIARIO</div></div><div><div>WELLS FARGO BANK, N.A.</div></div><div><div>FLOOR 4: 11, PENN PLAZA</div></div>10038 NEW YORK<div><div>Código swift: P N B P U S 3 N N Y C</div></div><div><div>Código ABA: 0 2 6 0 0 5 0 9 2</div></div><div><div># De Cuenta de PRODUBANCO en WELLS FARGO BANK N.A.: 2000192321006</div></div>\r\n\r\n<br><p></p>', '', 'Mery Quilumba', 'andyflowersfinca', '0991992106', 'Alberto Osorio S2-67 y Anturruco', 'andyflowersfinca', 'andyflowersventas@gmail.com', '0991992106', 'Andyflowers', 0),
(18, 'OLIMPO FLOWERS CIA LTDA', '1792031532001', 'sales@olimpoflowers.com', '023610935', 'sales@olimpoflowers.com', 'Daysi  Andrango', '<p>\r\n\r\nBeneficiary: OLIMPO FLOWERS CIA.LTDA.\r\nBeneficiary Address: GUACHALA S/N VIA CANGAHUA CAYAMBE -  ECUADOR\r\nRUC 1792031532001\r\nPhone Beneficiary: 23610954\r\nZip Code  EC170202\r\n \r\nBeneficiary Institution: BANCO DEL PICHINCHA C.A.\r\nBank Address: BOLIVAR OE1-15  Y  ASCAZUBI  ESQUINA        CAYAMBE - ECUADOR\r\nAccount: 3351808704\r\nCode  SWIFT:  PICHECEQ\r\nPhone Bank: 22360918\r\n\r\n<br></p>', '', 'Victoria Fernandez', 'ventas3__97', '0999800430', 'Cayambe, parroquia: Cangahua: Calle: Guachala S/N ', 'coordinacion_258', 'sales.logistics@olimpoflowers.com', '023610935', 'Olimpo Flowers', 0),
(19, 'IPEP CORPORACION S.A ', '1792261031001', 'gerencia@akarana.net', '0981357002', 'ventas@akarana.net', 'Carine Paez', '', '', 'carine Paez', 'salesakarana.farms', '0981357002', 'La Esperanza Barrio El Rosario Km 41 a una cuadra de la iglesia del barrio el rosario', 'salesakarana.farms', 'administracion@akarana.net', '0981357002', 'Akarana Farms', 0),
(20, 'ASPROPAFLO', '1792601592001', 'aspropaflo@hotmail.com', '022112269', 'aspropaflo@hotmail.com', 'Marco Sanchez', '<p>\r\n\r\nB. Pichincha- CUENTA: 2100119720\r\n\r\n<br></p>', '', 'Jhonny Mantilla', 'Pacha Flowers', '0992880675', 'La esperanza - Tabacundo', 'Pacha Flowers', 'aspropaflo@hotmail.com', '0990492345', 'Aspropaflo', 0),
(21, 'Ecuatorian Flower Grunko Cia Ltda', '1791260570001', 'salesmgr@ecuatorianflower.com', '2365850', 'lucy@ecuatorianflower.com', 'Lucia Garzon', '<p>\r\n\r\n</p><p>Bank Name: HELM BANK USA<br></p><p>Bank Address: 999 Brickell Avenue , Miami Florida 33131, U.S.A.</p><p>\r\n\r\n</p><p>ACCOUNT NUMBER: 1040132461</p><p>ABA NUMBER: 067011456</p><p>SWIFT CODE: HELMUS31</p><p>BENEFICIARY: ECUATORIAN FLOWER GRUNKO CIA. LTDA.<br></p><p></p><p>\r\n\r\nCompany address : Pasaje E #27 y Edmundo Carvajal / Quito-Ecuador\r\n\r\n<br></p><p><br></p>\r\n\r\n<br><p></p>', '', 'Lucia Garzon', 'lucy.garzonteran', '2365850', 'tabacundo km 21/2 via a cajas', 'lucy.garzonteran', 'lucy@ecuatorianflower.com', '0986289723', 'Ecuatorian Flower', 1),
(22, 'LUIS GUIDO TUQUERRES CHANCOSI', '1720739406001', 'ventas211976@hotmail.com', '0995040207', 'ventas211976@hotmail.com', 'Julio Fuertes', '<p>\r\n\r\nNUMERO DE CUENTA: 2100138409   LUIS GUIDO TUQUERRES CHANCOSI\r\nBANCO DEL PICHINCHA\r\n\r\n<br></p>', '', 'Julio Fuertes / Jessy Guaña', 'ventas211976@hotmail.com', '0995040207', 'Ayora a dos cuadras del estadio Santo Domingo #2 Cayambe - Ecuador', 'ventas211976@hotmail.com', 'ventas211976@hotmail.com', '0995040207', 'Cuna de Rosas del Cayambe', 0),
(23, 'IMPERIAL FLOWERS', '1792869846001', 'ventasimperialflowers@hotmail.com', '2365478', 'ventasimperialflowers@hotmail.com', 'Francisco Salazar/ Anders Aimara', '<p>\r\n\r\n</p><p>BANCO BENEFICIARIO:   <b>BANCO DEL PICHINCHA</b><br></p><p>CODIGO SWIFT:   <b>P I C H E C E Q</b><br></p><p>Nombre:  <b>IMPERIAL FLOWERS                        </b><br></p><p>Cuenta Corriente: <b>2100177018</b></p><p><br></p><p></p>', '', 'Graciela Navarrete', 'gracynavarrete', '0993655053', 'Guallaro Chico, Calle Quito /N', 'gracynavarrete', 'ventasimperialflowers@hotmail.com', '0992757018', 'Imperial Flowers', 1),
(24, 'ESPIROSAL CIA LTDA', '0591715003001', 'comercial@espirosal.ec', '2366001', 'ventasespirosal@hotmail.com', 'Carolina Trujillo', '<p>\r\n\r\nBANCO PICHINCHA CTA CORRIENTE 3411832204 ESPIROSAL CIA LTDA\r\n\r\n<br>\r\n\r\nWELLSFARGO CTA CORRIENTE #8470417281 CARLOS LUIS ESPINOSA\r\n\r\n<br></p>', '', 'Carolina Trujillo', 'carolina_trujillo9', '2537595', 'pacifico poraño s/n y panamericana norte, tabacundo', 'carolina_trujillo9', 'ventasespirosal@hotmail.com', '0984069690', 'Espirosal Cia Ltda', 0),
(25, 'NUÑEZ MARIA CLEOFE', '0200409043001', 'mara_jcm@yahoo.com', '2365854/0987363047', 'mara_jcm@yahoo.com', 'Cesar Jacome', '', '', 'Maria Jacome', 'marajcm', '0987363047', 'Pichincha, Pedro Moncayo, Parroquia Tabacundo, Barrio Guallaro Chico, Calle Quito #35 a cinco cuadras del destacamento de la Policía', 'marajcm', 'mara_jcm@yahoo.com', '0983506820', 'Las Marias', 0),
(26, 'NEVADO ECUADOR', '1791312937001', 'tannia@nevadoroses.com', '+59332276100', 'Tannia@nevadoroses.com', 'Alejandra Quevedo', '<p>\r\n\r\n</p><div><div><div><div>NEVADO ECUADOR NEVAECUADOR S.A. Banco del Pichincha cta cte 32660793-04</div></div></div></div><div><div><div><div><div><br>\r\n\r\n</div></div></div></div></div><br><p></p>', '<p>BANK:                                  PICHINCHA ECUADOR AGENCY<br>BENEFICIARY:       NEVADO ECUADOR NEVAECAUDOR S.A.<br>BANK ACCOUNT NUMBER:      32660793-04<br>SWIFT:                                  PICHECEQ<br>BANK ADDRESS:       Calle Quito y Padre Salcedo frente al Parque Vicente Leon <br>                                             Latacunga - ECUADOR<br><br>COMPANY ADDRESS:   YAMBO KM.31/2 VIA MULALILLO SALCEDO-ECUADOR<br>TEL:                                      032276-100/300/222/333<br>FAX:                                      032260-200<br>MAIL:                                   receivables@nevadoroses.com<br>VAT NUMBER:                  1791312937001<br></p>', 'Tannia Vargas', 'tania.nevadoroses', '0998301968', 'Panamericana Norte Km 3 Salcedo', 'alejo_dg', 'receivables@nevadoroses.com', '0999032888', 'Nevado Roses', 0),
(27, 'MAYORGA CEVALLOS LUIS FELIPE', '0502441363001', 'springvogueroses.ventas@outlook.com', '032234285', 'springvogueroses.vemtas@outlook.com', 'Carolina Trujillo', '<p>\r\n\r\n</p><p>BANCO DEL PICHINCHA<br></p><p>CUENTA CORRIENTE:  2100180072</p><p>NOMBRE:  Luis Felipe Mayorga Cevallos</p><p><b></b>CODIGO/SWIFF:   PICHECEQ<b></b><br></p><p><br></p>\r\n\r\n<br><p></p>', '', 'Jose Antonio Guevera Vasconez', 'springvogueroses.ventas@outlook.com', '0998542838', 'Rio Cutuchi 4-27 y Rio Guayas', 'carolina_trujillo9', 'springvogueroses.ventas@outlook.com', '0984069690', 'Spring Vogue Roses', 0),
(28, 'FLOREQUISA', '17906853114001', 'javier.yepez@florequisa.com', '2361061', 'comercioext9@florequisa.com', 'Berenice Vera', '<p>\r\n\r\n</p><div><div><div><div>BANCO PICHINCHA  CUENTA 30302088-04</div></div></div></div><div><div><div><div><div><br>\r\n\r\n</div></div></div></div></div><br><p></p>', '<p>\r\n\r\n</p><div><div><div><div><div><div>LA FINCA NO ASUME COSTO QUE SE GENEREN POR TRANSFERENCIAS</div></div></div></div></div></div><br>\r\n\r\n<br><p></p>', 'Berenice Vera', 'verito89v', '23610597', 'panamericana norte km 34 oton', 'verito89v', 'comercioext9@florequisa.com', '23610597', 'Flores Equinocciales S.A', 0),
(29, 'CACHIPUENDO CUALCHI LUIS ORLANDO', '1714088711001', 'orlamdy78@hotmail.com', '0991343750', 'orlamdy78@hotmail.com', 'Mario Pila', '<p>\r\n\r\n</p><div><div><div><div>Banco Pichincha  Cuenta Corriente 3278304104 Maria Pila </div></div></div></div><div><div><div><div><div><br>\r\n\r\n</div></div></div></div></div>\r\n\r\n<div><div><div><div><div><div>Produbanco  Cuenta Ahorros 12742007486  Orlando Cachipuendo </div></div></div></div></div></div><br>\r\n\r\n<br><p></p>', '', 'Fernanda Cachipuendo', 'Joyfer Rosses_78', '0998068148', 'Tabacundo Barrio la ', 'Joyfer Roses_78', 'orlamdy78@hotmail.com', '0991343750', 'Joyfer Roses', 0),
(31, 'a', '', '', '', '', '', '', '', '', '', '', '', '', '', '', 'a', 1),
(32, 'EFANDINA S.A.', '1791399137001', 'betty@efandina.com - ventas1@efandina.com', '032718187', 'ventas1@efandina.com', 'Teo Galarza', '', '', 'Betty Maria Torres Bermeo', 'Sales - EFANDINA', '0996697329', 'Panamericana Norte Km 21, detrás de la Hostería la Ciénega', 'Coordinacion Efandina', 'coordinacionefandina@outlook.com', '032718187 ', 'Efandina S.A', 0),
(33, 'FLORICOLA KILLUYURAK S.A.', '1792527198001', 'sales@alparoses.com', '0987296551', 'sales1@alparoses.com', 'LIDA HERNANDEZ', '<p>\r\n\r\nNAME OF BANK:  BANCO PICHINCHA\r\nACCOUNT NUMER (CHECKING ACCOUNT): 2100141599\r\nSWIFT CODE: PICHECEQ109\r\nADDRESS BANK: AVE. AMAZONAS N35-211 Y JAPON\r\nCITY BANK: QUITO \r\nCOUNTRY BANK: ECUADOR \r\nPHONE BANK: +593-2-2999000\r\n\r\n<br></p>', '', 'CARMEN ELENA VINUEZA', 'helenvcalparoses', '0987296551', 'CONOCOTO KM 5 1/2 VIA AMAGUANA SECTOR MIRANDA ALTA ', 'sales_182', 'sales@alparoses.com', '0998409227', 'Alpa Roses', 0),
(34, 'VITERI CHECA PABLO ADRIAN', '1701783407001', 'comercializacion@pacificbouquets.com.ec', '022150046', 'comercializacion@pacificbouquets.com.ec', 'Laura Carrera', '<p>\r\n\r\n</p><div><div><div><div>Banco Pichincha   CTA CTE  3281719804</div></div></div></div><div><div><div><div><div><br>\r\n\r\n</div></div></div></div></div><br><p></p>', '<p>\r\n\r\n</p><div><div><div><div><div><div>TRABAJAMOS COMO PERSONA NATURAL OBLIGADA A LLEVAR CONTABILIDAD </div></div></div></div></div></div><br>\r\n\r\n<br><p></p>', 'Juan Pablo Ortiz', 'pacific_bouquets', '0984167788', 'JOSE F CACARIN E2-19 Y NICOLAS PAILLACHO ', '', 'administracion@pacificbouquets.com.ec', '022150046', 'Pacific Bouquet', 0),
(35, 'FLORAROMA S.A', '1792060699001', 'sales@floraroma.com.ec', '2492284', 'sales1@floraroma.com.ec', 'Amanda Lopez ', '<p>\r\n\r\nBANK INFORMATION \r\nBank Name:  BANCO PICHINCHA\r\nBank Address:  Amazonas Av. 45-60 Pereira St.\r\nLocatization: Quito-Ecuador\r\nSwift Code: PICHECEQ\r\nBeneficiary:  FLORAROMA S.A.\r\nChecking Account:  3346594804\r\nFEI No. 1792060699001\r\nFarm Address: El Sigsal District, Km ½ road Tabacundo\r\n\r\n<br></p>', '', 'Amanda Lopez', 'sales_35603', '0992246788', 'Cayambe via a tabacundo km 1 y 1/2 sector sigsal bajo ', 'sales_35603', 'sales1@floraroma.com.ec', '0992246788', 'Floraroma S.A', 0),
(36, 'GERMANICO ALVEAR', '1705661773001', 'ranchobellavista@gmail.com', '032721879', 'sandra@ranchobellavista.ec', 'Sandra Coronel', '<p>\r\n\r\n</p><div><div><div><div>Banco Pichincha cc 3511842104 a nombre de Germanico Alvear</div></div></div></div><div><div><div><div><div><br>\r\n\r\n</div></div></div></div></div><br><p></p>', '', 'Sandra Coronel', 'rancho.bellavista', '0999750694', 'Chantilin chico/ poalo/latacunga', 'rancho.bellavista', 'sandra@ranchobellavista.ec', '0999750694', 'Rancho Bellavista', 0),
(37, 'IMPERIAL FLOWERS', '1792869846001', 'ventasimperialflowers@hotmail.com', '+593 22365778', 'ventasimperialflowers@hotmail.com', 'Andres Aimara', '<p>\r\n\r\nBANCO BENEFICIARIO:   BANCO DEL PICHINCHA\r\nDIRECCION: Ave. Amazonas N45-45 y Pereira\r\nCODIGO SWIFT:   P I C H E C E Q\r\nQUITO \r\nBENEFICIARIO FINAL\r\nRUC: 1792869846001\r\nNombre:  IMPERIAL FLOWERS \r\nCuenta Corriente: 2100177018\r\nDirección:  Guallaro Chico, Calle Quito s/n\r\nTeléfono: +(593) 2-365-477 / +(593) 2-365-478\r\nPEDRO MONCAYO \r\n\r\n<br></p>', '', 'Graciela Navarrete', 'gracynavarrete', '+593993655053', 'Guallaro Chico, Calle Quito s/n', 'gracynavarrete', 'imperialflowersec@hotmail.com', '+593984080736', 'Imperial Flowers', 0),
(38, 'INROSES S.A.', '0992337222001', 'salesm@inroses.com', '023480026', 'salesm@inroses.com', 'Alexander Arce', '<p>\r\n\r\nBanco de Pichincha \r\nCuenta Corriente\r\n# 2100100804\r\nInroses S.A.\r\nRuc 0992337222001\r\nsales@inroses.com\r\n<br>Produbanco\r\nCuenta Corriente\r\n# 02005160010\r\nInroses S.A.\r\nRuc 0992337222001\r\nsales@inroses.com\r\n\r\n<br></p>', '', 'Alexander Arce', 'salesmanager@inroses.com', '0997327631', 'Cayambe, barrio cruz loma Calle independencia S/N', 'salesmanager@inroses.com', 'salesm@inroses.com', '0997327631', 'Inroses S.A.', 0),
(39, 'XAVIER SALAZAR', '', '1708757701001', '2301110', 'xaviersalazaralvear@hotmai.com', 'Xavier Salazar', '', '', 'Xavier Salazar', 'xaviersalazaralvear@hotmail.com', '0999811001', 'Calle 3 de Mayo S/N y Patahacienda', 'xaviersalazaralvear@hotmail.com', 'xaviersalazaralvear@hotmail.com', '0999811001', 'El Rosal', 0),
(40, 'FLORECAL S.A', '1791155521001', 'salesmanager@florecal.com', '2360143', 'sales6@florecal.com', 'Paulina Arroyo', '<p></p><p><b>INSTRUCTIONS FOR</b><b> CHECKS</b><b></b></p>\r\n\r\n<p><b> </b></p>\r\n\r\n<p><b>Terrabank NA</b></p>\r\n\r\n<p><b>Attn: Operations Department</b></p>\r\n\r\n<p><b>P.O. Box 14060</b></p>\r\n\r\n<p><b>Coral Gables</b></p>\r\n\r\n<p><b>FL 33114-0460</b></p>\r\n\r\n<p><b>USA</b></p>\r\n\r\n<p>2. THE CHECK MUST BE ISSUED\r\nTO:</p>\r\n\r\n<p><b>ALIANZA CORP. </b>(account\r\n# 1293558106)</p>\r\n\r\n<p><b> </b></p>\r\n\r\n<p><b> </b></p>\r\n\r\n<p><b>INSTRUCTIONS FOR WIRE TRANSFERS</b></p>\r\n\r\n<p><b>TERRABANK</b></p>\r\n\r\n<p> </p>\r\n\r\n<p><b> </b></p>\r\n\r\n<p><b>BENEFICIARY BANK: </b>TERRABANK,\r\nN.A.</p>\r\n\r\n<p><b>ACCOUNT NUMBER</b>:\r\n1293558106</p>\r\n\r\n<p><b>ABA/ROUTING: </b>066012333</p>\r\n\r\n<p><b>BANK ADDRESS: </b>3191\r\nCoral Way</p>\r\n\r\n<p>Miami</p>\r\n\r\n<p>Florida 33145</p>\r\n\r\n<p>USA</p>\r\n\r\n<p><b>BENEFICIARY NAME: </b>ALIANZA\r\nCORP.</p>\r\n\r\n<p><b>BENEFICIARY ADDRESS: </b>156\r\nAlmeria Ave., Suite 201</p>\r\n\r\n<p>Miami</p>\r\n\r\n<p>Florida 33134</p>\r\n\r\n<p>USA<b></b></p>\r\n\r\n<p><b> </b></p>\r\n\r\n<p><b>PRODUBANCO</b></p>\r\n\r\n<p><b> </b></p>\r\n\r\n<p><b>BANK: </b>PRODUBANCO</p>\r\n\r\n<p><b>ACCOUNT NUMBER</b>: 02005016785</p>\r\n\r\n<p><b>SWIFT: </b>PRODECEQ</p>\r\n\r\n<p><b>BANK ADDRESS: </b>JAPON Y AMAZONAS,\r\nQUITO, ECUADOR</p>\r\n\r\n<p><b>BENEFICIARY: </b>FLORECAL S.A.</p>\r\n\r\n\r\n\r\n\r\n\r\n<br><p></p>', '', 'Cristina Teran', 'sales6.florecal', '0984645115', 'Panamericana Norte Km 2 1/2 Hcda San Francisco', 'receivables_61', 'receivables@florecal.com', '0983509746', 'Florecal S.A', 0),
(41, 'AAASACORPORATION S.A', '1791358643001', 'ventas3@aaaltarosa.com', '3614133', 'ventas3@aaaltarosa.com', 'ANA BOLAÑOS', '', '', 'CAROLINA ESPINEL', 'ventas.jaapflowers', '3614133', 'tupigachi s/n', 'NO TIENE', 'anabolanos@aaaltarosa.com', '3614133', 'AAASACORPORATION', 0),
(42, 'ECUATORIAN FLOWER GRUNKO Cia Ltda', '1791260570001', 'salesmgr@ecuatorianflower.com', '2365850', 'lucy@ecuatorianflower.com', 'Lucia Garzon ', '', '', 'Lucia Garzon', 'lucy.garzonteran', '2365850', 'Tabacundo Km 2½ via a Cajas ', 'lucy.garzonteran', 'lucy@ecuatorianflower.com', '0986289723', 'Ecuatorian Flower', 0),
(43, 'CERESFARMS CIA. LTDA.', '1791972112001', '', '2363147', 'sales8@ceresfarms.com', 'MARIA DOLORES PAREDES', '', '', 'MARIA DOLORES PAREDES', 'doloresdoloritaslola', '', 'Tabacundo, panam. norte km 6 cananvalle', 'doloresdoloritaslola', 'sales8@ceresfarms.com', '', 'Ceres Farms', 0),
(44, 'FLORALSTAR CID. LTDA', '1792427797001', '', '2127205', '', '', '', '', 'Paola Padilla', '', '2127205', 'Juan Montal S/N y Loma Larga', '', '', '', 'Floralstar', 0),
(45, 'HACIENDA SANTA FE CIA. LTDA.', '1791740637001', '', '', '', '', '', '', 'Carla Mora', 'flowerlandfarms', '593991075777', 'Av. Interoceanica km 2 1/2 sigsipamba', '', '', '', 'Hacienda Santa Fe / Flowerland Farms', 0),
(46, '', '', '', '', '', '', '', '', '', '', '', '', '', '', '', 'Florpaxi', 1),
(47, '', '', '', '', '', '', '', '', '', '', '', '', '', '', '', 'Florpaxi / Agrivaldani', 1),
(48, 'RICHARD NICANOR JARRIN JATIVA', '1710585462001', '', '2119141', '', '', '', '', 'Fernanda ()', 'sales1.ventasjarrinroses', '+593983084519', 'Panamerica Norte KM 1 1/2 comuna La libertad', '', '', '', 'JARRIN ROSES', 0),
(49, '', '', '', '', '', '', '', '', 'Angel', '', '', '', '', '', '', 'Merc Rosas', 1),
(50, 'MERINOROSES CIA. LTDA.', '1791739442001', 'sales1@inspiraterra.ec', '0997276892', 'sales4@inspiraterra.ec', 'Rosario Cunalata', '', '', 'Adriana Guachamín', 'merinorosesventas', '0990237937', 'Guachala-Cayambe  Vía a Cuniburo', 'rosariocunalata', 'payments@inspiraterra.ec', '0994177445', 'Merinoroses', 0),
(51, '', '', '', '', '', '', '', '', '', '', '', '', '', '', '', 'Nicolas Flower', 1),
(52, 'NUÑES MARIA CLEOFE', '0200409043001', 'mara_jcm@yahoo.com', '0987363047', '', 'MARIA AGUSTA  JACOME', '', '', '', '', '', 'PEDRO MONCAYO Y GUALLARO CHICO ', 'marajcm', 'mara_jcm@yahoo.com', '0987363047', 'LAS MARIAS', 1),
(53, 'PONCE MALDONADO PEDRO', '1702895572001', 'campolarioja@gmail.com', '0959636326', 'campolarioja@gmail.com', '', '', '', 'ALICIA', 'aliss-2212', '0959636326', 'Barrio San Vicente Saquisili Poalo.', '', '', '', 'La Rioja ', 0),
(54, 'SFARMBLISSROSE S.A.', '1792538394001', 'asistente.ventas@albraroses.com', '593 3610593', 'sales2.albraroses@gmail.com', 'Alejandra ', '<p>\r\n\r\nBank:     BANCO PICHINCHA  Account number:   2100097866  Name:      FARMBLISSROSE S.A.                                                                            Swift:      PICHECEQ                                                                     Ruc:      1792538394001 \r\n\r\n<br></p>', '', 'Elena Lopez', 'sales2.albraroses@gmail.com', '0988297381', 'TUPIGACHI MONACO SN Y SECUNDARIA / TABACUNDO-PEDRO MONCAYO- ECUADOR', 'coordinacion2albraroses', 'asistente.ventas@albraroses.com', '5933610593', 'Albra Roses', 0),
(55, 'LEAL FLOWERS S.A.', '1792473403001', 'lealflowersec@gmail.com', '0983269074', 'lealflowersec@gmail.com', 'Eliza Chicaiza', '<p>BANCO PICHINCHA<br><br>BENEFICIARIO          LEAL FLOWERS/ LEAL PAVE<br><br>CUENTA  CORRIENTE  NUMERO  2100057095<br><br>RUC   1792473403001   <br><br>DIRECCCION BANCO   AMAZONAS N 45-45 Y  PEREIRA<br><br>CODIGO SWIFT   PICHECEQ<br><br>TELEFONO     992223376<br><br>CORREO  lealflowersec@gmail.com<br></p>', '', 'Gioconda Campoverde', 'lealflowersec@gmail.com', '0983269074', 'via alaquez Barrio Laigua junto al Tenis Club latacunga', 'elizachicaiza', 'lealflowersec@gmail.com', '0989079920', 'Leal Flowers', 0),
(56, 'FLORES DREAMS CIA LTDA', '1791961323001', 'facturacion.floresdreams@hotmail.com', '3610296', 'facturacion.floresdreams@hotmail.com', 'SARA GALARZA', '<p>\r\n\r\n</p><div><div><div><div>3213811604</div></div></div></div>\r\n\r\n<div><div><div><div><div><div>BANCO PICHINCHA CA</div></div></div></div></div></div><p></p>', '', 'SARA GALARZA', 'facturacion.floresdreams@hotmail.com', '0991954312', 'Parroquia Checa, barrio Selva Alegre, Manuel Duque s/n y Manuel Fonseca', 'facturacion.floresdreams', 'facturacion.floresdreams@hotmail.com', '0991954312', 'Flores Dreams CIA. LTDA', 0),
(57, 'TAIPE UNAUCHO ROSA MARIA', '0503557779001', 'summer-garden@hotmail.com', '(593) 272 2338', 'summer-garden@hotmail.com', 'JAIME MARCELO ALMACHI CHUQUILLA', '<p>\r\n\r\n</p><div><div><div><div>CUENTA: AHORROS  BENEFICIARIOS: ROSA MARIA TAIPE BANCO: PICHINCHA : NUMERO DE CUENTA :2203680170 CEDULA :050355777-9</div></div></div></div><div><div><div><div><div><br>\r\n\r\n</div></div></div></div></div><br><p></p>', '', 'ALEX CUYACHAMIN', 'S/N', '0994186217', 'Provincia: COTOPAXI  Cantón: LATACUNGA Parroquia: POALO Calle: PRINCIPAL Numero: S/N  Referencia: BARRIO SAN VICENTE DE POALO ,A CINCO METROS DE LA IGLECIA ', 'S/N', '', '0998739071', 'SUMMER GARDEN', 0),
(58, 'LOMA FLOWERS', '0503238826001', 'alexloma17@hotmail.com', '2297192', 'alexloma17@hotmail.com', 'LOMA CHILUISA ALEX DAVID', '<p>\r\n\r\n</p><div><div><div><div>Banco Pichincha cuenta corriente 2200671171</div></div></div></div><div><div><div><div><div><br>\r\n\r\n</div></div></div></div></div><br><p></p>', '', 'LOMA CHILUISA ALEX DAVID', 'alexloma17@hotmail.com', '0995320441', 'Parroquia San Buenaventura Barrio Centro San Alfonso s/n y San Isidro', 'alexloma17@hotmail.com', 'alexloma17@hotmail.com', '0995320441', 'Loma Flowers', 0),
(59, 'GIRON FLOWERS', '1710901214001', 'facturacion.gironflowers@gmil.com', '+59322119035', 'washingtonp.sales@hotmail.com', 'Sandy Berrones', '<p>\r\n\r\n</p><div><p>CUENTA\r\nDE AHORROS N° 1</p>\r\n\r\n<p>4394496100</p>\r\n\r\n<p>BANCO\r\nDEL PICHINCHA</p>\r\n\r\n<p>A\r\nNOMBRE DE MIGUEL ANGEL ULCUANGO CUALCHI.</p>\r\n\r\n<p>CUENTA\r\nDE AHORROS N° 2</p>\r\n\r\n<p>12742035651</p>\r\n\r\n<p>PRODUBANCO</p>\r\n\r\n<p>A NOMBRE DE MIGUEL ANGEL ULCUANGO CUALCHI.</p>\r\n\r\n<p> <b>Persona\r\nde contacto</b></p>\r\n\r\n<p>SANDY\r\nBERRONES</p>\r\n\r\n<p> <b>Skype.</b></p>\r\n\r\n<p><b>GIRON FLOWERS SANDY BERRONES.</b></p>\r\n\r\n<p><b>Móvil y fijo</b></p>\r\n\r\n<p>+593983240261\r\n-022119-035</p>\r\n\r\n<p> <b>Dirección</b></p>\r\n\r\n<p>PARROQUIA\r\nTUPIGACHI, BARRIO GRANOBLES, CASA 10015</p>\r\n\r\n<p><b> Cuidad"</b></p>\r\n\r\n<p>TABACUNDO\r\n–ECUADOR</p>\r\n\r\n\r\n\r\n\r\n\r\n</div><p></p>', '', 'Washington Pozo', 'washingtonp.sales@hotmail.com', '+593958773227', 'PARROQUIA TUPIGACHI, BARRIO GRANOBLES, CASA 10015', '1e26b91272095610', 'facturacion.gironflowers@gmail.com', '+593983240261', 'GIRON FLOWERS', 0),
(60, 'SOCIEDAD LA CLEMENTINA', '1792125731001', 'ectato@andinanet.net', '2369615', 'edugabyg@gmail.com', 'EDUARDO CALOHARRANO', '', '<p>La Finca solo produce Delphinium Sea Walts, la variedad Volkerfrieden, solo se usa para la factura de los clientes MIA FLORA y FIORE RAMS </p>', 'EDUARDO CALOHARRANO', 'ectato', '', 'Pichincha, Pedro Moncayo ', 'ectato', 'ectato@andinanet.net', '0996325761', 'La Clementina', 0),
(61, 'ASPROPAFLO', '', '', '', '', '', '', '', '', '', '', '', '', '', '', 'Aspropaflo', 1),
(62, 'GREEN STAR', '', '', '', '', '', '', '', '', '', '', '', '', '', '', 'Green Star', 1),
(63, 'CLARIVEL', '', '', '', '', '', '<p>FLORISOL</p>', '', '', '', '', '', '', '', '', 'Clarivel', 1),
(64, 'FLORISOL', '', '', '', '', '', '', '', '', '', '', '', '', '', '', 'Florisol', 1),
(65, 'PIAVERI', '', '', '', '', '', '<p>Florisol</p>', '', '', '', '', '', '', '', '', 'JARDINES PIAVERI', 1),
(66, 'ECOROSES SA', '1791314867001', 'sales@ecoroses.com.ec', '593 2 3960300', 'sales3@ecoroses.com.ec', 'Pamela Salgado', '<p>\r\n\r\nBENEFICIARY BANK \r\nPRODUBANCO\r\nAV. AMAZONAS N35-211 Y JAPON\r\nCódigo swift:   P R O D E C E Q\r\nQuito - Ecuador\r\n\r\n<br></p>', '', 'Pamela Salgado ', 'live:sales3ecoroses', '593984331685', 'Hacienda La Bolivia camino a Umbría, Machachi, Ecuador ', 'live:sales3ecoroses', 'sales3@ecoroses.com.ec', '59323960302', 'ECOROSES', 0),
(67, 'PROTEAS DEL SOL ANDINO INC', '1791987586001', 'sales@proteassolandino.ec', '2366642', 'mvalencia@proteassolandino.ec', 'MIREYA VALENCIA', '<p>Beneficiario: SOLANDINOTECH CIA.LTDA<br>NUMERO DE CUENTA: 8406071200<br>BANCO: BANCO GENERAL RUMIÑAHUI<br>DIRECCIÓN: AVENIDA LA PRENSA 170104<br>SWIFT: BGRMECEQ</p><p><br>BANCO INTERMEDIARIO: CITYBANK NY<br>NUMERO DE CUENTA :36018691<br>DIRECCIÓN: 111 WALL STRET NY 10043<br>SWIFT: CITIUS33<br>ABA: 021000089</p><p><br>BENEFICIARIO: PROTEAS SOL ANDINO<br>NUMERO DE CUENTA: 001-01-061117-2<br>TIPO DE CUENTA: AHORROS <br>BANCO BENEFICIARIO: COOPERATIVA DE AHORRO Y CREDITO 23 DE JULIO <br>DIRECCIÓN: CALLE SUCRE E-132 CAYAMBE - ECUADOR </p>', '', 'MIREYA VALENCIA', 'hwinie@hotmail.com', '0986103984', 'PANAMERICANA NORTE KM 28 S/N', 'hwinie@hotmail.com', 'mvalencia@proteassolandino.ec', '0986103984', 'PROTEAS DEL SOL ', 0),
(68, 'AGRICOLA NATURA PRIDE NATUPRI S.A.', '', 'sales@camptec.ec', '0985320269', 'sales@camptec.ec', 'JANETT ALMENDARIZ', '', '', 'LUCY GRIJALVA ', 'lucy.camptec', '0985320269', 'BELGICA E9-15 Y SHYRIS', 'janettt1970', 'coordinacion@naturapride.net', '0981935881', 'AGRÍCOLA NATURA PRIDE NATUPRI S.A.', 0),
(69, 'NATURAL FLOWERS AND PRODUCTS CIA LTDA', '0591724282001', 'vivilo73@hotmail.com', '0979116085', 'vivilo73@hotmail.com', 'VIVIANA LOPEZ', '<p>BENEFICIARIO: NATURAL FLOWERS CIA LTDA<br>BANCO: PICHINCHA <br>CUENTA: CORRIENTE<br>NUMERO DE CUENTA: 2100040987<br><br></p>', '', 'VIVIANA LOPEZ', 'vivilo73@hotmail.com', '0979116085', 'SAN ANTONIO DE ALAQUEZ', 'vivilo73@hotmail.com', 'vivilo73@hotmail.com', '0979116085', 'NATURAL FLOWERS AND PRODUCTS CIA LTDA', 0),
(70, 'SKYROSES CIA. LTDA.', '0591753606001', 'vivilo73@hotmail.com', '0979116085', 'vivilo73@hotmail.com', 'VIVIANA LOPEZ', '<p>BENEFICIARIO: CRISTIAN ROBERTO BARBOSA VARGAS<br>BANCO: PICHINCHA<br>CUENTA: CORRIENTE<br>NUMERO DE CUENTA: 2100195225<br>CÉDULA: 0502389620</p>', '', 'VIVIANA LOPEZ', 'vivilo73@hotmail.com', '0979116085', 'PARROQUIA TANICUCHI, SECTOR PACHOSALA PRINCIPAL S/N', 'vivilo73@hotmail.com', 'vivilo73@hotmail.com', '0979116085', 'SKYROSES CIA. LTDA.', 0),
(71, 'CHILUIZA BALLESTEROS DENIS FERNANDO ', '1802071462001', 'vivilo73@hotmail.com', '0979116085', 'vivilo73@hotmail.com', 'VIVIANA LOPEZ', '<p>BENEFICIARIO: DENIS CHILUIZA<br>BANCO: PICHINCHA<br>TIPO DE CUENTA: AHORROS<br>NUMERO DE CUENTA: 2201911795<br>SWIFT: PICHECEQ<br>CÉDULA: 1802071462</p>', '', 'VIVIANA LOPEZ', 'vivilo73@hotmail.com', '0979116085', 'SAN LUIS DE YACUPUNGO, EL CHASQUI COTOPAXI ECUADOR ', 'vivilo73@hotmail.com', 'vivilo73@hotmail.com', '0979116085', 'SANDEN FLOWERS', 0),
(72, 'FLORES SALAZAR MYRIAM / CONFLOR', '0502034259001', 'vivilo73@hotmail.com', '0979116085', 'vivilo73@hotmail.com', 'VIVIANA LOPEZ', '<p>BENEFICIARIO: FREDDY ALEXANDER FLORES SORIA<br>BANCO: PICHINCHA <br>TIPO DE CUENTA: AHORROS <br>NUMERO DE CUENTA: 2204553379<br>CÉDULA: 1750557900</p>', '', 'VIVIANA LOPEZ', 'vivilo73@hotmail.com', '0979116085', 'PUJILI BARRIO SANTO DOMINGO DE PATOA', 'vivilo73@hotmail.com', 'vivilo73@hotmail.com', '0979116085', 'CONFLOR', 0),
(73, 'SISAPAMBA ROSAS Y ROSAS', '1791338154001', 'jbueno@sisapamba.com', '3610254', 'jgomez@sisapamba.com', 'Janneth Gomez', '<p>\r\n\r\n</p><div><div><div><div>BANCO DEL PICHINCHA ECUADOR <br>\r\n\r\n<div><div><div><div><div><div>CUENTA CORRIENTE # 3087464104</div></div></div></div></div></div><br>\r\n\r\n<br></div></div></div></div><div><div><div><div><div><br>\r\n\r\n</div></div></div></div></div><br><p></p>', '', 'Janneth Gómez', 'jgomez448', '6010735', 'HACIENDA GRANOBLES ', 'jgomez448', 'jgomez@sisapamba.com', '2890808', 'Sisapamba Rosas y Rosas', 0),
(74, 'Mauricio Guaña', '1713732350', 'pro_plan@hotmail.com', '0983197701', 'ggaby-86@hotmail.com', 'Gabriela Toapanta', '<p>\r\n\r\n</p><div><div><div><div>Mauricio Guaña  Banco Pichincha  Cuenta  Ahorros 2200487568 Swif PICHECEQ</div></div></div></div><div><div><div><div><div><br>\r\n\r\n</div></div></div></div></div><br><p></p>', '', 'Gabriela Toapanta', 'ggaby-86', '0983199701', 'IGUIÑARO CALLE 10 DE AGOSTO Y LINEA FERREA ', 'ggaby-86@', 'pro_plan@hotmail.com', '0983197701', 'Proplan Roses', 0),
(75, 'TERRA PACIFIC / PABLO FLORES', '1002137550001', 'sales1@terranorte.ec', '+593992494694', 'sales1@terranorte.ec', 'Fernando Martinez', '<p>BANK INFORMATION TERRA PACIFIC  <br>BANCO PICHINCHA   <br>SWIFT: PICHECEQ  <br>BANCO PICHINCHA BOLIVAR Y OBISPO MOSQUERA ESQUINA IBARRA ECUADOR  <br>ABBA 066012867  <br>CUENTA CORRIENTE: 2100067325  <br>NOMBRE DEL BENEFICIARIO: PABLO RENAN FLORES HERRERA  <br>DIRECCION DEL BENEFICIARIO: SAN ISIDRO. PANAMERICANA NORTE, SECTOR CARLIZAMA FINCA TERRA PACIFIC.  <br>RUC: 1002137550001<br></p>', '', 'Karina Veintimilla', 'pacificpf', '+593992494694', 'Carlizama', 'pacificpf', 'cartera@terrapacificpf.com', '0980689217', 'TERRA PACIFIC / PABLO FLORES', 0),
(76, 'CAMPTEC', '', 'administrativo@camptec.ec', '02 2119139', 'salesmanager@camptec.ec', 'Silvana Mejia', '', '', 'Ana Maria Jaramillo', 'annemarie200977', '02 3520411', 'Pichincha - Pedro Moncayo - Tabacundo. Pucalpa Panamericana Norte KM 2 1/2 via ', 'logistica.camptec1', 'payments@camptec.ec', '022119139', 'Campo y Tecnologia CAMPTEC S.C.C', 0),
(77, 'KAIZEN ROSES CIA LTDA', '1793002382001', 'gerencia@kaizenroses.com / sales@kaizenroses.com', '0989471821', 'sales@kaizenroses.com', 'Fernanda Guañuna', '<p>Kaizen Roses<br>Numero decuenta: 2100202282<br>Banco: Banco Pichincha<br>Direccion del banco: Amazonas 45-45 y Pereira<br>Codigo SWIFT: PICHECEQ</p>', '', 'Fernanda Guañuna', 'nanda_1791', '0987447398', 'Luis Freire y S/N, interseccion cuatro esquinas', 'nanda_1791', 'sales@kaizenroses.com', '0987447398', 'Kaizen Roses', 0),
(78, 'FLORECOT S.A.', '1791263065001', '', '2462458', 'paola@florecot.com', 'JENNY MEJIA', '<p>BANCO INTERNACIONAL</p><p>FLORECOT S.A</p><p>HELM BANK USA</p><p>1040117703</p><p>999 BRIKLEY AVENUE MIAMIA FLORIDA 33-131</p>', '', 'PAOLA PASTOR', 'paolita783', '0991401967', '', 'jennyemc', 'jenny@florecot.com', '09891452572', 'FLORECOT', 0),
(79, 'ROSAS DEL ALAMO ROSALAMO CIA LTDA', '1792628989001', 'nellyrosasa_del_alamo@hotmail.com', '022875576', 'nellyrosas_del_alamo@hotmail.com', 'Nelly Tomalá', '<p>\r\n\r\n</p><div><div><div><div>Cuenta Corriente Produbanco 2005214552</div></div></div></div><div><div><div><div><div><br>\r\n\r\n</div></div></div></div></div><br><p></p>', '', 'Nelly Tomalá', 'nellyrosas_del_alamo@hotmail.com', '0987349016', 'Km 7 1/2 Cuendina de Amaguaña Barrio la Victoria', 'nellyrosas_del_alamo@hotmail.com', 'nellyrosas_del_alamo@hotmail.com', '022875576', 'ROSAS DEL ALAMAO / ALAMO', 0),
(80, 'PLANTACION SOID FLOWERS C.A.', '1792616239001', 'sales1soidflowers@outlook.com', '0997699533', 'sales1soidflowers@outlook.com', 'María Augusta Escobar', '<p>\r\n\r\n</p><div><div><div><div>PLANTACION SOID FLOWERS C.A.</div></div></div></div><div><div><div><div><div><br>\r\n\r\n</div></div></div></div></div>\r\n\r\nBANCO DEL PICHINCHA  (ECUADOR)\r\nCUENTA DE AHORROS: #  2203737009 \r\n\r\n<br><p></p>', '', 'María Augusta Escobar Cruz', 'maguss.escobar', '0984962317', 'TAMBILLO, PICHINCHA, HACIENDA SAN CARLOS', 'maguss.escobar', 'sales1soidflowers@outlook.com', '0984962317', 'SOID FLOWERS ', 0),
(81, 'FLORICOLA AZERIFLORES S.A.', '0591717839001', 'azeriflores_contabilidad@hotmail.com', '032725134', 'azeriflores_contabilidad@hotmail.com', 'ANA MARIA ROCHA', '<p>\r\n\r\n</p><div><div><div><div>3447647704 Banco pichincha Corriente FLORICOLA AZERIFLORES</div></div></div></div><div><div><div><div><div><br>\r\n\r\n</div></div></div></div></div><br><p></p>', '', 'ANA MARIA ROCHA', 'sales_azeriflores', '0962962113', 'Cotopaxi- Canton Pujili - Barrio Patoa de Izurietas', 'sales_azeriflores', 'azeriflores_contabilidad@hotmail.com', '0962962113', 'FLORICOLA AZERIFLORES', 0),
(82, 'HILSEA', '1791006356001', 'andres@blawesomes.com', '', 'andres@blawersomes.com', 'Silvia Rodriguez', '<p>Wire instructions for blawsomes<br>Banck: Banco de la produccion. S.A.<br>Account Number: 02005032640<br>Address: Av. Simon Bolivar y via a Nayon (Quito Ecuador)<br>Swift Code: PRODECEQ<br><br>Beneficiary: Hilsea investments limited<br>Address: Av. Interocianica S/N y calle Siena (Quito-Ecuador)</p>', '', 'Andres Flores', 'ventashilsea', '0993305043', 'Av. Interoceanica S/N y calle siena', 'cartera.gee', 'silviar@hilsea.com.ec', '0995151070', 'BLAWSOMES / HILSEA', 0),
(83, 'FLORICOLA LA HERRADURA S.A.', '1890141427001', 'mespinosa@grupoherradura.com', '', 'mespinosa@grupoherradura.com', 'Marcelo Espinosa', '<p>BANCO BENEFICIARIO:<br>Banco Pacifico Panama<br>Direccion: Esquina calle aquilino de la Guardia y calle 52<br>Codigo Swift: Pacipapx<br>Telefono: (507) 263 5833<br><br>BENEFICIARIO FINAL</p><p>Nombre: FLORICOLA LA HERRADURA S.A<br>Cuenta Corriente: 0001041134<br>Direccion: SARAGOZA 01-101 Y VALENCIA - AMBATO-ECUADOR<br>Telefono: 03 2415733</p>', '', 'Marcelo Espinosa', 'mespinosa@grupoherradura.com', '0999619885', 'Saragoza 01-101 y Valencia', 'mespinosa@grupoherradura.com', 'mespinosa@grupoherradura.com', '0999619885', 'Floricola La Herradura S.A.', 0),
(84, 'JAIME RODRIGO AYALA JAMI', '', 'flowersmonserrath@hotmail.com', '', 'salesflowersmonserrath@gmail.com', 'Jaime Rodrigo Ayala  Jami', '', '', 'Jaime Rodrigo Ayala Jami', '', '0969076832', 'Calle Pichincha s/n sector Guapulo Pujili Cotopaxi Ecuador', 'rodrigoayala18', 'contabilidadflowersmonserrath@gmail.com', '0969076832', 'FLOWERS MONSERRATH', 0),
(85, 'FLORSEL', '1791305558001', 'gerencia@florselecuador.com', '2365720', 'coordinacion@florselecuador.com', 'Veronica Quisphe', '<p>\r\n\r\nDATOS PARA PAGOS EMPRESA FLORES SELECTAS FLORSEL CIA LTDA \r\nBENEFICIARIO DARWIN CAMPOVERDE\r\nCUENTA DE AHORROS 2203216547\r\nCÉDULA 1101759684\r\nBANCO PICHINCHA\r\nSWIFT PICHECEQ\r\nDIRECCION DEL BANCO  Av Amazonas N39-34 y Alfonso Pereira QUITO-ECUADOR\r\nTELÉFONO 2365-344/2365-720\r\nCORREO cobranzas@florselecuador.com\r\n\r\n<br></p>', '', 'Juan Carlos', 'salesflorsel', '0959472501', 'Tabacundo La Banda', 'cartera_florsel', 'cartera@florselecuador.com', '2365720', 'FLORSEL CIA LTDA', 0),
(86, 'RADUGA FLOWERS', '1792485231001', 'king1comex@hotmail.com', '2460578', 'king1comex@hotmail.com', 'Sonia Samaniego', '', '', 'sonia samaniego', 'king1comex@hotmail.com', '2460578', 'kilometro 2 1/2 via caja panamericana norte pedro moncayo', 'king1comex@hotmail.com', 'king1comex@hotmail.com', '2460578', 'RADUGA FLOWERS', 0),
(87, 'AGROGANA', '0590060992001', 'lupita@agrogana.com', '0980476532', 'gabrielagallardo@agrogana.com', 'Mercedes Cueva', '<p>\r\n\r\nNOMBRE DE LA CUENTA : AGROGANADERA ESPINOSA CHIRIBOGA S.A.\r\n\r\nAccount name: AGROGANADERA ESPINOSA CHIRIBOGA S.A.\r\nBank: BANCO DEL PICHINCHA C.A. MIAMI AGENCY\r\nAccount number: 023118489\r\nABA: 066012867\r\nSWIFT CODE: PICHUS3M\r\nAddress: 396 Alhambra Circle, Penthouse 2, Coral Gables, Florida 33134 \r\nPhone: 305 3723601\r\n\r\n<br></p>', '', 'Gabriela Gallardo', 'gabu17', '0999589910', 'Panamericana Norte Km12 via a Joseguango', 'mercedes_744', 'cobranzas@agrogana.com', '0999589598', 'AGROGANA', 0),
(88, 'TIPANLUIZA LANCHIMBA JUAN MIGUEL / ROSAS DEL VIENTO', '1725220782001', 'rosasdelviento91@gmail.com', '0959840945', 'rosasdelviento91@gmail.com', 'alexander Lanchimba', '<p>\r\n\r\nBANCO PICHINCHA CUENTA CORRIENTE  N°2100198115\r\n\r\n<br></p>', '', 'ALEXANDER LANCHIMBA', 'alexanderlanchimbat', '0959840945', 'sector Catequilla a dos cuadras de las antenas', 'alexanderlanchimbat', 'ventas.rosasdelviento@gmail.com', '0959840945', 'Rosas del Viento', 0),
(89, 'CANANVALLEY FLOWERS  S.A', '1792039533001', 'info@cananvalle.com', '09958976100', 'geovana@cananvalle.com', 'CRISTINA CARRASCO', '<p>\r\n\r\n</p><div><div><div><div>PRODUBANCO/ CTA CTE # 02005161262/ CANANVALLEY FLOWERS S.A.</div></div></div></div><div><div><div><div><div><br>\r\n\r\n</div></div></div></div></div><br><p></p>', '', 'GEOVANNA VINUEZA', 'geovita88', '0958976101', 'Cantón Pedro: Moncayo Parroquia: Tabacundo Ciudadela: Luis Freire Barrio Sta Ana Panamericana Norte S/N Km 16/1/2 Ref: a dos Cuadras de las Antenas Telefónicas de Tabacundo', 'crisv_1507', 'ACCOUNTING1@CANANVALLE.COM', '0958976100', 'Cannanvalley Flowers S.A', 0),
(90, 'FLOR PRIMAVERA / FUEL PABLO', '0401233481001', 'pablofuel@outlook.es', '0990764447', 'pablofuel@outlook.es', 'andres urresta . jorge castillo', '<p>\r\n\r\n</p><div><div><div><div> jorge castillo. cuenta ahorros banco pichincha. 3213205900. c.i.1102991088<br>\r\n\r\n<div><div><div><div><div><div>leonidas mora . banco pacifico. ahorros. 1043174981</div></div></div></div></div></div><br>\r\n\r\n<br></div></div></div></div><div><div><div><div><div><br>\r\n\r\n</div></div></div></div></div><br><p></p>', '', 'andres urresta', 'Floresdelago@live.com', '0995968475', 'san pablo del lago calle abdon calderon sector pusaco. otavalo imbabura ', 'Floresdelago@live.com', 'pablofuel@outlook.es', '0990764447', 'FLOR PRIMAVERA', 0),
(91, 'AGRITAB CIA LTDA', '1790979660001', 'sales1@grupo-arbusta.com', '3801155', 'sales1@grupo-arbusta.com', 'Guadalupe Alban', '<p>\r\n\r\nBanco              Pichincha\r\nDirección:           Av. Amazonas N39-34 y Pereira\r\n                               Quito - Ecuador\r\nCuenta              Corriente\r\nNumero             3111172904\r\nSwift                 PICHECEQ\r\n\r\n<br></p>', '', 'Gabriel Guerron', 'gabriel.guerrom', '3801155', 'Calle del establo y Calle E, Lote 50, SITE center Torre 1 Oficina 1', 'eguadalupeaa', 'abonos@grupo-arbusta.com', '3801155 ', 'AGRITAB CIA LTDA', 1),
(92, 'AGRITAB CIA LTDA', '1790979660001', 'sales1@grupo-arbusta.com', '3801155', 'sales1@grupo-arbusta.com', 'Guadalupe Alban', '<p>\r\n\r\nBanco              Pichincha\r\nDirección:           Av. Amazonas N39-34 y Pereira\r\n                               Quito - Ecuador\r\nCuenta              Corriente\r\nNumero             3111172904\r\nSwift                 PICHECEQ\r\n\r\n<br></p>', '', 'Gabriel Guerron', 'gabriel.guerrom', '3801155', 'Calle del establo y Calle E, Lote 50, SITE center Torre 1 Oficina 1', 'eguadalupeaa', 'abonos@grupo-arbusta.com', '3801155 ', 'AGRITAB CIA LTDA', 0),
(93, 'WILSON SALAZAR (BELL ROSS)', '1708329873001', 'yasuniroses@hotmail.com', '023614154', 'coryfarmscialtda@hotmail.com', 'Dayana Nole', '<p>\r\n\r\n</p><div><div><div><div>BANCO PICHINCHA CUENTA DE AHORROS 3997929900</div></div></div></div><div><div><div><div><div><br>\r\n\r\n</div></div></div></div></div><br><p></p>', '', 'Daniel Salazar', 'Daniel Salazar', '0992721914', 'Panamericana Norte km2 1/2 entrada Jardines Granobles ', 'Dayana - Bell & Yasuni Roses', 'coryfarmscialtdacobranzas@hotmail.com', '0981905679', 'Bell & Yasuni Roses', 0),
(94, 'ROSE CONNECTION', '179180135001', 'senior.sales@roseconnection.ec', '2365255', 'senior.sales@roseconnection.ec', 'ADRIANA PAEZ', '', '', 'Cecilia Vaca', 'roseconnection.senior.sales', '0992401506', 'PANAMERICANA NORTE Via TABACUNDO -CAJAS KM 3.2', 'roseconnection.collectings', 'collectings@roseconnection.ec', '2365286 ', 'ROSECON CIA LTDA', 0),
(95, 'ROSAS DEL CORAZON', '1792130031004', 'Sales@rdc.ec', '023957584', 'sales4@rdc.ec', 'katherine Zambrano ', '<p>\r\n\r\n</p><div><div><div><div> ROSAS DEL CORAZON CIA. LTDA. 02051005014</div></div></div></div><div><div><div><div><div>\r\n\r\n<div><div><div><div><div><div>RUC 1792130034001 </div></div></div></div></div></div><b><br>Beneficiary </b><b>ROSAS\r\n  DEL CORAZON CIA. LTDA.</b></div></div></div></div></div><p><b></b></p>\r\n  \r\n \r\n \r\n  \r\n  <p><b>AccountNumber </b><b>02051005014</b></p>\r\n  \r\n \r\n \r\n  \r\n  <p>Address <b>Panamericana Sur km 41 Machachi-\r\n  Ecuador</b></p>\r\n  \r\n \r\n \r\n  \r\n  <p><b>Beneficiary Bank  </b><b>PRODUBANCO</b></p>\r\n  \r\n \r\n \r\n  \r\n  <p>Address</p>\r\n  \r\n \r\n \r\n  \r\n  <p><b>SWIFT code </b></p>\r\n  <p><b>PRODECEQ</b><br></p>\r\n  \r\n \r\n \r\n  \r\n  <p>Intermediarybank <b>WELLS FARGO BANK, N.A.</b></p>\r\n  <p> </p>\r\n  \r\n \r\n \r\n  \r\n  <p>Accont Produbanco in\r\n  Wells Fargo bank </p>\r\n  \r\n  \r\n  <p><b>2000192321006<br></b>Código swift  Intermediary bank:  </p>\r\n  <p>Código ABA Intermediary bank:     </p>\r\n  \r\n  \r\n  <p>P N B P U S 3 N  N Y C</p>\r\n  <p> 0 2 6 0 0 5 0 9 2</p>\r\n  <p> </p>\r\n  \r\n \r\n \r\n  \r\n  <p>AddressIntermediary bank</p>\r\n  <p>Адрес</p>\r\n  \r\n  \r\n  <p>FLOOR 4: 11, PENN PLAZA</p>\r\n  <p>10038 NEW YORK</p>\r\n  <p> </p>\r\n  \r\n \r\n \r\n  \r\n  <p>DetailsofPayment**</p>\r\n  \r\n  \r\n  <p>For fresh flowers</p>\r\n  \r\n \r\n\r\n\r\n<p> </p>\r\n\r\n<p>ROSAS  DEL CORAZON CIA LTDA</p>\r\n\r\n<p>RUC 1792130034001</p>\r\n\r\n<p>PRODUBANCO CC\r\n02051005014</p>\r\n\r\n<p>ADDRESS:  MACHACHI ECUADOR, PANAMERICANA SUR KM 41\r\nSECTOR LA AVANZADA , TEL 2316368</p>\r\n\r\n<p> </p>\r\n\r\n<p> </p>\r\n\r\n\r\n\r\n\r\n\r\n<br><p></p>', '', 'Melissa venegas', 'sales4rdc', '0994156333', 'eugenio espejo y leonidas proaño', 'rosa.ec', 'payments@gantetradingcorp.com', '023957584', 'Rosas del Corazon CIA LTDA', 0);
INSERT INTO `provider` (`provider_id`, `name`, `tax_id`, `email`, `phone`, `email_seller`, `person_payment`, `data_banking`, `data_additional`, `seller`, `skype_seller`, `phone_seller`, `address`, `skype_payment`, `email_payment`, `phone_payment`, `name_commercial`, `is_active`) VALUES
(96, 'MAPOREX ROSS CORREA CORREA PORFIDIO', '1101587801001', 'Maporexross@live.com', '0967580523', 'joisyelizabethcorreaalvarez@gmail.com', 'Joisy Correa', '<p>\r\n\r\n</p><div><div><div><div>3523798500</div></div></div></div><div><div><div><div><div>\r\n\r\n<div><div><div><div><div><div>Banco Pichincha</div></div></div></div></div></div></div></div></div></div></div><p></p>', '', 'Joisy Correa ', 'Joisy.correa', '0967580523', 'Tabacundo angba, calle Vicente estrella, siguiente entrada de la casa barrial, a la izquierda ', 'Joisy,correa', 'joisyelizabethcorreaalvarez@gmail.com', '0967580523', 'MAPOREX ROSS', 0),
(97, 'PUJOTA GUASGUA CARLOS ANIBAL', '1711444511001', 'merc-rosas@hotmail.com', '22367-016', 'soficarito1229p@gmail.com', 'Pujota Carlos Anibal', '<p>\r\n\r\n</p><div><div><div><div>3569191400</div></div></div></div><div><div><div><div><div>\r\n\r\n<div><div><div><div><div><div>Carlos Pujota - Merc-Rosas</div></div></div></div></div></div><br>\r\n\r\n<br>\r\n\r\n</div></div></div></div></div><br><p></p>', '', 'Sofia Solis', 'caro1229p@hotmail.com', '0986141573', 'Dir: Guallaro Chico Quito S/N y S/N', 'soficarito1229p@hotmail.com', 'mer-c.rosas@hotmail.com', '0999217275', 'MERC-ROSAS', 0),
(98, 'MIRIAM PATRICIA OÑA ZAPATA', '0502369671001', '', '0987576058', '', '', '', '', '', '', '', 'GONZALES SUAREZ, 9 DE OCTUBRE SIN NUMERO A 20 METROS DE LA ESCUELA NACIONES UNIDAS', '', '', '', 'PRETTY FLOWERS', 0),
(99, 'MARGARITA DONOSO', '0502407455001', 'tagpetals@gmail.com', '0994646556', 'tagpetals@gmail.com', 'Margarita Donoso', '<p>\r\n\r\n</p><div><div><div><div>Banco Pichincha. 5271050800 ahorros</div></div></div></div><div><div><div><div><div><br>\r\n\r\n</div></div></div></div></div><br><p></p>', '', 'Jaime Rubiano / Margarita Donoso', 'tagpetals@gmail.com', '0999462661', 'Urbanización Jardines de Bellavista lote 1 manzana g', 'tagpetals@gmail.com', 'tagpetals@gmail.com', '0994646556', 'TAG PETALS', 0),
(100, 'GUARICELA CAMPOVERDE RAMIRO DAVID', '1802490463', 'GIAN PAOLO ERAZO', '0 96 304 1591', '', '', '', '', '', '', '', '', '', '', '', '', 0),
(101, 'FLORES DEL COTOPAXI', '', '', '', '', '', '', '', '', '', '', '', '', '', '', 'FLORPAXI', 0),
(102, 'FARINROSES', '1715889844001', 'farinroses@hotmail.com', '022366910', '', 'Rosa Chontasi', '<p>\r\n\r\nBANCO PRODUBANCO \r\nBENEFICIARIO JOSE MANUEL FARINANGO CACUANGO\r\nCUENTA CORRIENTE: 02199003013\r\nCI 171588984-4\r\nDIRECCION: TABACUNDO - BARRIO PASQUEL\r\nTELEFONO: (02)2366910- 0990685179\r\n\r\n<br></p>', '', '', '', '', 'Tabacundo - Barrio Pasquel Calle Vicente Estrella y San Francisco (junto a la casa barrial de Pasquel)', 'farinroses@hotmail.com', 'farinroes@hotmail.com', '0988758256', 'FARINROSES', 0),
(103, 'JARDINES PIAVERI', '0590059870001', 'sales4@flopia.com', '2529537', 'sales4@flopia.com', '', '', '', 'Tatiana', 'grupoflorisol4', '', 'CAMINO PUBLICO JM. 1 1/2 A JOSE GUANGO BAJO S/N', '', '', '', 'JARDINES PIAVERI', 0),
(104, 'MURADIAN ROSES', '1792701422001', 'muradianroses@hotmail.com', '0993444780', 'muradianroses@hotmail.com', 'NARCISA OBANDO', '', '', 'TELMO CUASAPAZ', 'muradianroses', '0993444780', ' KM 2 ½ PANAMERICANA NORTE S/N E INGRESO A SAN JOSE', 'mur.contabilidad', 'muradian.contabilidad@outlook.com', '0997501439', 'Montaluisa Marco', 0),
(105, 'DAISY LORENA LLERENA NUÑEZ', '1803156114001', 'daisylierena@hotmail.com', '2032742', 'willianrpb@hotmail.com', 'DAISY LORENA LLERENA NUÑEZ', '', '', 'WILLIAN PEREZ', '', '0991735223', 'SIERRA MORENA 14 Y ALEJANDRINAS', '', '', '', 'EXCELENT FLOWERS', 0),
(106, 'FLORICOLA SAN ISIDRO LABRADOR', '1792059232001', '', '022158698', '', '', '', '', '', '', '', 'MALCHINGUI - SAN ISIDRO S/N y Calle Quito - Ecuador', '', '', '', 'FLORSANI', 0),
(107, 'DIM-LA CLEMENTINA', '1792125731001', 'ectato@andinanet.net', '2369615', 'edugabyg@gmail.com', 'EDUARDO CALOHARRANO', '', '', 'EDUARDO CALOHARRANO', 'ectato', '', '', 'ectato', 'ectato@andinanet.net', '0996325761', '', 0),
(108, 'DIM-LAS MARIAS', '0200409043001', 'mara_jcm@yahoo.com', '2365854/0987363047', 'mara_jcm@yahoo.com', 'Cesar Jacome', '', '', 'Maria Jacome', '', '0987363047', 'Pichincha, Pedro Moncayo, Parroquia Tabacundo, Barrio Guallaro Chico, Calle Quito #35 a cinco cuadras del destacamento de la Policía', 'marajcm', 'mara_jcm@yahoo.com', '0983506820', '', 0),
(109, 'DIM-ROSERO', '1713010260001', 'floreselquijuar@gmail.com', '0991657834', 'anitas136@hotmail.com', 'Miguel Rosero', '', '', 'Ana Sanchez', 'Anita136', '0991657834', 'Ascazubi, Barrio San Francisco Calle 4 de Octubre y oriente', 'miguel-8909', 'miguel-8209@hotmail.com', '0991994936', 'Flores el Quijuar', 0),
(110, 'DIM-SUMMER', '0503557779001', 'summer-garden@hotmail.com', '(593) 272 2338', 'summer-garden@hotmail.com', 'JAIME MARCELO ALMACHI CHUQUILLA', '', '', 'ALEX CUYACHAMIN', '', '0994186217', 'Provincia: COTOPAXI  Cantón: LATACUNGA Parroquia: POALO Calle: PRINCIPAL Numero: S/N  Referencia: BARRIO SAN VICENTE DE POALO ,A CINCO METROS DE LA IGLECIA', 'S/N', '', '0998739071', 'SUMMER GARDEN', 0),
(111, 'DIM-ANDYFLOWERS', '1720506532001', 'andyflowersfinca@gmail.com', '2300869', 'andyflowersventas@gmail.com', 'Mery Quilumba', '<p></p><div><div>Banco : PRODUBANCO</div></div><div><div>Cta. corriente No. 02661003074</div></div><div><div>A nombre de:TOAPANTA ALANUCA JUAN GABRIEL /</div></div>C.I. 1720506532<div><div>A continuación detallo los datos de mi banco para transferencia del exterior</div></div><div><div>BANCO BENEFICIARIO</div></div>PRODUBANCO<div><div>AV. Centro Corporativo Ekopark, Torre 1 Produbanco. Ave Simón Bolívar S/N y Vía Nayón</div></div><div><div>Código swift: P R O D E C E Q</div></div>Quito - Ecuador<div><div>BENEFICIARIO FINAL</div></div><div><div>Nombre: ...................</div></div><div><div>Cuenta: ...................</div></div><div><div>Dirección: ………………………</div></div><div><div>Teléfono: ...................</div></div><div><div>BANCO CORRESPONSAL O INTERMEDIARIO</div></div><div><div>WELLS FARGO BANK, N.A.</div></div><div><div>FLOOR 4: 11, PENN PLAZA</div></div>10038 NEW YORK<div><div>Código swift: P N B P U S 3 N N Y C</div></div><div><div>Código ABA: 0 2 6 0 0 5 0 9 2</div></div><div><div># De Cuenta de PRODUBANCO en WELLS FARGO BANK N.A.: 2000192321006</div></div><br><p></p>', '', 'Mery Quilumba', 'andyflowersfinca', '0991992106', 'Alberto Osorio S2-67 y Anturruco', 'andyflowersfinca', 'andyflowersventas@gmail.com', '0991992106', 'Andyflowers', 0),
(112, 'DIM-PACIFIC', '1701783407001', 'comercializacion@pacificbouquets.com.ec', '022150046', 'comercializacion@pacificbouquets.com.ec', 'Laura Carrera', '', '', 'Juan Pablo Ortiz', 'pacific_bouquets', '0984167788', 'JOSE F CACARIN E2-19 Y NICOLAS PAILLACHO ', '', 'administracion@pacificbouquets.com.ec', '022150046', 'Pacific Bouquet', 0),
(113, 'DIMENTION FLOWERS ', '1792299748001', 'sales@dimentionflowers.com', '3324686', 'sales@dimentionflowers.com', '', '', '', 'JOSE VELE', 'difacturas', '0983902541', '', '', '', '', '', 0),
(114, 'DIM-RANCHO', '1705661773001', 'ranchobellavista@gmail.com', '032721879', 'sandra@ranchobellavista.ec', 'Sandra Coronel', '', '', 'Sandra Coronel', 'rancho.bellavista', '0999750694', 'Chantilin chico/ poalo/latacunga', 'rancho.bellavista', 'sandra@ranchobellavista.ec', '0999750694', '', 0),
(115, 'DIM-EXCELENT', '1803156114001', 'daisylierena@hotmail.com', '2032742', 'willianrpb@hotmail.com', 'DAISY LORENA LLERENA NUÑEZ', '', '', 'WILLIAN PEREZ', '', '0991735223', 'SIERRA MORENA 14 Y ALEJANDRINAS', '', '', '', '', 0),
(116, 'CAICEDO CARRILLO ROMULO ROLANDO', '1708332547001 ', 'ventas@gmail.com', '2300187    ', '', 'MAFER ', '', '', '', '', '', 'CHECA, AV. QUITO 525 Y 3 DE MAYO    ', 'mafer_greenstarfarms', 'ventas@gmail.com', '0992525911', 'GREEN STAR FARMS', 0),
(117, 'MILLON ROSES MILLONROSES S.A', '1793029639001', 'fernando-ajl-@hotmail.com', '', 'fernando-ajl-@hotmail.com', 'Fernando López', '', '', 'Fernando López', '', '0992729086', 'Panamericana Norte y calle Quito', '', 'fernando-ajl-@hotmail.com', '0998459378 ', 'NANCY ROCIO BORJA MORETA', 0),
(118, 'NEIRA UMBARILA KELLY JOHANA', '1717349789001', '', '032719191 0987915758', 'infinityloveecaudor@gmail.com', '', '', '', '', '', '', 'lasso', '', '', '', 'INFINITY LOVE', 0),
(119, 'RAMIRO GUARICELA', '1712724424001 ', ' ramiro@1millionstems.com', '0990680198', '', '', '', '', 'Ramiro Guaricela', '', '', 'Pacifico Proaño S9111 sector la Quinta ', '', '', '', '1MILLIONSTEMS', 0),
(120, 'FUEL COLIMBA PABLO', '', '', '', '', '', '', '', '', '', '', '', '', '', '', 'KOCHIC', 0),
(121, 'CUASCOTA COLLAGUAZO SEGUNDO ENRIQUE', '1709202228001', 'TATIANA FLOWERS <tatianaflowers@hotmail.com>', '2366141', '', '', '', '', '', '', '', '', '', '', '', 'TATIANA FLOWERS', 0),
(122, 'GALAXYTRADE CORP CIA LTDA', '', '', '', '', '', '', '', '', '', '', 'TABACUNDO', '', '', '', 'GALAXY', 0),
(123, 'VILLAMARIN ANDRANGO JUAN PABLO', '1717937666001', 'megaflorecuador@gmail.com', '2129030', '', '', '', '', 'Jenny ', '', '', 'CAYAMBE - UNOPAC Y CHIMBORAZO', '', '', '', 'MEGAFLOR', 0);

-- --------------------------------------------------------

--
-- Estructura de tabla para la tabla `provider_product`
--

CREATE TABLE `provider_product` (
  `provider_product_id` int(11) NOT NULL,
  `provider_id` int(11) NOT NULL,
  `product_id` int(11) NOT NULL
) ENGINE=InnoDB DEFAULT CHARSET=utf8;

--
-- Volcado de datos para la tabla `provider_product`
--

INSERT INTO `provider_product` (`provider_product_id`, `provider_id`, `product_id`) VALUES
(7, 1, 4),
(8, 1, 3),
(9, 1, 5),
(10, 1, 8),
(11, 1, 19),
(12, 1, 10),
(13, 1, 11),
(14, 1, 12),
(15, 1, 13),
(16, 1, 17),
(17, 1, 20),
(18, 1, 22),
(19, 1, 23),
(20, 1, 26),
(21, 1, 31),
(22, 1, 35),
(23, 1, 39),
(24, 1, 40),
(25, 1, 47),
(26, 1, 59),
(27, 1, 69),
(28, 1, 70),
(29, 1, 73),
(30, 1, 75),
(31, 1, 76),
(32, 1, 87),
(33, 1, 99),
(34, 1, 125),
(35, 1, 133),
(36, 1, 148),
(37, 1, 156),
(38, 1, 164),
(39, 1, 165),
(40, 1, 166),
(41, 1, 167),
(42, 1, 168),
(44, 1, 170),
(45, 1, 86),
(46, 1, 172),
(47, 1, 173),
(49, 1, 175),
(50, 1, 176),
(51, 1, 177),
(52, 1, 178),
(175, 19, 88),
(176, 19, 34),
(177, 19, 176),
(179, 19, 4),
(180, 19, 3),
(181, 19, 106),
(182, 19, 22),
(183, 19, 47),
(184, 19, 5),
(185, 33, 3),
(186, 33, 10),
(187, 33, 265),
(188, 33, 266),
(189, 33, 267),
(190, 33, 133),
(191, 33, 268),
(192, 33, 30),
(193, 33, 96),
(194, 33, 59),
(195, 33, 129),
(196, 33, 269),
(197, 33, 54),
(198, 33, 34),
(199, 33, 90),
(200, 33, 56),
(201, 33, 19),
(202, 33, 40),
(203, 33, 161),
(204, 33, 270),
(205, 33, 23),
(206, 33, 271),
(207, 33, 8),
(208, 33, 272),
(209, 33, 273),
(210, 33, 274),
(211, 33, 106),
(212, 33, 33),
(213, 33, 13),
(214, 33, 63),
(215, 33, 21),
(216, 33, 176),
(217, 33, 112),
(218, 33, 275),
(219, 33, 276),
(220, 33, 277),
(221, 33, 123),
(222, 33, 124),
(223, 33, 76),
(224, 33, 278),
(225, 33, 47),
(226, 33, 48),
(227, 33, 14),
(228, 33, 118),
(229, 33, 17),
(230, 33, 69),
(231, 33, 86),
(232, 33, 120),
(233, 33, 120),
(234, 33, 88),
(235, 33, 70),
(236, 33, 279),
(237, 33, 15),
(238, 33, 35),
(239, 33, 280),
(240, 33, 281),
(241, 33, 282),
(242, 33, 165),
(243, 33, 22),
(244, 33, 283),
(245, 33, 4),
(246, 33, 284),
(247, 33, 285),
(248, 33, 85),
(249, 33, 286),
(250, 33, 287),
(251, 33, 216),
(252, 33, 214),
(253, 33, 288),
(254, 33, 240),
(255, 33, 289),
(256, 33, 221),
(257, 33, 236),
(258, 33, 243),
(259, 33, 225),
(260, 17, 287),
(261, 17, 216),
(262, 17, 214),
(263, 17, 288),
(264, 17, 240),
(265, 17, 289),
(266, 17, 221),
(267, 17, 236),
(268, 17, 243),
(269, 17, 225),
(270, 20, 165),
(271, 20, 13),
(272, 20, 26),
(273, 20, 10),
(274, 20, 3),
(275, 20, 53),
(276, 20, 27),
(277, 20, 11),
(278, 20, 86),
(279, 20, 43),
(280, 20, 290),
(281, 20, 5),
(282, 20, 9),
(283, 20, 18),
(284, 20, 113),
(285, 20, 8),
(286, 20, 21),
(287, 20, 19),
(288, 20, 58),
(289, 20, 33),
(290, 20, 23),
(291, 20, 4),
(292, 8, 3),
(293, 8, 5),
(294, 8, 19),
(295, 8, 8),
(296, 8, 10),
(297, 8, 291),
(298, 8, 18),
(299, 8, 21),
(300, 8, 53),
(301, 8, 22),
(302, 8, 113),
(303, 8, 11),
(304, 8, 27),
(305, 8, 35),
(306, 8, 20),
(307, 8, 86),
(308, 8, 165),
(309, 8, 290),
(311, 21, 128),
(312, 21, 165),
(313, 21, 13),
(314, 21, 6),
(315, 21, 39),
(316, 21, 70),
(317, 21, 47),
(318, 21, 60),
(319, 21, 14),
(320, 21, 87),
(321, 21, 10),
(322, 21, 73),
(323, 21, 3),
(324, 21, 53),
(325, 21, 75),
(326, 21, 27),
(327, 21, 293),
(328, 21, 294),
(329, 21, 295),
(330, 21, 296),
(331, 21, 297),
(332, 21, 41),
(333, 21, 298),
(334, 21, 184),
(335, 21, 299),
(336, 21, 290),
(337, 21, 43),
(338, 21, 300),
(339, 21, 301),
(340, 21, 302),
(341, 21, 5),
(342, 21, 62),
(343, 21, 303),
(344, 21, 304),
(345, 21, 30),
(346, 21, 305),
(347, 21, 9),
(348, 21, 18),
(349, 21, 48),
(350, 21, 76),
(351, 21, 306),
(352, 21, 113),
(353, 21, 307),
(354, 21, 308),
(355, 21, 19),
(356, 21, 8),
(357, 21, 20),
(358, 21, 63),
(359, 21, 64),
(360, 21, 21),
(361, 21, 145),
(362, 21, 309),
(363, 21, 310),
(364, 21, 310),
(365, 21, 32),
(366, 21, 81),
(367, 21, 66),
(368, 21, 35),
(369, 21, 46),
(370, 21, 34),
(371, 21, 4),
(372, 21, 38),
(373, 21, 315),
(374, 21, 86),
(375, 21, 136),
(376, 21, 277),
(377, 21, 177),
(378, 21, 316),
(379, 21, 83),
(380, 32, 317),
(381, 32, 5),
(382, 32, 63),
(383, 32, 4),
(384, 32, 318),
(385, 32, 10),
(386, 32, 3),
(387, 32, 319),
(388, 32, 6),
(389, 32, 39),
(390, 32, 87),
(391, 32, 12),
(392, 32, 320),
(393, 32, 104),
(394, 32, 40),
(395, 32, 23),
(396, 32, 8),
(397, 32, 47),
(398, 32, 17),
(400, 32, 26),
(401, 32, 322),
(402, 32, 59),
(403, 32, 30),
(404, 32, 95),
(405, 32, 128),
(406, 32, 278),
(407, 32, 9),
(408, 32, 178),
(409, 32, 69),
(410, 7, 3),
(411, 7, 13),
(412, 7, 79),
(413, 7, 186),
(414, 7, 323),
(415, 7, 4),
(416, 7, 317),
(417, 7, 5),
(418, 7, 324),
(419, 7, 278),
(420, 7, 76),
(421, 7, 9),
(422, 7, 101),
(423, 7, 34),
(424, 7, 94),
(425, 7, 11),
(426, 7, 59),
(427, 7, 19),
(428, 7, 144),
(429, 7, 23),
(430, 7, 31),
(433, 24, 4),
(449, 35, 164),
(451, 1, 60),
(452, 1, 158),
(453, 20, 292),
(454, 20, 314),
(455, 21, 314),
(456, 21, 195),
(457, 21, 189),
(458, 32, 314),
(459, 24, 314),
(460, 33, 292),
(461, 33, 314),
(462, 19, 184),
(463, 19, 314),
(464, 8, 292),
(465, 7, 272),
(466, 7, 314),
(467, 33, 184),
(468, 19, 275),
(472, 24, 328),
(473, 24, 25),
(474, 24, 47),
(475, 24, 329),
(476, 24, 159),
(477, 24, 101),
(478, 24, 14),
(479, 24, 272),
(480, 24, 26),
(481, 24, 10),
(482, 24, 3),
(483, 24, 120),
(484, 24, 11),
(486, 24, 75),
(487, 24, 5),
(488, 24, 17),
(489, 24, 278),
(490, 24, 9),
(491, 24, 330),
(492, 24, 20),
(493, 24, 8),
(494, 24, 21),
(495, 24, 31),
(496, 24, 69),
(497, 24, 59),
(498, 24, 23),
(499, 24, 331),
(500, 24, 332),
(501, 24, 178),
(503, 24, 15),
(504, 24, 333),
(505, 7, 331),
(506, 39, 3),
(507, 39, 23),
(508, 39, 331),
(509, 39, 59),
(510, 39, 13),
(511, 39, 26),
(512, 39, 101),
(513, 39, 214),
(514, 39, 325),
(515, 39, 216),
(516, 39, 225),
(517, 39, 219),
(518, 39, 289),
(519, 39, 245),
(520, 39, 240),
(521, 39, 221),
(522, 39, 326),
(523, 39, 243),
(524, 32, 331),
(525, 20, 331),
(526, 33, 331),
(527, 33, 333),
(530, 2, 334),
(531, 2, 335),
(532, 2, 338),
(533, 2, 337),
(534, 2, 336),
(535, 2, 341),
(536, 2, 340),
(537, 2, 342),
(538, 2, 339),
(548, 27, 3),
(549, 27, 11),
(550, 27, 290),
(551, 27, 5),
(553, 27, 331),
(554, 27, 13),
(555, 27, 19),
(557, 27, 33),
(558, 27, 8),
(559, 27, 103),
(560, 27, 10),
(561, 27, 333),
(564, 27, 22),
(565, 27, 32),
(566, 27, 165),
(567, 27, 83),
(568, 27, 348),
(686, 26, 350),
(687, 26, 126),
(688, 26, 60),
(689, 26, 5),
(690, 26, 20),
(691, 26, 63),
(692, 26, 176),
(693, 26, 331),
(694, 26, 3),
(695, 26, 10),
(696, 26, 38),
(697, 26, 351),
(698, 26, 352),
(699, 26, 353),
(700, 26, 8),
(701, 26, 11),
(702, 26, 19),
(703, 26, 27),
(704, 26, 31),
(705, 26, 40),
(706, 26, 45),
(707, 26, 59),
(708, 26, 130),
(709, 26, 147),
(710, 26, 303),
(711, 26, 354),
(712, 26, 358),
(713, 26, 7),
(714, 26, 25),
(715, 26, 35),
(716, 26, 87),
(717, 26, 113),
(718, 26, 164),
(719, 26, 172),
(720, 26, 359),
(753, 26, 13),
(754, 26, 28),
(755, 26, 106),
(756, 26, 115),
(757, 26, 136),
(758, 26, 165),
(759, 26, 170),
(760, 26, 272),
(761, 26, 364),
(762, 26, 365),
(763, 26, 366),
(764, 26, 9),
(765, 26, 69),
(766, 26, 70),
(767, 26, 75),
(768, 26, 100),
(769, 26, 122),
(770, 26, 141),
(771, 26, 178),
(772, 26, 276),
(773, 26, 277),
(774, 26, 367),
(775, 26, 368),
(776, 26, 14),
(777, 26, 17),
(778, 26, 47),
(779, 26, 184),
(780, 26, 362),
(781, 26, 357),
(782, 26, 73),
(783, 26, 294),
(784, 26, 171),
(785, 26, 372),
(786, 26, 373),
(787, 26, 374),
(788, 3, 355),
(789, 3, 116),
(790, 3, 117),
(791, 3, 13),
(792, 3, 6),
(793, 3, 47),
(794, 3, 349),
(795, 3, 285),
(796, 3, 26),
(797, 3, 87),
(798, 3, 10),
(799, 3, 346),
(800, 3, 73),
(801, 3, 3),
(802, 3, 347),
(803, 3, 294),
(804, 3, 103),
(805, 3, 333),
(806, 3, 41),
(807, 3, 344),
(808, 3, 343),
(809, 3, 171),
(810, 3, 184),
(811, 3, 43),
(812, 3, 172),
(813, 3, 356),
(814, 3, 5),
(815, 3, 9),
(816, 3, 18),
(817, 3, 76),
(818, 3, 113),
(819, 3, 8),
(820, 3, 19),
(821, 3, 20),
(822, 3, 63),
(823, 3, 345),
(824, 3, 45),
(825, 3, 31),
(826, 3, 35),
(827, 3, 176),
(828, 3, 59),
(829, 3, 327),
(830, 3, 177),
(831, 3, 187),
(832, 3, 83),
(833, 3, 275),
(834, 3, 168),
(835, 3, 188),
(836, 3, 269),
(837, 3, 290),
(838, 3, 360),
(839, 3, 361),
(840, 3, 369),
(841, 26, 380),
(842, 26, 379),
(843, 26, 378),
(844, 26, 377),
(845, 26, 376),
(846, 26, 207),
(847, 26, 381),
(848, 26, 208),
(849, 26, 383),
(850, 26, 382),
(851, 3, 22),
(852, 3, 64),
(853, 3, 384),
(854, 3, 385),
(855, 26, 387),
(856, 3, 388),
(857, 35, 52),
(858, 35, 39),
(859, 35, 40),
(860, 35, 61),
(861, 35, 26),
(862, 35, 87),
(863, 35, 53),
(864, 35, 27),
(865, 35, 11),
(866, 35, 41),
(867, 35, 42),
(868, 35, 54),
(869, 35, 67),
(870, 35, 43),
(871, 35, 55),
(872, 35, 5),
(873, 35, 62),
(874, 35, 30),
(875, 35, 18),
(876, 35, 56),
(877, 35, 8),
(878, 35, 19),
(879, 35, 68),
(880, 35, 57),
(881, 35, 44),
(882, 35, 45),
(883, 35, 46),
(884, 35, 58),
(885, 35, 32),
(886, 35, 34),
(887, 35, 69),
(888, 35, 59),
(889, 35, 23),
(890, 35, 193),
(891, 35, 363),
(892, 35, 78),
(893, 35, 12),
(894, 35, 25),
(895, 35, 13),
(896, 35, 6),
(897, 35, 70),
(898, 35, 47),
(899, 35, 71),
(900, 35, 167),
(901, 35, 272),
(902, 35, 10),
(903, 35, 72),
(904, 35, 80),
(905, 35, 73),
(906, 35, 3),
(907, 35, 84),
(909, 35, 75),
(910, 35, 171),
(911, 35, 37),
(912, 35, 17),
(913, 35, 9),
(914, 35, 48),
(915, 35, 76),
(916, 35, 20),
(917, 35, 64),
(918, 35, 21),
(919, 35, 38),
(920, 35, 66),
(921, 35, 65),
(922, 35, 33),
(923, 35, 81),
(924, 35, 49),
(925, 35, 35),
(926, 35, 77),
(927, 35, 331),
(928, 35, 83),
(929, 35, 390),
(930, 35, 389),
(936, 9, 3),
(937, 9, 14),
(938, 9, 25),
(939, 9, 69),
(941, 9, 120),
(942, 9, 391),
(943, 9, 392),
(944, 9, 393),
(945, 9, 395),
(949, 9, 404),
(950, 9, 8),
(951, 9, 23),
(952, 9, 54),
(953, 9, 172),
(954, 9, 290),
(955, 9, 331),
(956, 9, 399),
(957, 9, 400),
(958, 9, 401),
(959, 9, 402),
(960, 9, 405),
(961, 9, 109),
(962, 38, 39),
(963, 38, 40),
(964, 38, 70),
(965, 38, 126),
(966, 38, 318),
(967, 38, 10),
(968, 38, 14),
(969, 38, 26),
(970, 38, 60),
(971, 38, 87),
(972, 38, 138),
(973, 38, 3),
(974, 38, 72),
(975, 38, 73),
(976, 38, 148),
(977, 38, 352),
(978, 38, 407),
(979, 38, 53),
(980, 38, 333),
(981, 38, 373),
(982, 38, 408),
(983, 38, 5),
(984, 38, 7),
(985, 38, 8),
(986, 38, 9),
(987, 38, 17),
(988, 38, 19),
(989, 38, 21),
(990, 38, 22),
(991, 38, 30),
(992, 38, 48),
(993, 38, 62),
(994, 38, 63),
(995, 38, 75),
(996, 38, 76),
(997, 38, 94),
(998, 38, 96),
(999, 38, 118),
(1000, 38, 171),
(1001, 38, 172),
(1002, 38, 191),
(1003, 38, 409),
(1004, 38, 38),
(1005, 38, 410),
(1006, 38, 411),
(1007, 38, 23),
(1008, 38, 33),
(1009, 38, 35),
(1010, 38, 81),
(1011, 38, 83),
(1012, 38, 106),
(1013, 38, 177),
(1014, 38, 331),
(1015, 38, 395),
(1016, 38, 412),
(1017, 41, 128),
(1018, 41, 117),
(1019, 41, 25),
(1020, 41, 6),
(1021, 41, 70),
(1022, 41, 40),
(1023, 41, 291),
(1024, 41, 47),
(1025, 41, 60),
(1026, 41, 14),
(1027, 41, 285),
(1028, 41, 87),
(1029, 41, 10),
(1030, 41, 133),
(1031, 41, 73),
(1032, 41, 3),
(1033, 41, 53),
(1034, 41, 130),
(1035, 41, 120),
(1036, 41, 294),
(1037, 41, 11),
(1038, 41, 140),
(1039, 41, 333),
(1040, 41, 51),
(1041, 41, 41),
(1042, 41, 75),
(1043, 41, 298),
(1044, 41, 54),
(1045, 41, 171),
(1046, 41, 184),
(1047, 41, 43),
(1048, 41, 290),
(1049, 41, 172),
(1050, 41, 17),
(1051, 41, 62),
(1052, 41, 9),
(1053, 41, 18),
(1054, 41, 48),
(1055, 41, 76),
(1056, 41, 113),
(1057, 41, 8),
(1058, 41, 19),
(1059, 41, 64),
(1060, 41, 96),
(1061, 41, 158),
(1062, 41, 271),
(1063, 41, 345),
(1064, 41, 45),
(1065, 41, 98),
(1066, 41, 91),
(1067, 41, 31),
(1068, 41, 32),
(1069, 41, 119),
(1070, 41, 35),
(1071, 41, 395),
(1072, 41, 23),
(1073, 41, 327),
(1074, 41, 123),
(1075, 41, 83),
(1076, 41, 413),
(1077, 41, 414),
(1078, 41, 164),
(1079, 41, 415),
(1080, 41, 417),
(1081, 41, 416),
(1082, 41, 12),
(1083, 41, 103),
(1084, 41, 28),
(1085, 41, 104),
(1086, 41, 344),
(1087, 41, 299),
(1088, 41, 22),
(1089, 41, 33),
(1090, 41, 177),
(1091, 41, 418),
(1092, 41, 420),
(1093, 41, 419),
(1094, 41, 363),
(1095, 41, 373),
(1096, 41, 362),
(1097, 41, 357),
(1098, 41, 207),
(1099, 41, 208),
(1100, 41, 210),
(1101, 41, 421),
(1102, 41, 423),
(1103, 40, 328),
(1104, 40, 343),
(1105, 40, 5),
(1106, 40, 62),
(1107, 40, 20),
(1108, 40, 63),
(1109, 40, 176),
(1110, 40, 331),
(1111, 40, 167),
(1112, 40, 349),
(1113, 40, 424),
(1114, 40, 425),
(1115, 40, 64),
(1116, 40, 22),
(1117, 40, 32),
(1118, 40, 65),
(1119, 15, 107),
(1120, 15, 165),
(1121, 15, 70),
(1122, 15, 168),
(1123, 15, 10),
(1124, 15, 391),
(1125, 15, 3),
(1126, 15, 294),
(1127, 15, 75),
(1128, 15, 54),
(1129, 15, 5),
(1130, 15, 30),
(1131, 15, 76),
(1132, 15, 417),
(1133, 15, 109),
(1134, 15, 21),
(1135, 15, 266),
(1136, 15, 95),
(1137, 15, 176),
(1138, 15, 331),
(1139, 15, 178),
(1140, 40, 426),
(1141, 40, 427),
(1142, 40, 428),
(1143, 40, 429),
(1144, 40, 143),
(1145, 40, 53),
(1146, 40, 130),
(1147, 40, 303),
(1148, 40, 18),
(1149, 40, 144),
(1150, 40, 19),
(1151, 40, 145),
(1152, 40, 31),
(1153, 40, 34),
(1154, 40, 59),
(1155, 40, 311),
(1156, 37, 14),
(1157, 37, 39),
(1158, 37, 47),
(1159, 37, 167),
(1160, 37, 437),
(1161, 40, 430),
(1162, 40, 40),
(1163, 40, 431),
(1164, 40, 41),
(1165, 40, 297),
(1166, 40, 42),
(1167, 40, 432),
(1168, 40, 434),
(1169, 40, 8),
(1170, 40, 271),
(1171, 40, 433),
(1172, 40, 435),
(1173, 40, 45),
(1174, 40, 436),
(1175, 40, 23),
(1176, 40, 117),
(1177, 40, 441),
(1178, 40, 47),
(1179, 40, 133),
(1180, 40, 440),
(1181, 40, 442),
(1182, 40, 356),
(1183, 40, 354),
(1184, 40, 119),
(1185, 37, 3),
(1186, 37, 5),
(1187, 37, 8),
(1188, 37, 9),
(1189, 37, 10),
(1190, 37, 18),
(1191, 37, 19),
(1192, 37, 20),
(1193, 37, 21),
(1194, 37, 22),
(1195, 37, 27),
(1196, 37, 30),
(1197, 37, 33),
(1198, 37, 41),
(1199, 37, 43),
(1200, 37, 53),
(1201, 37, 58),
(1202, 37, 73),
(1203, 37, 76),
(1204, 37, 90),
(1205, 37, 113),
(1206, 37, 130),
(1207, 37, 171),
(1208, 37, 176),
(1209, 37, 290),
(1210, 37, 405),
(1211, 37, 419),
(1212, 37, 438),
(1213, 40, 439),
(1214, 40, 318),
(1215, 40, 282),
(1216, 40, 10),
(1217, 40, 391),
(1218, 40, 346),
(1219, 40, 73),
(1220, 40, 3),
(1221, 40, 443),
(1222, 40, 9),
(1223, 40, 444),
(1224, 40, 417),
(1225, 40, 445),
(1226, 40, 345),
(1227, 40, 419),
(1228, 40, 177),
(1229, 40, 124),
(1230, 40, 449),
(1231, 40, 13),
(1232, 40, 159),
(1233, 40, 6),
(1234, 40, 272),
(1235, 40, 87),
(1236, 40, 140),
(1237, 40, 103),
(1238, 40, 333),
(1239, 40, 447),
(1240, 40, 344),
(1241, 40, 172),
(1242, 40, 446),
(1243, 40, 448),
(1244, 40, 33),
(1245, 40, 35),
(1246, 40, 327),
(1247, 40, 450),
(1248, 40, 452),
(1249, 40, 184),
(1250, 40, 451),
(1251, 40, 453),
(1252, 40, 83),
(1253, 40, 455),
(1254, 41, 142),
(1255, 41, 370),
(1256, 1, 363),
(1257, 1, 370),
(1258, 1, 395),
(1259, 40, 193),
(1260, 40, 373),
(1263, 40, 191),
(1264, 32, 395),
(1265, 35, 370),
(1266, 35, 395),
(1267, 40, 142),
(1268, 40, 312),
(1269, 40, 370),
(1270, 9, 333),
(1271, 3, 142),
(1272, 3, 362),
(1273, 3, 363),
(1274, 3, 370),
(1275, 33, 362),
(1276, 33, 395),
(1277, 15, 363),
(1278, 37, 333),
(1279, 37, 370),
(1280, 38, 370),
(1281, 26, 370),
(1282, 26, 395),
(1283, 40, 456),
(1284, 40, 459),
(1285, 40, 421),
(1286, 40, 457),
(1287, 40, 458),
(1288, 40, 461),
(1289, 40, 465),
(1290, 40, 475),
(1291, 40, 467),
(1292, 40, 474),
(1293, 40, 460),
(1294, 40, 468),
(1295, 40, 471),
(1296, 40, 469),
(1297, 40, 462),
(1298, 40, 422),
(1299, 40, 473),
(1300, 40, 466),
(1301, 40, 464),
(1302, 40, 476),
(1303, 40, 472),
(1304, 40, 470),
(1305, 40, 463),
(1306, 40, 484),
(1307, 40, 477),
(1308, 40, 478),
(1309, 40, 480),
(1310, 40, 479),
(1311, 40, 481),
(1312, 40, 219),
(1313, 40, 482),
(1314, 40, 207),
(1315, 40, 381),
(1316, 40, 208),
(1317, 40, 210),
(1318, 40, 485),
(1319, 6, 211),
(1320, 6, 244),
(1321, 6, 246),
(1322, 6, 251),
(1323, 6, 245),
(1324, 6, 241),
(1325, 6, 233),
(1326, 6, 221),
(1327, 6, 253),
(1328, 6, 234),
(1329, 6, 247),
(1330, 6, 228),
(1331, 6, 217),
(1332, 6, 229),
(1333, 6, 223),
(1334, 6, 254),
(1335, 6, 230),
(1336, 6, 248),
(1337, 6, 255),
(1338, 6, 212),
(1339, 6, 224),
(1340, 6, 242),
(1341, 6, 237),
(1342, 6, 256),
(1343, 6, 235),
(1344, 6, 243),
(1345, 6, 236),
(1346, 6, 231),
(1347, 6, 225),
(1348, 6, 218),
(1349, 6, 213),
(1350, 6, 226),
(1351, 6, 249),
(1352, 6, 257),
(1353, 6, 258),
(1354, 6, 219),
(1355, 6, 250),
(1356, 6, 222),
(1357, 6, 214),
(1358, 6, 227),
(1359, 6, 252),
(1360, 6, 238),
(1361, 6, 239),
(1362, 6, 220),
(1363, 6, 232),
(1364, 6, 259),
(1365, 6, 215),
(1366, 6, 216),
(1367, 6, 240),
(1368, 6, 154),
(1369, 6, 13),
(1370, 6, 70),
(1371, 6, 47),
(1372, 6, 60),
(1373, 6, 14),
(1374, 6, 272),
(1375, 6, 179),
(1376, 6, 87),
(1377, 6, 10),
(1378, 6, 3),
(1379, 6, 134),
(1380, 6, 182),
(1381, 6, 130),
(1382, 6, 11),
(1383, 6, 103),
(1384, 6, 333),
(1385, 6, 186),
(1386, 6, 183),
(1387, 6, 75),
(1388, 6, 54),
(1389, 6, 151),
(1390, 6, 184),
(1391, 6, 55),
(1392, 6, 180),
(1393, 6, 290),
(1394, 6, 172),
(1395, 6, 5),
(1396, 6, 17),
(1397, 6, 9),
(1398, 6, 48),
(1399, 6, 76),
(1400, 6, 8),
(1401, 6, 19),
(1402, 6, 63),
(1403, 6, 158),
(1404, 6, 22),
(1405, 6, 45),
(1406, 6, 110),
(1407, 6, 32),
(1408, 6, 348),
(1409, 6, 33),
(1410, 6, 34),
(1411, 6, 35),
(1412, 6, 176),
(1413, 6, 185),
(1414, 6, 59),
(1415, 6, 23),
(1416, 6, 142),
(1417, 6, 331),
(1418, 6, 187),
(1419, 6, 83),
(1420, 6, 188),
(1421, 6, 62),
(1422, 6, 193),
(1423, 6, 363),
(1424, 6, 190),
(1425, 6, 191),
(1426, 6, 192),
(1427, 6, 202),
(1428, 6, 203),
(1429, 6, 204),
(1430, 6, 205),
(1431, 6, 206),
(1432, 6, 207),
(1433, 6, 209),
(1434, 6, 210),
(1435, 6, 260),
(1436, 6, 261),
(1437, 6, 262),
(1438, 6, 263),
(1439, 42, 107),
(1440, 42, 128),
(1441, 42, 165),
(1442, 42, 13),
(1443, 42, 6),
(1444, 42, 39),
(1445, 42, 70),
(1446, 42, 47),
(1447, 42, 60),
(1448, 42, 14),
(1449, 42, 87),
(1450, 42, 10),
(1451, 42, 370),
(1452, 42, 3),
(1453, 42, 53),
(1454, 42, 27),
(1455, 42, 293),
(1456, 42, 294),
(1457, 42, 295),
(1459, 42, 41),
(1460, 42, 297),
(1461, 42, 75),
(1462, 42, 298),
(1463, 42, 184),
(1464, 42, 299),
(1465, 42, 43),
(1466, 42, 300),
(1467, 42, 301),
(1468, 42, 290),
(1469, 42, 5),
(1470, 42, 62),
(1471, 42, 303),
(1472, 42, 304),
(1473, 42, 30),
(1474, 42, 305),
(1475, 42, 9),
(1476, 42, 18),
(1477, 42, 48),
(1478, 42, 76),
(1479, 42, 306),
(1480, 42, 113),
(1481, 42, 191),
(1482, 42, 171),
(1483, 42, 8),
(1484, 42, 308),
(1485, 42, 19),
(1486, 42, 20),
(1487, 42, 63),
(1488, 42, 64),
(1489, 42, 21),
(1490, 42, 145),
(1491, 42, 309),
(1492, 42, 46),
(1493, 42, 310),
(1494, 42, 312),
(1495, 42, 38),
(1496, 42, 32),
(1497, 42, 66),
(1498, 42, 81),
(1499, 42, 34),
(1500, 42, 35),
(1501, 42, 316),
(1502, 42, 136),
(1503, 42, 277),
(1504, 42, 177),
(1505, 42, 331),
(1506, 42, 315),
(1507, 42, 83),
(1508, 14, 25),
(1509, 14, 415),
(1510, 14, 166),
(1511, 14, 87),
(1512, 14, 53),
(1513, 14, 333),
(1514, 14, 13),
(1515, 14, 47),
(1516, 14, 70),
(1517, 14, 3),
(1518, 14, 5),
(1519, 14, 9),
(1520, 14, 10),
(1521, 14, 11),
(1522, 14, 14),
(1523, 14, 19),
(1524, 14, 20),
(1525, 14, 21),
(1526, 14, 26),
(1527, 14, 30),
(1528, 14, 104),
(1529, 14, 153),
(1530, 14, 157),
(1531, 14, 158),
(1532, 14, 294),
(1533, 14, 364),
(1534, 14, 486),
(1535, 14, 487),
(1536, 14, 146),
(1537, 14, 488),
(1538, 14, 176),
(1539, 14, 395),
(1540, 14, 59),
(1541, 14, 23),
(1542, 14, 331),
(1543, 14, 93),
(1544, 14, 207),
(1545, 14, 208),
(1546, 14, 210),
(1547, 43, 6),
(1548, 43, 12),
(1549, 43, 25),
(1550, 43, 126),
(1551, 43, 127),
(1552, 43, 164),
(1553, 43, 318),
(1554, 43, 328),
(1555, 43, 350),
(1556, 43, 3),
(1557, 43, 10),
(1558, 43, 11),
(1559, 43, 26),
(1560, 43, 39),
(1561, 43, 70),
(1563, 43, 80),
(1564, 43, 87),
(1565, 43, 138),
(1566, 43, 139),
(1567, 43, 148),
(1568, 43, 166),
(1569, 43, 167),
(1570, 43, 272),
(1571, 43, 406),
(1572, 43, 408),
(1573, 43, 489),
(1574, 43, 7),
(1576, 43, 51),
(1577, 43, 75),
(1578, 43, 84),
(1579, 43, 104),
(1580, 43, 135),
(1581, 43, 150),
(1582, 43, 186),
(1583, 43, 333),
(1584, 43, 490),
(1585, 43, 5),
(1586, 43, 9),
(1587, 43, 17),
(1588, 43, 30),
(1589, 43, 42),
(1590, 43, 67),
(1591, 43, 76),
(1592, 43, 90),
(1593, 43, 125),
(1594, 43, 153),
(1595, 43, 171),
(1596, 43, 172),
(1597, 43, 184),
(1598, 43, 278),
(1599, 43, 298),
(1600, 43, 451),
(1601, 43, 455),
(1602, 43, 491),
(1603, 43, 8),
(1604, 43, 20),
(1605, 43, 21),
(1606, 43, 31),
(1607, 43, 33),
(1608, 43, 35),
(1609, 43, 38),
(1610, 43, 63),
(1611, 43, 91),
(1612, 43, 106),
(1613, 43, 121),
(1614, 43, 122),
(1615, 43, 131),
(1616, 43, 146),
(1617, 43, 366),
(1618, 43, 395),
(1619, 43, 492),
(1620, 43, 23),
(1621, 43, 59),
(1622, 43, 331),
(1623, 43, 493),
(1624, 43, 111),
(1625, 43, 123),
(1626, 43, 275),
(1627, 43, 132),
(1628, 43, 495),
(1629, 22, 13),
(1630, 22, 10),
(1631, 22, 3),
(1632, 22, 43),
(1633, 22, 5),
(1634, 22, 8),
(1635, 22, 20),
(1636, 22, 31),
(1637, 44, 25),
(1638, 44, 6),
(1639, 44, 40),
(1640, 44, 47),
(1641, 44, 138),
(1642, 44, 87),
(1643, 44, 10),
(1644, 44, 3),
(1645, 44, 53),
(1646, 44, 27),
(1647, 44, 120),
(1648, 44, 11),
(1649, 44, 333),
(1650, 44, 75),
(1651, 44, 171),
(1652, 44, 43),
(1653, 44, 9),
(1654, 44, 8),
(1655, 44, 419),
(1656, 44, 35),
(1657, 44, 106),
(1658, 44, 23),
(1659, 44, 331),
(1660, 44, 178),
(1661, 44, 111),
(1662, 45, 14),
(1663, 45, 3),
(1664, 45, 8),
(1665, 45, 9),
(1666, 45, 10),
(1667, 45, 19),
(1668, 45, 20),
(1669, 45, 22),
(1670, 45, 30),
(1671, 45, 179),
(1672, 45, 184),
(1673, 45, 271),
(1674, 45, 272),
(1675, 45, 294),
(1676, 45, 333),
(1677, 45, 496),
(1678, 45, 5),
(1679, 45, 23),
(1680, 45, 32),
(1681, 45, 34),
(1682, 45, 216),
(1683, 45, 225),
(1684, 45, 331),
(1686, 45, 497),
(1687, 13, 47),
(1688, 13, 14),
(1689, 13, 171),
(1690, 13, 17),
(1691, 13, 48),
(1692, 13, 118),
(1693, 13, 22),
(1694, 13, 32),
(1695, 13, 395),
(1696, 13, 373),
(1697, 13, 53),
(1698, 13, 19),
(1699, 13, 31),
(1700, 13, 30),
(1701, 13, 133),
(1702, 13, 498),
(1703, 13, 11),
(1704, 13, 26),
(1705, 13, 36),
(1706, 13, 87),
(1707, 13, 98),
(1708, 13, 130),
(1709, 13, 172),
(1710, 13, 286),
(1711, 13, 499),
(1712, 13, 34),
(1713, 13, 39),
(1714, 13, 147),
(1715, 13, 500),
(1716, 13, 8),
(1717, 13, 23),
(1718, 13, 25),
(1719, 13, 35),
(1720, 13, 43),
(1721, 13, 94),
(1722, 13, 113),
(1723, 13, 402),
(1724, 13, 501),
(1725, 13, 5),
(1726, 13, 21),
(1727, 13, 63),
(1728, 13, 350),
(1729, 13, 503),
(1730, 13, 13),
(1731, 13, 20),
(1732, 13, 60),
(1733, 13, 106),
(1734, 13, 154),
(1735, 13, 170),
(1736, 13, 176),
(1737, 13, 179),
(1738, 13, 331),
(1739, 13, 504),
(1740, 13, 120),
(1741, 13, 293),
(1742, 13, 488),
(1743, 13, 505),
(1744, 13, 70),
(1745, 13, 76),
(1746, 13, 115),
(1747, 13, 121),
(1748, 13, 123),
(1749, 13, 164),
(1750, 13, 278),
(1751, 13, 333),
(1752, 13, 370),
(1753, 13, 417),
(1754, 13, 7),
(1755, 13, 9),
(1756, 13, 75),
(1757, 13, 409),
(1758, 13, 506),
(1759, 13, 3),
(1760, 13, 10),
(1761, 13, 38),
(1762, 13, 391),
(1763, 47, 3),
(1764, 47, 6),
(1765, 47, 7),
(1766, 47, 10),
(1767, 47, 13),
(1768, 47, 14),
(1769, 47, 27),
(1770, 47, 39),
(1771, 47, 41),
(1772, 47, 43),
(1773, 47, 47),
(1774, 47, 53),
(1775, 47, 54),
(1776, 47, 75),
(1777, 47, 87),
(1778, 47, 120),
(1779, 47, 126),
(1780, 47, 127),
(1781, 47, 130),
(1782, 47, 166),
(1783, 47, 167),
(1784, 47, 171),
(1785, 47, 186),
(1786, 47, 265),
(1787, 47, 272),
(1788, 47, 333),
(1789, 47, 363),
(1790, 47, 5),
(1791, 47, 8),
(1792, 47, 9),
(1793, 47, 17),
(1794, 47, 19),
(1795, 47, 21),
(1796, 47, 22),
(1797, 47, 30),
(1798, 47, 76),
(1799, 47, 96),
(1800, 47, 113),
(1801, 47, 210),
(1802, 47, 455),
(1803, 47, 507),
(1804, 47, 23),
(1805, 47, 32),
(1806, 47, 34),
(1807, 47, 35),
(1808, 47, 38),
(1809, 47, 93),
(1810, 47, 102),
(1811, 47, 110),
(1812, 47, 119),
(1813, 47, 123),
(1814, 47, 131),
(1815, 47, 132),
(1816, 47, 331),
(1817, 47, 395),
(1818, 47, 508),
(1819, 48, 3),
(1820, 48, 5),
(1821, 48, 9),
(1822, 48, 21),
(1823, 48, 23),
(1824, 25, 3),
(1825, 25, 5),
(1826, 25, 7),
(1827, 25, 8),
(1828, 25, 10),
(1829, 25, 11),
(1830, 25, 13),
(1831, 25, 14),
(1832, 25, 19),
(1833, 25, 23),
(1834, 25, 26),
(1835, 25, 27),
(1836, 25, 33),
(1837, 25, 35),
(1838, 25, 36),
(1839, 25, 39),
(1840, 25, 75),
(1841, 25, 76),
(1842, 25, 106),
(1843, 25, 172),
(1844, 25, 331),
(1845, 25, 333),
(1847, 49, 6),
(1848, 49, 14),
(1849, 49, 87),
(1850, 49, 10),
(1851, 49, 3),
(1852, 49, 290),
(1853, 49, 5),
(1854, 49, 9),
(1855, 49, 8),
(1856, 49, 19),
(1857, 49, 23),
(1858, 49, 331),
(1859, 50, 350),
(1860, 50, 154),
(1861, 50, 25),
(1862, 50, 6),
(1863, 50, 47),
(1864, 50, 14),
(1865, 50, 87),
(1866, 50, 10),
(1867, 50, 3),
(1868, 50, 53),
(1869, 50, 11),
(1870, 50, 394),
(1871, 50, 333),
(1872, 50, 51),
(1873, 50, 28),
(1875, 50, 186),
(1876, 50, 75),
(1877, 50, 7),
(1878, 50, 320),
(1879, 50, 55),
(1880, 50, 17),
(1881, 50, 62),
(1882, 50, 9),
(1883, 50, 76),
(1884, 50, 8),
(1885, 50, 19),
(1886, 50, 63),
(1887, 50, 96),
(1888, 50, 33),
(1889, 50, 509),
(1890, 50, 23),
(1891, 50, 34),
(1892, 50, 35),
(1893, 50, 106),
(1894, 50, 111),
(1895, 50, 177),
(1896, 50, 216),
(1897, 50, 221),
(1898, 50, 225),
(1899, 50, 236),
(1900, 50, 240),
(1901, 50, 243),
(1902, 50, 277),
(1903, 50, 288),
(1904, 50, 289),
(1905, 50, 331),
(1906, 50, 510),
(1907, 51, 3),
(1908, 51, 5),
(1909, 51, 8),
(1910, 51, 9),
(1911, 51, 10),
(1912, 51, 11),
(1913, 51, 18),
(1914, 51, 19),
(1915, 51, 26),
(1916, 51, 27),
(1917, 18, 3),
(1918, 18, 5),
(1919, 18, 6),
(1920, 18, 7),
(1921, 18, 8),
(1922, 18, 9),
(1923, 18, 10),
(1924, 18, 11),
(1925, 18, 14),
(1926, 18, 17),
(1927, 18, 26),
(1929, 18, 32),
(1930, 18, 35),
(1931, 18, 38),
(1932, 18, 39),
(1933, 18, 47),
(1934, 18, 51),
(1935, 18, 53),
(1936, 18, 62),
(1937, 18, 67),
(1938, 18, 75),
(1939, 18, 87),
(1940, 18, 92),
(1941, 18, 111),
(1942, 18, 113),
(1943, 18, 128),
(1944, 18, 135),
(1945, 18, 144),
(1946, 18, 162),
(1947, 18, 171),
(1948, 18, 172),
(1949, 18, 184),
(1950, 18, 266),
(1951, 18, 277),
(1952, 18, 331),
(1953, 18, 333),
(1954, 18, 345),
(1955, 18, 350),
(1956, 18, 395),
(1957, 18, 455),
(1958, 12, 3),
(1959, 12, 10),
(1960, 12, 13),
(1961, 12, 14),
(1962, 12, 26),
(1963, 12, 27),
(1964, 12, 40),
(1965, 12, 53),
(1966, 12, 128),
(1967, 12, 130),
(1968, 12, 164),
(1969, 12, 373),
(1970, 12, 5),
(1971, 12, 7),
(1972, 12, 8),
(1973, 12, 11),
(1974, 12, 19),
(1975, 12, 20),
(1976, 12, 21),
(1977, 12, 22),
(1978, 12, 23),
(1979, 12, 30),
(1980, 12, 35),
(1981, 12, 75),
(1982, 12, 76),
(1983, 12, 106),
(1984, 12, 110),
(1985, 12, 123),
(1986, 12, 172),
(1987, 12, 176),
(1988, 12, 178),
(1989, 12, 266),
(1990, 12, 294),
(1991, 12, 303),
(1992, 12, 331),
(1993, 12, 333),
(1994, 12, 395),
(1995, 12, 517),
(1996, 3, 357),
(1997, 33, 357),
(1998, 19, 357),
(1999, 43, 357),
(2000, 54, 52),
(2001, 54, 117),
(2002, 54, 13),
(2003, 54, 99),
(2004, 54, 47),
(2005, 54, 167),
(2006, 54, 14),
(2007, 54, 87),
(2008, 54, 10),
(2009, 54, 3),
(2010, 54, 363),
(2011, 54, 370),
(2012, 54, 536),
(2013, 54, 294),
(2014, 54, 447),
(2015, 54, 537),
(2016, 54, 41),
(2017, 54, 344),
(2018, 54, 171),
(2019, 54, 43),
(2020, 54, 90),
(2021, 54, 290),
(2022, 54, 5),
(2023, 54, 17),
(2024, 54, 62),
(2025, 54, 305),
(2026, 54, 9),
(2027, 54, 76),
(2028, 54, 113),
(2029, 54, 8),
(2030, 54, 19),
(2031, 54, 20),
(2032, 54, 271),
(2033, 54, 46),
(2034, 54, 312),
(2035, 54, 32),
(2036, 54, 348),
(2037, 54, 83),
(2038, 54, 176),
(2039, 54, 177),
(2040, 54, 277),
(2041, 54, 316),
(2042, 54, 395),
(2043, 54, 538),
(2044, 36, 535),
(2045, 36, 543),
(2046, 36, 527),
(2047, 36, 522),
(2048, 36, 523),
(2049, 36, 519),
(2050, 36, 528),
(2051, 36, 520),
(2052, 55, 3),
(2053, 55, 5),
(2054, 55, 8),
(2055, 55, 10),
(2056, 55, 11),
(2057, 55, 12),
(2058, 55, 13),
(2059, 55, 19),
(2060, 55, 33),
(2061, 55, 331),
(2062, 55, 391),
(2063, 59, 3),
(2064, 59, 5),
(2065, 59, 7),
(2066, 59, 8),
(2067, 59, 9),
(2068, 59, 10),
(2069, 59, 19),
(2070, 59, 27),
(2071, 59, 333),
(2072, 62, 621),
(2073, 29, 3),
(2074, 29, 5),
(2075, 29, 7),
(2076, 29, 8),
(2077, 29, 9),
(2078, 29, 10),
(2079, 29, 13),
(2080, 29, 14),
(2081, 29, 18),
(2082, 29, 19),
(2083, 29, 27),
(2084, 29, 35),
(2085, 29, 58),
(2086, 29, 113),
(2087, 29, 331),
(2088, 29, 391),
(2089, 62, 543),
(2090, 62, 221),
(2091, 62, 253),
(2092, 62, 236),
(2093, 62, 288),
(2094, 62, 225),
(2095, 62, 289),
(2096, 62, 249),
(2097, 62, 214),
(2098, 62, 238),
(2099, 62, 215),
(2100, 62, 216),
(2101, 62, 240),
(2102, 62, 624),
(2103, 62, 625),
(2104, 62, 599),
(2105, 62, 376),
(2106, 62, 622),
(2107, 62, 623),
(2108, 62, 542),
(2109, 62, 626),
(2110, 62, 627),
(2111, 63, 539),
(2112, 63, 544),
(2113, 63, 545),
(2114, 63, 547),
(2115, 63, 552),
(2116, 63, 587),
(2117, 63, 588),
(2118, 64, 544),
(2119, 64, 545),
(2120, 64, 546),
(2121, 64, 547),
(2122, 64, 548),
(2123, 64, 550),
(2124, 64, 551),
(2125, 64, 552),
(2126, 64, 554),
(2127, 64, 557),
(2128, 64, 559),
(2129, 64, 562),
(2130, 64, 563),
(2131, 64, 565),
(2132, 64, 567),
(2133, 64, 568),
(2134, 64, 569),
(2135, 64, 571),
(2136, 64, 572),
(2137, 64, 574),
(2138, 64, 575),
(2139, 64, 576),
(2140, 64, 578),
(2141, 64, 591),
(2142, 64, 592),
(2143, 64, 593),
(2144, 64, 594),
(2145, 64, 595),
(2146, 64, 596),
(2147, 65, 107),
(2148, 65, 328),
(2149, 65, 128),
(2150, 65, 13),
(2151, 65, 40),
(2152, 62, 633),
(2153, 62, 629),
(2154, 62, 631),
(2155, 62, 628),
(2156, 62, 632),
(2157, 62, 630),
(2158, 62, 634),
(2159, 62, 635),
(2160, 65, 3),
(2161, 65, 10),
(2162, 65, 11),
(2163, 65, 87),
(2164, 65, 138),
(2165, 65, 167),
(2166, 65, 391),
(2167, 65, 636),
(2168, 65, 184),
(2169, 65, 637),
(2170, 58, 522),
(2171, 58, 523),
(2172, 58, 518),
(2173, 58, 525),
(2174, 58, 521),
(2175, 58, 519),
(2176, 58, 526),
(2177, 58, 528),
(2178, 58, 520),
(2179, 65, 121),
(2180, 65, 266),
(2181, 65, 419),
(2182, 65, 23),
(2183, 65, 81),
(2184, 65, 106),
(2185, 65, 177),
(2186, 65, 641),
(2187, 65, 221),
(2188, 65, 331),
(2189, 65, 642),
(2190, 65, 622),
(2191, 65, 225),
(2192, 65, 249),
(2193, 65, 645),
(2194, 65, 238),
(2195, 65, 215),
(2196, 65, 597),
(2197, 65, 598),
(2198, 65, 600),
(2199, 65, 279),
(2200, 65, 334),
(2201, 65, 540),
(2202, 65, 565),
(2203, 65, 601),
(2204, 65, 602),
(2205, 65, 603),
(2206, 65, 604),
(2207, 65, 605),
(2208, 65, 606),
(2209, 65, 608),
(2210, 65, 610),
(2211, 65, 611),
(2212, 65, 612),
(2213, 65, 613),
(2214, 65, 614),
(2215, 65, 615),
(2216, 65, 616),
(2217, 65, 617),
(2218, 65, 619),
(2219, 65, 620),
(2220, 65, 646),
(2221, 68, 25),
(2222, 68, 6),
(2223, 68, 39),
(2224, 68, 14),
(2225, 68, 139),
(2226, 68, 3),
(2227, 68, 11),
(2228, 68, 140),
(2229, 68, 333),
(2230, 68, 186),
(2231, 68, 75),
(2232, 68, 67),
(2233, 68, 5),
(2234, 68, 278),
(2235, 68, 9),
(2236, 68, 8),
(2237, 68, 63),
(2238, 68, 96),
(2239, 68, 345),
(2240, 68, 35),
(2241, 68, 23),
(2242, 68, 331),
(2243, 68, 659),
(2244, 68, 658),
(2245, 68, 660),
(2246, 68, 661),
(2247, 28, 652),
(2248, 28, 648),
(2249, 28, 655),
(2250, 28, 656),
(2251, 28, 649),
(2252, 28, 651),
(2253, 28, 647),
(2254, 28, 650),
(2255, 28, 654),
(2256, 28, 653),
(2257, 28, 657),
(2258, 28, 589),
(2259, 28, 587),
(2260, 28, 590),
(2261, 28, 588),
(2262, 57, 535),
(2263, 57, 543),
(2264, 57, 529),
(2265, 57, 522),
(2266, 57, 523),
(2267, 57, 518),
(2268, 57, 524),
(2269, 57, 525),
(2270, 57, 521),
(2271, 57, 519),
(2272, 57, 526),
(2273, 57, 528),
(2274, 57, 520),
(2275, 60, 540),
(2276, 60, 541),
(2277, 69, 13),
(2278, 69, 40),
(2279, 69, 47),
(2280, 69, 14),
(2281, 69, 26),
(2282, 69, 10),
(2283, 69, 3),
(2284, 69, 53),
(2285, 69, 333),
(2286, 69, 7),
(2287, 69, 5),
(2288, 69, 303),
(2289, 69, 278),
(2290, 69, 30),
(2291, 69, 9),
(2292, 69, 76),
(2293, 69, 8),
(2294, 69, 63),
(2295, 69, 22),
(2296, 69, 35),
(2297, 69, 106),
(2298, 69, 23),
(2299, 69, 331),
(2300, 60, 668),
(2301, 60, 667),
(2302, 60, 662),
(2303, 60, 666),
(2304, 60, 663),
(2305, 60, 664),
(2306, 60, 665),
(2307, 60, 669),
(2308, 60, 542),
(2309, 53, 535),
(2310, 53, 543),
(2311, 53, 527),
(2312, 53, 529),
(2313, 53, 522),
(2314, 53, 523),
(2315, 53, 518),
(2316, 53, 524),
(2317, 53, 525),
(2318, 53, 521),
(2319, 53, 519),
(2320, 53, 526),
(2321, 53, 528),
(2322, 53, 520),
(2323, 53, 534),
(2324, 53, 531),
(2325, 53, 533),
(2326, 53, 530),
(2327, 53, 532),
(2328, 53, 539),
(2329, 68, 28),
(2330, 70, 3),
(2331, 70, 10),
(2332, 70, 25),
(2333, 70, 80),
(2334, 70, 352),
(2335, 70, 5),
(2336, 70, 8),
(2337, 70, 11),
(2338, 70, 13),
(2339, 70, 14),
(2340, 70, 26),
(2341, 70, 33),
(2342, 70, 70),
(2343, 70, 75),
(2344, 70, 93),
(2345, 70, 94),
(2346, 70, 98),
(2347, 70, 113),
(2348, 70, 122),
(2349, 70, 127),
(2350, 70, 138),
(2351, 70, 171),
(2352, 70, 178),
(2353, 70, 179),
(2354, 70, 290),
(2355, 70, 320),
(2356, 70, 331),
(2357, 70, 333),
(2358, 70, 670),
(2359, 70, 671),
(2360, 71, 6),
(2361, 71, 10),
(2362, 71, 3),
(2363, 71, 5),
(2364, 71, 23),
(2365, 71, 331),
(2366, 72, 3),
(2367, 72, 5),
(2368, 72, 8),
(2369, 72, 331),
(2370, 66, 107),
(2371, 66, 350),
(2372, 66, 128),
(2373, 66, 439),
(2374, 66, 129),
(2375, 66, 13),
(2376, 66, 6),
(2377, 66, 99),
(2378, 66, 40),
(2380, 66, 291),
(2381, 66, 47),
(2382, 66, 60),
(2383, 66, 14),
(2384, 66, 61),
(2385, 66, 285),
(2386, 66, 115),
(2387, 66, 143),
(2388, 66, 179),
(2389, 66, 87),
(2390, 66, 10),
(2391, 66, 133),
(2392, 66, 3),
(2393, 66, 53),
(2394, 66, 130),
(2395, 66, 27),
(2396, 66, 536),
(2397, 66, 294),
(2398, 66, 11),
(2399, 66, 333),
(2400, 66, 409),
(2401, 66, 51),
(2402, 66, 28),
(2404, 66, 135),
(2405, 66, 41),
(2406, 66, 94),
(2407, 66, 7),
(2408, 66, 344),
(2409, 66, 171),
(2410, 66, 299),
(2411, 66, 43),
(2412, 66, 290),
(2413, 66, 5),
(2414, 66, 17),
(2415, 66, 62),
(2416, 66, 303),
(2417, 66, 9),
(2418, 66, 18),
(2419, 66, 76),
(2420, 66, 113),
(2421, 66, 8),
(2422, 66, 19),
(2423, 66, 20),
(2424, 66, 63),
(2425, 66, 64),
(2426, 66, 96),
(2427, 66, 68),
(2428, 66, 21),
(2429, 66, 118),
(2430, 66, 271),
(2431, 66, 22),
(2432, 66, 345),
(2433, 66, 45),
(2434, 66, 98),
(2435, 66, 110),
(2436, 66, 91),
(2437, 66, 32),
(2438, 66, 348),
(2439, 66, 119),
(2440, 66, 95),
(2441, 66, 34),
(2442, 66, 35),
(2443, 66, 106),
(2444, 66, 176),
(2445, 66, 454),
(2446, 66, 23),
(2447, 66, 277),
(2448, 66, 177),
(2449, 66, 353),
(2450, 66, 331),
(2451, 66, 83),
(2452, 66, 111),
(2453, 66, 188),
(2454, 66, 363),
(2455, 66, 370),
(2456, 66, 362),
(2457, 66, 357),
(2458, 66, 674),
(2459, 66, 678),
(2460, 66, 681),
(2461, 66, 672),
(2462, 66, 391),
(2463, 66, 677),
(2464, 66, 680),
(2465, 66, 673),
(2466, 66, 184),
(2467, 66, 679),
(2468, 66, 30),
(2469, 66, 48),
(2470, 66, 682),
(2471, 66, 675),
(2472, 66, 676),
(2473, 66, 207),
(2474, 66, 381),
(2475, 66, 208),
(2476, 66, 210),
(2477, 47, 78),
(2478, 75, 164),
(2479, 75, 350),
(2480, 75, 128),
(2481, 75, 165),
(2482, 75, 13),
(2483, 75, 6),
(2484, 75, 39),
(2485, 75, 40),
(2486, 75, 47),
(2487, 75, 26),
(2488, 75, 87),
(2489, 75, 10),
(2490, 75, 139),
(2491, 75, 3),
(2492, 75, 53),
(2493, 75, 182),
(2494, 75, 27),
(2495, 75, 11),
(2496, 75, 333),
(2497, 75, 409),
(2498, 75, 51),
(2499, 75, 135),
(2500, 75, 75),
(2501, 75, 7),
(2502, 75, 171),
(2503, 75, 184),
(2504, 75, 153),
(2505, 75, 43),
(2506, 75, 125),
(2507, 75, 364),
(2508, 75, 5),
(2509, 75, 17),
(2510, 75, 9),
(2511, 75, 18),
(2512, 75, 113),
(2513, 75, 8),
(2514, 75, 19),
(2515, 75, 20),
(2516, 75, 63),
(2517, 75, 21),
(2518, 75, 345),
(2519, 75, 419),
(2520, 75, 266),
(2521, 75, 35),
(2522, 75, 106),
(2523, 75, 59),
(2524, 75, 23),
(2525, 75, 136),
(2526, 75, 331),
(2527, 75, 111),
(2528, 73, 128),
(2529, 73, 430),
(2530, 73, 154),
(2531, 73, 155),
(2532, 73, 99),
(2533, 73, 10),
(2534, 73, 3),
(2535, 73, 294),
(2536, 73, 266),
(2537, 73, 179),
(2538, 73, 120),
(2539, 73, 184),
(2540, 73, 63),
(2541, 73, 176),
(2542, 73, 5),
(2543, 73, 331),
(2544, 73, 13),
(2545, 73, 159),
(2546, 73, 28),
(2547, 73, 105),
(2548, 73, 106),
(2549, 73, 177),
(2550, 73, 127),
(2551, 73, 25),
(2552, 73, 6),
(2553, 73, 156),
(2554, 73, 70),
(2555, 73, 166),
(2556, 73, 14),
(2557, 73, 87),
(2558, 73, 333),
(2559, 73, 51),
(2560, 73, 7),
(2561, 73, 172),
(2562, 73, 35),
(2563, 73, 683),
(2564, 73, 47),
(2565, 73, 685),
(2566, 73, 17),
(2567, 73, 48),
(2568, 73, 684),
(2569, 77, 350),
(2570, 77, 39),
(2571, 77, 10),
(2572, 77, 139),
(2573, 77, 3),
(2574, 77, 11),
(2576, 77, 173),
(2577, 77, 5),
(2578, 77, 9),
(2579, 77, 76),
(2580, 77, 19),
(2581, 77, 21),
(2582, 77, 640),
(2583, 77, 106),
(2584, 77, 331),
(2585, 76, 350),
(2586, 73, 686),
(2587, 73, 167),
(2588, 73, 659),
(2589, 73, 160),
(2590, 73, 26),
(2591, 73, 407),
(2592, 73, 11),
(2593, 73, 409),
(2594, 73, 54),
(2595, 73, 278),
(2596, 73, 9),
(2597, 73, 76),
(2598, 73, 658),
(2599, 73, 46),
(2600, 73, 31),
(2601, 73, 95),
(2602, 73, 34),
(2603, 73, 395),
(2604, 76, 129),
(2605, 76, 687),
(2606, 73, 688),
(2607, 73, 40),
(2608, 73, 161),
(2609, 73, 8),
(2610, 73, 158),
(2611, 73, 271),
(2612, 73, 23),
(2613, 76, 689),
(2614, 73, 406),
(2615, 73, 673),
(2616, 73, 43),
(2617, 73, 455),
(2618, 73, 448),
(2619, 73, 19),
(2620, 73, 20),
(2621, 73, 22),
(2622, 73, 162),
(2623, 73, 310),
(2624, 73, 348),
(2625, 73, 538),
(2626, 73, 66),
(2627, 73, 682),
(2628, 73, 454),
(2629, 73, 61),
(2630, 73, 135),
(2631, 73, 300),
(2632, 73, 62),
(2633, 73, 312),
(2634, 73, 32),
(2635, 76, 6),
(2636, 76, 39),
(2637, 76, 690),
(2638, 73, 188),
(2639, 73, 193),
(2640, 73, 363),
(2641, 73, 369),
(2642, 73, 370),
(2643, 73, 373),
(2644, 73, 421),
(2645, 73, 361),
(2646, 73, 362),
(2647, 73, 191),
(2648, 73, 360),
(2649, 73, 357),
(2650, 73, 693),
(2651, 73, 692),
(2652, 76, 47),
(2653, 76, 691),
(2654, 73, 207),
(2655, 73, 381),
(2656, 73, 208),
(2657, 73, 210),
(2658, 73, 387),
(2659, 76, 3),
(2660, 76, 5),
(2661, 76, 7),
(2662, 76, 10),
(2663, 76, 18),
(2664, 76, 26),
(2665, 76, 27),
(2666, 76, 67),
(2667, 76, 75),
(2668, 76, 87),
(2669, 76, 94),
(2670, 76, 125),
(2671, 76, 133),
(2672, 76, 149),
(2673, 76, 172),
(2674, 76, 182),
(2675, 76, 278),
(2676, 76, 333),
(2677, 76, 409),
(2678, 76, 8),
(2679, 76, 19),
(2680, 76, 23),
(2681, 76, 31),
(2682, 76, 33),
(2683, 76, 35),
(2684, 76, 41),
(2685, 76, 63),
(2686, 76, 81),
(2687, 76, 98),
(2688, 76, 132),
(2689, 76, 158),
(2690, 76, 176),
(2691, 76, 331),
(2692, 78, 695),
(2693, 78, 697),
(2694, 78, 696),
(2695, 78, 704),
(2696, 78, 702),
(2697, 78, 699),
(2698, 78, 706),
(2699, 78, 698),
(2700, 78, 700),
(2701, 78, 703),
(2702, 78, 701),
(2703, 78, 707),
(2704, 78, 705),
(2705, 78, 542),
(2706, 78, 708),
(2707, 78, 709),
(2709, 78, 617),
(2710, 78, 620),
(2711, 79, 39),
(2712, 79, 40),
(2713, 79, 7),
(2714, 79, 42),
(2715, 79, 8),
(2716, 79, 158),
(2717, 79, 146),
(2718, 79, 23),
(2719, 79, 87),
(2720, 79, 11),
(2721, 79, 711),
(2722, 79, 30),
(2723, 79, 710),
(2724, 79, 19),
(2725, 4, 587),
(2726, 4, 588),
(2727, 4, 541),
(2728, 4, 715),
(2729, 79, 328),
(2730, 79, 13),
(2731, 79, 70),
(2732, 79, 166),
(2733, 79, 179),
(2734, 79, 352),
(2735, 79, 3),
(2736, 79, 170),
(2737, 79, 104),
(2738, 79, 75),
(2739, 79, 671),
(2740, 79, 5),
(2741, 79, 278),
(2742, 79, 76),
(2743, 79, 417),
(2744, 79, 712),
(2745, 79, 713),
(2746, 79, 63),
(2747, 79, 714),
(2748, 79, 508),
(2749, 79, 716),
(2750, 79, 38),
(2751, 79, 274),
(2752, 79, 122),
(2753, 79, 331),
(2754, 4, 618),
(2755, 4, 717),
(2756, 4, 718),
(2757, 4, 719),
(2758, 4, 720),
(2759, 4, 721),
(2760, 79, 722),
(2761, 79, 25),
(2762, 79, 47),
(2763, 79, 723),
(2764, 79, 178),
(2765, 79, 724),
(2766, 5, 10),
(2767, 5, 3),
(2768, 5, 5),
(2769, 5, 331),
(2770, 80, 47),
(2771, 80, 26),
(2772, 80, 87),
(2773, 80, 10),
(2774, 80, 3),
(2775, 80, 408),
(2776, 80, 333),
(2777, 80, 723),
(2778, 80, 5),
(2779, 80, 30),
(2780, 80, 76),
(2781, 80, 20),
(2782, 80, 106),
(2783, 80, 23),
(2784, 80, 331),
(2785, 81, 730),
(2786, 81, 728),
(2787, 81, 732),
(2788, 81, 734),
(2789, 81, 731),
(2790, 81, 729),
(2791, 81, 727),
(2792, 81, 735),
(2793, 81, 725),
(2794, 81, 733),
(2795, 81, 726),
(2796, 81, 736),
(2797, 81, 737),
(2798, 81, 738),
(2799, 81, 739),
(2800, 81, 740),
(2801, 81, 741),
(2802, 81, 743),
(2803, 81, 744),
(2804, 81, 745),
(2805, 81, 746),
(2806, 81, 747),
(2807, 81, 748),
(2808, 82, 749),
(2809, 82, 750),
(2810, 82, 351),
(2811, 82, 18),
(2812, 82, 20),
(2813, 82, 640),
(2814, 9, 28),
(2815, 82, 14),
(2816, 82, 10),
(2817, 82, 53),
(2818, 82, 171),
(2819, 82, 43),
(2820, 82, 290),
(2821, 82, 113),
(2822, 82, 8),
(2823, 82, 64),
(2824, 82, 32),
(2825, 82, 348),
(2826, 82, 81),
(2827, 82, 395),
(2828, 82, 751),
(2829, 82, 191),
(2830, 45, 28),
(2831, 82, 718),
(2832, 25, 28),
(2833, 82, 754),
(2834, 82, 753),
(2835, 82, 752),
(2836, 82, 755),
(2837, 82, 756),
(2838, 82, 757),
(2839, 82, 758),
(2840, 82, 759),
(2841, 84, 5),
(2842, 84, 10),
(2843, 84, 331),
(2844, 84, 760),
(2845, 83, 107),
(2846, 83, 267),
(2847, 83, 12),
(2848, 83, 13),
(2849, 83, 393),
(2850, 83, 3),
(2851, 83, 333),
(2852, 83, 5),
(2853, 83, 278),
(2854, 83, 76),
(2855, 83, 8),
(2856, 83, 19),
(2857, 83, 66),
(2858, 83, 95),
(2859, 83, 395),
(2860, 83, 23),
(2861, 83, 331),
(2862, 43, 394),
(2863, 24, 394),
(2864, 35, 394),
(2865, 9, 394),
(2866, 83, 761),
(2867, 83, 762),
(2868, 83, 763),
(2869, 83, 764),
(2870, 83, 207),
(2871, 83, 208),
(2872, 83, 210),
(2873, 42, 51),
(2874, 82, 766),
(2875, 82, 767),
(2876, 82, 768),
(2877, 82, 769),
(2878, 82, 778),
(2879, 82, 770),
(2880, 82, 771),
(2881, 82, 773),
(2882, 82, 772),
(2883, 82, 774),
(2884, 82, 775),
(2885, 82, 776),
(2886, 82, 765),
(2887, 82, 777),
(2888, 82, 779),
(2889, 82, 780),
(2890, 82, 789),
(2891, 82, 791),
(2892, 82, 792),
(2893, 82, 790),
(2894, 82, 616),
(2895, 82, 793),
(2896, 82, 794),
(2897, 82, 795),
(2898, 82, 796),
(2899, 82, 634),
(2900, 82, 797),
(2901, 82, 798),
(2902, 82, 802),
(2903, 82, 801),
(2904, 82, 800),
(2905, 82, 799),
(2906, 82, 803),
(2907, 82, 804),
(2908, 82, 805),
(2909, 82, 635),
(2910, 82, 806),
(2911, 82, 820),
(2912, 82, 574),
(2913, 82, 821),
(2914, 82, 822),
(2915, 82, 823),
(2916, 82, 824),
(2917, 82, 810),
(2918, 82, 811),
(2919, 82, 808),
(2920, 82, 809),
(2921, 82, 807),
(2922, 82, 812),
(2923, 82, 813),
(2924, 82, 814),
(2925, 82, 815),
(2926, 82, 816),
(2927, 82, 817),
(2928, 82, 818),
(2929, 82, 819),
(2930, 82, 535),
(2931, 82, 825),
(2932, 82, 826),
(2933, 82, 827),
(2934, 82, 829),
(2935, 82, 828),
(2936, 82, 830),
(2937, 82, 534),
(2938, 82, 831),
(2939, 82, 832),
(2940, 82, 833),
(2941, 89, 128),
(2942, 89, 167),
(2943, 89, 26),
(2944, 89, 10),
(2945, 89, 3),
(2946, 89, 294),
(2947, 89, 409),
(2948, 89, 135),
(2949, 89, 75),
(2950, 89, 9),
(2951, 89, 76),
(2952, 89, 38),
(2953, 89, 177),
(2954, 89, 370),
(2955, 89, 40),
(2956, 89, 27),
(2957, 89, 8),
(2958, 89, 23),
(2959, 89, 11),
(2960, 89, 172),
(2961, 89, 834),
(2962, 89, 34),
(2963, 89, 316),
(2964, 89, 87),
(2965, 89, 53),
(2966, 89, 54),
(2967, 89, 55),
(2968, 89, 19),
(2969, 89, 499),
(2970, 89, 59),
(2971, 89, 835),
(2972, 89, 154),
(2973, 89, 25),
(2974, 89, 13),
(2975, 89, 6),
(2976, 89, 99),
(2977, 89, 39),
(2978, 89, 156),
(2979, 89, 70),
(2980, 89, 47),
(2981, 89, 101),
(2982, 89, 14),
(2983, 89, 272),
(2984, 89, 133),
(2985, 89, 293),
(2986, 89, 333),
(2987, 89, 51),
(2988, 89, 105),
(2989, 89, 171),
(2990, 89, 184),
(2991, 89, 180),
(2992, 89, 5),
(2993, 89, 48),
(2994, 89, 20),
(2995, 89, 21),
(2996, 89, 22),
(2997, 89, 32),
(2998, 89, 488),
(2999, 89, 81),
(3000, 89, 35),
(3001, 89, 176),
(3002, 89, 395),
(3003, 89, 331),
(3004, 89, 178),
(3005, 89, 362),
(3006, 89, 357),
(3007, 89, 224),
(3008, 89, 222),
(3009, 89, 836),
(3010, 89, 837),
(3011, 89, 838),
(3012, 89, 207),
(3013, 89, 208),
(3014, 89, 210),
(3015, 66, 103),
(3016, 9, 103),
(3017, 89, 847),
(3018, 89, 870),
(3019, 89, 868),
(3020, 89, 865),
(3021, 89, 876),
(3022, 89, 877),
(3023, 89, 863),
(3024, 89, 859),
(3025, 89, 849),
(3026, 89, 858),
(3027, 89, 841),
(3028, 89, 852),
(3029, 89, 840),
(3030, 89, 857),
(3031, 89, 875),
(3032, 89, 848),
(3033, 89, 874),
(3034, 89, 844),
(3035, 89, 861),
(3036, 89, 862),
(3037, 89, 842),
(3038, 89, 866),
(3039, 89, 845),
(3040, 89, 869),
(3041, 89, 873),
(3042, 89, 872),
(3043, 89, 853),
(3044, 89, 850),
(3045, 89, 871),
(3046, 89, 843),
(3047, 89, 860),
(3048, 89, 878),
(3049, 89, 855),
(3050, 89, 854),
(3051, 89, 856),
(3052, 89, 851),
(3053, 89, 864),
(3054, 89, 867),
(3055, 89, 839),
(3056, 89, 846),
(3057, 88, 10),
(3058, 88, 3),
(3059, 88, 11),
(3060, 88, 5),
(3061, 88, 8),
(3062, 87, 188),
(3063, 87, 363),
(3064, 87, 190),
(3065, 87, 370),
(3066, 87, 373),
(3067, 87, 674),
(3068, 87, 692),
(3069, 87, 422),
(3070, 87, 421),
(3071, 87, 464),
(3072, 87, 361),
(3073, 87, 362),
(3074, 87, 191),
(3075, 87, 137),
(3076, 87, 61),
(3077, 87, 294),
(3078, 87, 171),
(3079, 87, 62),
(3080, 87, 675),
(3081, 87, 879),
(3082, 87, 880),
(3083, 87, 881),
(3084, 87, 882),
(3085, 87, 883),
(3086, 87, 884),
(3087, 87, 885),
(3088, 87, 886),
(3089, 87, 887),
(3090, 87, 888),
(3091, 87, 890),
(3092, 87, 891),
(3093, 87, 892),
(3094, 87, 893),
(3095, 87, 889),
(3096, 87, 894),
(3097, 87, 898),
(3098, 87, 897),
(3099, 87, 895),
(3100, 87, 899),
(3101, 87, 896),
(3102, 87, 207),
(3103, 87, 381),
(3104, 87, 208),
(3105, 87, 210),
(3106, 87, 165),
(3107, 87, 127),
(3108, 87, 154),
(3109, 87, 117),
(3110, 87, 441),
(3111, 87, 13),
(3112, 87, 6),
(3113, 87, 39),
(3114, 87, 280),
(3115, 87, 47),
(3116, 87, 60),
(3117, 87, 14),
(3118, 87, 390),
(3119, 87, 285),
(3120, 87, 115),
(3121, 87, 282),
(3122, 87, 87),
(3123, 87, 10),
(3124, 87, 346),
(3125, 87, 3),
(3126, 87, 53),
(3127, 87, 27),
(3128, 87, 517),
(3129, 87, 333),
(3130, 87, 28),
(3131, 87, 104),
(3132, 87, 299),
(3133, 87, 43),
(3134, 87, 37),
(3135, 87, 290),
(3136, 87, 172),
(3137, 87, 434),
(3138, 87, 152),
(3139, 87, 5),
(3140, 87, 17),
(3141, 87, 304),
(3142, 87, 30),
(3143, 87, 305),
(3144, 87, 9),
(3145, 87, 48),
(3146, 87, 76),
(3147, 87, 113),
(3148, 87, 8),
(3149, 87, 19),
(3150, 87, 63),
(3151, 87, 64),
(3152, 87, 162),
(3153, 87, 345),
(3154, 87, 639),
(3155, 87, 98),
(3156, 87, 419),
(3157, 87, 46),
(3158, 87, 58),
(3159, 87, 91),
(3160, 87, 266),
(3161, 87, 32),
(3162, 87, 348),
(3163, 87, 66),
(3164, 87, 81),
(3165, 87, 34),
(3166, 87, 316),
(3167, 87, 106),
(3168, 87, 176),
(3169, 87, 395),
(3170, 87, 177),
(3171, 87, 331),
(3172, 87, 83),
(3173, 43, 409),
(3174, 9, 409),
(3175, 50, 409),
(3176, 18, 409),
(3177, 87, 900),
(3178, 87, 904),
(3179, 87, 922),
(3180, 87, 925),
(3181, 87, 912),
(3182, 87, 936),
(3183, 87, 916),
(3184, 87, 902),
(3185, 87, 927),
(3186, 87, 921),
(3187, 87, 908),
(3188, 87, 911),
(3189, 87, 929),
(3190, 87, 917),
(3191, 87, 928),
(3192, 87, 926),
(3193, 87, 907),
(3194, 87, 910),
(3195, 87, 905),
(3196, 87, 933),
(3197, 87, 923),
(3198, 87, 903),
(3199, 87, 934),
(3200, 87, 935),
(3201, 87, 909),
(3202, 87, 924),
(3203, 87, 901),
(3204, 87, 931),
(3205, 87, 930),
(3206, 87, 913),
(3207, 87, 920),
(3208, 87, 914),
(3209, 87, 919),
(3210, 87, 906),
(3211, 87, 918),
(3212, 87, 915),
(3213, 87, 932),
(3214, 87, 937),
(3215, 87, 939),
(3216, 87, 938),
(3217, 87, 940),
(3218, 87, 953),
(3219, 87, 954),
(3220, 87, 955),
(3221, 87, 956),
(3222, 87, 950),
(3223, 87, 949),
(3224, 87, 946),
(3225, 87, 948),
(3226, 87, 944),
(3227, 87, 947),
(3228, 87, 943),
(3229, 87, 941),
(3230, 87, 942),
(3231, 87, 945),
(3232, 87, 951),
(3233, 87, 952),
(3234, 87, 960),
(3235, 87, 959),
(3236, 87, 961),
(3237, 87, 958),
(3238, 87, 957),
(3239, 87, 962),
(3240, 87, 964),
(3241, 87, 963),
(3242, 87, 965),
(3243, 87, 967),
(3244, 87, 966),
(3245, 87, 968),
(3246, 87, 973),
(3247, 87, 970),
(3248, 87, 969),
(3249, 87, 971),
(3250, 87, 972),
(3251, 87, 976),
(3252, 87, 974),
(3253, 87, 975),
(3254, 82, 668),
(3255, 95, 165),
(3256, 95, 291),
(3257, 95, 10),
(3258, 95, 391),
(3259, 95, 3),
(3260, 95, 345),
(3261, 95, 353),
(3262, 95, 6),
(3263, 95, 7),
(3264, 95, 35),
(3265, 95, 39),
(3266, 95, 87),
(3267, 95, 113),
(3268, 95, 164),
(3269, 95, 305),
(3270, 95, 333),
(3271, 95, 977),
(3272, 95, 31),
(3273, 95, 495),
(3274, 95, 978),
(3275, 95, 139),
(3276, 95, 290),
(3277, 95, 979),
(3278, 95, 8),
(3279, 95, 14),
(3280, 95, 23),
(3281, 95, 40),
(3282, 95, 43),
(3283, 95, 182),
(3284, 95, 517),
(3285, 95, 640),
(3286, 95, 980),
(3287, 95, 27),
(3288, 95, 41),
(3289, 95, 688),
(3290, 95, 981),
(3291, 95, 11),
(3292, 95, 46),
(3293, 95, 401),
(3294, 95, 982),
(3295, 95, 18),
(3296, 95, 19),
(3297, 95, 30),
(3298, 95, 55),
(3299, 95, 983),
(3300, 95, 53),
(3301, 95, 58),
(3302, 95, 152),
(3303, 95, 984),
(3304, 95, 9),
(3305, 95, 33),
(3306, 95, 60),
(3307, 95, 67),
(3308, 95, 76),
(3309, 95, 91),
(3310, 95, 167),
(3311, 95, 173),
(3312, 95, 177),
(3313, 95, 184),
(3314, 95, 395),
(3315, 95, 985),
(3316, 95, 5),
(3317, 95, 20),
(3318, 95, 21),
(3319, 95, 22),
(3320, 95, 303),
(3321, 95, 331),
(3322, 95, 350),
(3323, 95, 673),
(3324, 95, 907),
(3325, 95, 986),
(3326, 95, 171),
(3327, 95, 357),
(3328, 95, 362),
(3329, 95, 370),
(3330, 95, 373),
(3331, 95, 987),
(3332, 95, 988),
(3334, 50, 110),
(3335, 96, 5),
(3336, 96, 6),
(3337, 96, 8),
(3338, 96, 9),
(3339, 96, 10),
(3340, 96, 21),
(3341, 96, 23),
(3342, 97, 3),
(3343, 97, 5),
(3344, 97, 6),
(3345, 97, 9),
(3346, 97, 10),
(3347, 97, 21),
(3348, 97, 23),
(3349, 97, 25),
(3350, 97, 26),
(3351, 97, 87),
(3352, 97, 290),
(3353, 97, 331),
(3354, 97, 333),
(3355, 53, 997),
(3356, 2, 996),
(3357, 2, 995),
(3358, 41, 998),
(3359, 68, 998),
(3360, 29, 998),
(3361, 87, 998),
(3362, 6, 998),
(3363, 1, 998),
(3364, 43, 998),
(3365, 76, 998),
(3366, 89, 998),
(3367, 71, 998),
(3368, 66, 998),
(3369, 42, 998),
(3370, 32, 998),
(3371, 24, 998),
(3372, 44, 998),
(3373, 35, 998),
(3374, 40, 998),
(3375, 78, 998),
(3376, 28, 998),
(3377, 72, 998),
(3378, 9, 998),
(3379, 3, 998),
(3380, 81, 998),
(3381, 33, 998),
(3382, 83, 998),
(3383, 15, 998),
(3384, 13, 998),
(3385, 59, 998),
(3386, 45, 998),
(3387, 82, 998),
(3388, 37, 998),
(3389, 38, 998),
(3390, 19, 998),
(3391, 84, 998),
(3392, 77, 998),
(3393, 55, 998),
(3394, 58, 998),
(3395, 22, 998),
(3396, 8, 998),
(3397, 96, 998),
(3398, 27, 998),
(3399, 50, 998),
(3400, 12, 998),
(3401, 69, 998),
(3402, 26, 998),
(3403, 25, 998),
(3404, 18, 998),
(3405, 80, 998),
(3406, 97, 998),
(3407, 48, 998),
(3408, 5, 998),
(3409, 14, 998),
(3410, 79, 998),
(3411, 95, 998),
(3412, 7, 998),
(3413, 54, 998),
(3414, 73, 998),
(3415, 70, 998),
(3416, 75, 998),
(3417, 88, 998),
(3418, 39, 998),
(3419, 32, 321),
(3420, 32, 561),
(3421, 32, 566),
(3422, 69, 561),
(3423, 69, 564),
(3424, 69, 989),
(3425, 69, 991),
(3426, 69, 558),
(3427, 69, 566),
(3428, 69, 994),
(3429, 69, 999),
(3430, 69, 555),
(3431, 32, 989),
(3432, 32, 564),
(3433, 32, 991),
(3434, 32, 994),
(3435, 32, 558),
(3436, 32, 999),
(3437, 32, 555),
(3438, 18, 566),
(3439, 18, 561),
(3440, 18, 989),
(3441, 18, 564),
(3442, 18, 991),
(3443, 18, 994),
(3444, 18, 558),
(3445, 18, 999),
(3446, 18, 555),
(3447, 98, 3),
(3448, 98, 331),
(3450, 67, 549),
(3451, 34, 1002),
(3452, 34, 1003),
(3453, 99, 1000),
(3454, 34, 514),
(3455, 98, 999),
(3456, 100, 1000),
(3457, 100, 760),
(3458, 99, 210),
(3459, 34, 1005),
(3460, 9, 991),
(3461, 70, 561),
(3462, 7, 561),
(3463, 33, 561),
(3464, 98, 994),
(3465, 83, 561),
(3466, 4, 1007),
(3467, 101, 998),
(3468, 102, 998),
(3469, 102, 3),
(3470, 102, 5),
(3471, 102, 6),
(3472, 102, 10),
(3473, 102, 11),
(3474, 102, 14),
(3475, 102, 21),
(3476, 102, 23),
(3477, 102, 26),
(3478, 102, 33),
(3479, 102, 36),
(3480, 102, 39),
(3481, 102, 111),
(3482, 102, 290),
(3483, 102, 331),
(3484, 102, 333),
(3485, 103, 1006),
(3486, 104, 10),
(3487, 104, 3),
(3488, 104, 5),
(3489, 104, 20),
(3490, 104, 21),
(3491, 104, 176),
(3492, 104, 331),
(3493, 104, 357),
(3494, 104, 22),
(3495, 104, 53),
(3496, 104, 11),
(3497, 104, 30),
(3498, 104, 19),
(3499, 104, 905),
(3500, 104, 40),
(3501, 104, 27),
(3502, 104, 8),
(3503, 104, 23),
(3504, 104, 41),
(3505, 104, 43),
(3506, 104, 9),
(3507, 104, 395),
(3508, 104, 99),
(3509, 104, 14),
(3510, 104, 13),
(3511, 104, 12),
(3512, 104, 184),
(3513, 104, 25),
(3514, 104, 39),
(3515, 104, 87),
(3516, 104, 333),
(3517, 104, 7),
(3518, 104, 35),
(3519, 104, 165),
(3520, 104, 171),
(3521, 104, 113),
(3522, 13, 299),
(3523, 83, 564),
(3524, 105, 542),
(3525, 105, 539),
(3526, 34, 215),
(3527, 34, 287),
(3528, 25, 387),
(3529, 56, 1014),
(3530, 56, 1015),
(3531, 56, 1016),
(3532, 56, 1017),
(3533, 56, 1018),
(3534, 106, 996),
(3535, 106, 995),
(3536, 106, 341),
(3537, 106, 337),
(3538, 106, 338),
(3539, 106, 340),
(3540, 106, 336),
(3541, 106, 342),
(3542, 106, 339),
(3543, 107, 540),
(3544, 107, 668),
(3545, 107, 667),
(3546, 107, 662),
(3547, 107, 666),
(3548, 107, 663),
(3549, 107, 664),
(3550, 107, 665),
(3551, 108, 387),
(3552, 109, 387),
(3553, 110, 543),
(3554, 110, 527),
(3555, 110, 529),
(3556, 110, 522),
(3557, 110, 523),
(3558, 110, 518),
(3559, 110, 524),
(3560, 110, 525),
(3561, 110, 521),
(3562, 110, 519),
(3563, 110, 526),
(3564, 110, 528),
(3565, 110, 520),
(3566, 110, 535),
(3567, 112, 287),
(3569, 112, 704),
(3570, 114, 543),
(3571, 114, 527),
(3572, 114, 529),
(3573, 114, 522),
(3574, 114, 523),
(3575, 114, 518),
(3576, 114, 525),
(3577, 114, 521),
(3578, 114, 519),
(3579, 114, 526),
(3580, 114, 528),
(3581, 114, 520),
(3582, 114, 535),
(3583, 115, 609),
(3584, 115, 542),
(3585, 113, 1030),
(3586, 116, 624),
(3587, 107, 1031),
(3588, 39, 1019),
(3589, 39, 1020),
(3590, 39, 1021),
(3591, 70, 1019),
(3592, 70, 1020),
(3593, 70, 1021),
(3594, 33, 1019),
(3595, 33, 1020),
(3596, 33, 1021),
(3597, 18, 1019),
(3598, 18, 1020),
(3599, 18, 1021),
(3600, 7, 1019),
(3601, 7, 1020),
(3602, 7, 1021),
(3603, 109, 1019),
(3604, 109, 1020),
(3605, 109, 1021),
(3606, 39, 994),
(3607, 2, 1009),
(3608, 2, 1011),
(3609, 2, 1012),
(3610, 2, 1010),
(3611, 39, 561),
(3612, 19, 561),
(3613, 19, 564),
(3614, 19, 1028),
(3615, 29, 561),
(3616, 29, 564),
(3617, 29, 1028),
(3618, 117, 10),
(3619, 117, 3),
(3620, 117, 333),
(3621, 117, 5),
(3622, 117, 8),
(3623, 117, 998),
(3624, 117, 566),
(3625, 117, 561),
(3626, 117, 989),
(3627, 117, 564),
(3628, 117, 1028),
(3629, 117, 991),
(3630, 117, 994),
(3631, 117, 999),
(3632, 117, 23),
(3633, 117, 331),
(3634, 19, 991),
(3635, 56, 1004),
(3636, 56, 989),
(3637, 56, 991),
(3638, 56, 994),
(3639, 56, 555),
(3640, 117, 555),
(3641, 118, 1004),
(3642, 118, 989),
(3643, 118, 564),
(3644, 118, 991),
(3645, 118, 994),
(3646, 118, 558),
(3647, 118, 999),
(3648, 118, 555),
(3649, 18, 76),
(3650, 18, 90),
(3651, 19, 14),
(3652, 19, 41),
(3653, 19, 13),
(3654, 19, 370),
(3655, 70, 1027),
(3656, 69, 1027),
(3657, 56, 1027),
(3658, 18, 1029),
(3659, 32, 1029),
(3660, 56, 121),
(3661, 118, 13),
(3662, 67, 1001),
(3663, 117, 28),
(3664, 117, 20),
(3665, 117, 39),
(3666, 117, 104),
(3667, 117, 121),
(3668, 9, 1013),
(3669, 7, 1022),
(3670, 39, 1022),
(3671, 106, 587),
(3672, 118, 22),
(3673, 7, 387),
(3674, 33, 171),
(3675, 18, 27),
(3676, 25, 9),
(3677, 16, 3),
(3678, 16, 555),
(3679, 16, 558),
(3680, 16, 561),
(3681, 16, 991),
(3682, 16, 994),
(3683, 18, 271),
(3684, 7, 333),
(3685, 53, 1032),
(3686, 33, 1023),
(3687, 33, 1025),
(3688, 33, 1026),
(3689, 25, 1023),
(3690, 25, 1025),
(3691, 25, 1026),
(3692, 56, 1023),
(3693, 56, 1025),
(3694, 56, 1026),
(3695, 7, 1023),
(3696, 7, 1025),
(3697, 7, 1026),
(3698, 109, 1023),
(3699, 109, 1025),
(3700, 109, 1026),
(3701, 117, 1023),
(3702, 117, 1025),
(3703, 117, 1026),
(3704, 99, 1023),
(3705, 99, 1025),
(3706, 99, 1026),
(3707, 18, 1023),
(3708, 18, 1025),
(3709, 18, 1026),
(3710, 83, 1023),
(3711, 83, 1025),
(3712, 83, 1026),
(3713, 118, 1023),
(3714, 118, 1025),
(3715, 118, 1026),
(3716, 29, 1023),
(3717, 29, 1025),
(3718, 29, 1026),
(3719, 43, 40),
(3720, 19, 1026),
(3721, 98, 1026),
(3722, 18, 19),
(3723, 19, 8),
(3724, 25, 53),
(3725, 118, 561),
(3726, 34, 704),
(3727, 34, 512),
(3728, 34, 1033),
(3729, 39, 999),
(3730, 56, 1034),
(3731, 119, 1023),
(3732, 25, 133),
(3733, 118, 8),
(3734, 70, 76),
(3735, 18, 18),
(3736, 18, 143),
(3737, 43, 13),
(3738, 120, 1023),
(3739, 33, 425),
(3740, 70, 176),
(3741, 39, 991),
(3742, 118, 1000),
(3743, 118, 1035),
(3744, 83, 760),
(3745, 83, 1000),
(3746, 107, 1036),
(3747, 16, 1023),
(3748, 5, 1026),
(3749, 83, 1037),
(3750, 83, 1038),
(3751, 83, 1039),
(3752, 118, 1037),
(3753, 118, 1038),
(3754, 118, 1039),
(3755, 18, 1037),
(3756, 18, 1038),
(3757, 18, 1039),
(3758, 99, 1037),
(3759, 99, 1038),
(3760, 99, 1039),
(3761, 45, 1037),
(3762, 45, 1038),
(3763, 45, 1039),
(3764, 106, 1009),
(3765, 26, 1037),
(3766, 26, 1038),
(3767, 26, 1039),
(3768, 121, 3),
(3769, 83, 1040),
(3770, 32, 1040),
(3771, 12, 48),
(3772, 89, 1041),
(3773, 89, 1042),
(3774, 122, 20),
(3775, 122, 51),
(3776, 122, 128),
(3777, 122, 184),
(3778, 122, 998),
(3779, 12, 83),
(3780, 18, 1043),
(3781, 123, 20),
(3782, 25, 171);

-- --------------------------------------------------------

--
-- Estructura de tabla para la tabla `request`
--

CREATE TABLE `request` (
  `request_id` int(11) NOT NULL,
  `date_time_reception` date DEFAULT NULL,
  `cliente_id` int(11) NOT NULL,
  `state` int(11) DEFAULT NULL,
  `date_purchase` date DEFAULT NULL,
  `purchase_order` varchar(128) DEFAULT NULL
) ENGINE=InnoDB DEFAULT CHARSET=utf8;

--
-- Volcado de datos para la tabla `request`
--

INSERT INTO `request` (`request_id`, `date_time_reception`, `cliente_id`, `state`, `date_purchase`, `purchase_order`) VALUES
(71, '2019-12-17', 4, 2, '2019-12-13', 'PO832146'),
(72, '2019-12-17', 4, 2, '2019-12-12', 'PO832000'),
(73, '2019-12-10', 4, 2, '2019-12-03', 'PO830387'),
(74, '2019-12-10', 4, 2, '2019-12-05', 'PO830689'),
(75, '2019-12-11', 4, 2, '2019-11-26', 'PO829012'),
(76, '2019-12-11', 4, 2, '2019-12-09', 'PO831076'),
(77, '2019-12-03', 4, 2, '2019-11-28', 'PO829755'),
(78, '2019-12-12', 4, 2, '2019-12-06', 'PO830967'),
(79, '2019-12-11', 4, 2, '2019-11-26', 'PO828992'),
(80, '2019-12-11', 4, 2, '2019-11-27', 'PO829383'),
(81, '2019-12-12', 4, 2, '2019-12-09', 'PO831093'),
(82, '2019-12-12', 4, 2, '2019-12-09', 'PO831062'),
(83, '2019-12-03', 4, 2, '2019-11-27', 'PO829281'),
(84, '2019-12-12', 4, 2, '2019-11-14', 'PO827068'),
(85, '2019-12-13', 4, 2, '2019-12-09', 'PO831160'),
(86, '2019-12-03', 4, 2, '2019-11-29', 'PO829952'),
(87, '2019-12-04', 4, 2, '2019-11-26', 'PO828802'),
(88, '2019-12-04', 4, 2, '2019-11-26', 'PO829011'),
(89, '2019-12-04', 4, 2, '2019-09-26', 'PO818897'),
(90, '2019-12-04', 4, 2, '2019-11-27', 'PO829380'),
(91, '2019-12-04', 4, 2, '2019-12-03', 'PO830216'),
(92, '2019-12-05', 4, 2, '2019-11-29', 'PO829847'),
(93, '2019-12-05', 4, 2, '2019-12-03', 'PO830217'),
(94, '2019-12-07', 4, 2, '2019-11-27', 'PO829382'),
(95, '2019-12-07', 4, 2, '2019-12-03', 'PO830291'),
(96, '2019-12-07', 4, 2, '2019-12-06', 'PO830805'),
(97, '2019-12-10', 4, 2, '2019-12-09', 'PO831080'),
(98, '2019-12-10', 4, 1, '2019-12-09', 'PO831081'),
(99, '2019-12-10', 4, 2, '2019-12-04', 'PO830614'),
(100, '2019-12-14', 4, 2, '2019-12-11', 'PO831589'),
(101, '2019-12-14', 4, 2, '2019-12-12', 'PO831856'),
(102, '2019-12-14', 4, 2, '2019-11-27', 'PO829385'),
(103, '2019-12-14', 4, 2, '2019-12-12', 'PO831964'),
(104, '2019-12-14', 4, 2, '2019-12-13', 'PO832121'),
(105, '2019-12-01', 5, 0, '2019-11-11', '32782249-30'),
(106, '2019-12-03', 5, 0, '2019-12-02', '32782249-31'),
(107, '2019-12-04', 5, 0, '2019-12-03', '32782904-63'),
(108, '2019-12-05', 4, 2, '2019-11-14', 'PO830135'),
(109, '2019-12-06', 4, 2, '2019-12-04', 'PO830607'),
(110, '2019-12-05', 4, 2, '2019-12-04', 'PO830487'),
(111, '2019-12-06', 4, 2, '2019-12-03', 'PO830284'),
(112, '2019-12-05', 4, 2, '2019-12-03', 'PO830281'),
(113, '2019-12-06', 5, 0, '2019-12-05', '32783913-253'),
(114, '2019-12-07', 5, 0, '2019-12-06', '32784805-461'),
(115, '2019-12-18', 4, 2, '2019-12-12', 'PO832737'),
(116, '2019-12-18', 4, 2, '2019-12-11', 'PO829013'),
(117, '2019-12-18', 4, 2, '2019-11-11', 'PO828994'),
(118, '2019-12-18', 4, 2, '2019-12-06', 'PO830968'),
(119, '2019-12-18', 4, 2, '2019-11-11', 'PO832487'),
(120, '2019-12-19', 4, 2, '2019-12-17', 'PO832744'),
(121, '2019-12-19', 4, 2, '2019-12-16', 'PO832417'),
(122, '2019-12-19', 4, 2, '2019-11-11', 'PO829115'),
(123, '2019-12-19', 4, 2, '2019-12-17', 'PO832738'),
(124, '2019-12-19', 4, 1, '2019-11-11', 'PO833393'),
(125, '2019-12-19', 4, 1, '2019-12-17', 'PO833392'),
(126, '2019-12-19', 4, 2, '2019-12-17', 'PO832818'),
(127, '2019-12-21', 4, 2, '2019-11-11', 'PO829387'),
(128, '2019-12-21', 4, 2, '2019-11-26', 'PO829116'),
(129, '2019-12-21', 4, 2, '2019-12-17', 'PO832822'),
(131, '2019-12-24', 4, 2, '2019-11-27', 'PO834142'),
(132, '2019-12-24', 4, 2, '2019-12-19', 'PO833748'),
(133, '2019-12-24', 4, 2, '2019-12-19', 'PO833746'),
(134, '2019-12-25', 4, 2, '2019-12-23', 'PO834300'),
(135, '2019-12-25', 4, 2, '2019-12-23', 'PO834129'),
(136, '2019-12-25', 4, 2, '2019-12-23', 'PO834166'),
(137, '2019-12-08', 5, 0, '2019-12-07', '32785531-30'),
(138, '2019-12-10', 5, 0, '2019-12-09', '32784809-183'),
(139, '2019-12-11', 5, 0, '2019-12-10', '32786478-421'),
(140, '2019-12-27', 4, 2, '2019-12-26', 'PO829117'),
(141, '2019-12-27', 4, 2, '2019-12-06', 'PO830969'),
(142, '2019-12-27', 4, 2, '2019-11-26', 'PO832471'),
(143, '2019-12-27', 4, 2, '2019-12-17', 'PO832715'),
(144, '2019-12-27', 4, 2, '2019-12-17', 'PO832745'),
(145, '2019-12-27', 4, 2, '2019-12-17', 'PO833319'),
(146, '2019-12-27', 4, 2, '2019-12-23', 'PO834167'),
(147, '2019-12-27', 4, 2, '2019-12-17', 'PO833139'),
(148, '2019-12-27', 4, 2, '2019-12-23', 'PO834205'),
(149, '2019-12-28', 4, 2, '2019-12-26', 'PO834480'),
(150, '2019-12-28', 4, 2, '2019-12-19', 'PO833747'),
(151, '2019-12-28', 4, 2, '2019-11-27', 'PO829389'),
(152, '2019-12-28', 4, 2, '2019-11-26', 'PO829118'),
(153, '2019-12-31', 4, 2, '2019-12-23', 'PO834655'),
(154, '2019-12-31', 4, 2, '2019-11-27', 'PO829390'),
(155, '2019-12-31', 4, 2, '2019-12-30', 'PO835059'),
(156, '2019-12-13', 5, 0, '2019-12-12', '32795102-1'),
(157, '2019-12-14', 5, 0, '2019-12-13', '32788188-461'),
(158, '2019-12-15', 5, 0, '2019-12-14', '32788884-31'),
(159, '2019-12-17', 5, 0, '2019-12-16', '32789571-1590'),
(160, '2019-12-18', 5, 0, '2019-12-17', '32790638-1199'),
(161, '2019-12-19', 5, 0, '2019-12-18', '32790678-211'),
(162, '2019-12-20', 5, 0, '2019-12-19', '32791914-142'),
(163, '2020-01-03', 4, 2, '2019-12-31', 'PO835312'),
(164, '2020-01-03', 4, 2, '2019-12-06', 'PO830970'),
(165, '2020-01-03', 4, 2, '2019-11-26', 'PO832473'),
(166, '2020-01-03', 4, 2, '2019-12-30', 'PO835060'),
(167, '2020-01-03', 4, 2, '2019-12-30', 'PO835148'),
(168, '2020-01-03', 4, 2, '2019-12-31', 'PO835295'),
(169, '2020-01-03', 4, 2, '2019-12-31', 'PO835298'),
(170, '2020-01-03', 4, 0, '2019-12-31', 'PO835298'),
(171, '2020-01-03', 4, 2, '2019-12-06', 'PO830970'),
(172, '2020-01-04', 4, 2, '2019-12-30', 'PO835061'),
(173, '2020-01-04', 4, 2, '2019-11-27', 'PO835180'),
(174, '2020-01-04', 4, 2, '2019-11-27', 'PO835203'),
(175, '2020-01-07', 4, 2, '2020-01-06', 'PO836311'),
(176, '2020-01-07', 4, 2, '2020-01-06', 'PO836275'),
(177, '2020-01-07', 4, 2, '2019-11-27', 'PO835183'),
(178, '2020-01-09', 4, 2, '2019-12-06', 'PO830971'),
(179, '2019-12-07', 6, 2, '2019-12-06', '21'),
(180, '2020-01-07', 4, 2, '2020-01-07', 'PO836275'),
(181, '2020-01-08', 4, 2, '2020-01-07', 'PO836400'),
(182, '2020-01-08', 4, 2, '2020-01-07', 'PO836432'),
(183, '2019-12-14', 6, 2, '2019-12-13', '22'),
(184, '2019-12-21', 6, 2, '2019-12-20', '23'),
(185, '2019-12-28', 6, 2, '2019-12-27', '24'),
(186, '2020-01-04', 6, 2, '2020-01-03', '25'),
(187, '2019-12-17', 4, 2, '2019-12-01', 'PO831923'),
(188, '2020-01-09', 4, 2, '2019-11-26', 'PO832474'),
(189, '2020-01-09', 4, 2, '2019-12-23', 'PO834658'),
(190, '2019-12-21', 4, 2, '2019-12-19', 'PO833809'),
(191, '2020-01-10', 4, 2, '2020-01-08', 'PO836794'),
(192, '2020-01-10', 5, 1, '2020-01-09', '24005'),
(193, '2020-01-10', 6, 2, '2020-01-09', '26'),
(194, '2019-12-24', 4, 2, '2019-12-23', 'PO834161'),
(195, '2019-12-28', 4, 2, '2019-12-27', 'PO834680'),
(196, '2020-01-10', 10, 0, '2020-01-09', 'PO507434'),
(197, '2020-01-10', 10, 0, '2020-01-09', 'PO507394'),
(198, '2019-12-31', 4, 2, '2019-12-30', 'PO835108'),
(199, '2020-01-11', 4, 2, '2020-01-09', 'PO837003'),
(200, '2020-01-11', 4, 2, '2020-01-10', 'PO835185'),
(201, '2020-01-11', 10, 0, '2020-01-10', 'PO507505'),
(202, '2020-01-11', 9, 0, '2020-01-10', 'PO482671'),
(203, '2020-01-11', 9, 0, '2020-01-10', 'PO482360'),
(204, '2019-12-11', 12, 0, '2019-12-10', '1'),
(205, '2020-01-11', 4, 1, '2019-12-23', 'ASIGNARLE UN PO'),
(206, '2020-01-18', 4, 1, '2020-01-10', 'PO206'),
(207, '2020-01-03', 5, 1, '2020-01-02', 'PO24005'),
(208, '2020-01-04', 5, 1, '2020-01-03', 'PO49600'),
(209, '2020-01-05', 5, 1, '2020-01-04', 'PO12555'),
(210, '2020-01-07', 5, 1, '2020-01-06', 'PO37900'),
(211, '2020-01-08', 5, 2, '2020-01-07', '32801293-30'),
(212, '2020-01-14', 4, 2, '2020-01-13', 'PO837882'),
(219, '2020-01-11', 5, 0, '2020-01-10', 'PO49600'),
(220, '2019-12-13', 12, 0, '2019-12-12', '2'),
(221, '2020-01-15', 4, 2, '2019-11-27', 'PO836402'),
(222, '2020-01-15', 4, 2, '2020-01-13', 'PO837870'),
(223, '2019-12-14', 12, 0, '2019-12-13', '3'),
(224, '2019-12-03', 14, 2, '2019-12-01', '115736-6'),
(225, '2019-12-10', 14, 2, '2019-12-03', '115737-7'),
(226, '2019-12-13', 14, 2, '2019-12-10', '115883-3'),
(227, '2019-12-17', 14, 2, '2019-12-16', '115915-6'),
(228, '2019-12-19', 14, 2, '2019-12-18', '116305-3'),
(229, '2019-12-21', 14, 0, '2019-12-20', '116338-4'),
(230, '2019-12-24', 14, 2, '2019-12-23', '115988-7'),
(231, '2019-12-28', 14, 1, '2019-12-27', '116030-3'),
(232, '2019-12-28', 14, 2, '2019-12-27', '116394-7'),
(233, '2019-12-31', 14, 2, '2019-12-30', '116057-6'),
(234, '2019-12-04', 9, 0, '2019-11-22', '476640'),
(235, '2020-01-11', 5, 0, '2020-01-10', 'PO49600'),
(236, '2020-01-11', 5, 0, '2020-01-10', 'PO49600'),
(237, '2020-01-11', 5, 1, '2020-01-10', 'PO32802669-446'),
(238, '2020-01-12', 5, 1, '2020-01-11', 'po32804333-63'),
(239, '2019-12-07', 9, 0, '2019-12-06', '477169'),
(240, '2019-12-07', 9, 0, '2019-12-06', '476642'),
(241, '2019-12-07', 9, 0, '2019-12-06', '476645'),
(242, '2019-12-07', 9, 0, '2019-12-06', '478396'),
(243, '2019-12-11', 9, 0, '2019-12-10', '476648'),
(244, '2019-12-14', 9, 0, '2019-12-13', '476651'),
(245, '2019-12-18', 9, 0, '2019-12-17', '478499'),
(246, '2019-12-24', 9, 0, '2019-12-23', '478615'),
(247, '2019-12-28', 9, 0, '2019-12-27', '479466'),
(248, '2019-12-28', 9, 0, '2019-12-27', '480779'),
(249, '2019-12-31', 9, 0, '2019-12-30', '481460'),
(250, '2020-01-14', 5, 1, '2020-01-13', 'PO32804799-1690'),
(251, '2020-01-15', 10, 0, '2020-01-14', 'P509097'),
(252, '2020-01-15', 5, 1, '2020-01-14', 'PO32804864-63'),
(253, '2020-01-15', 9, 0, '2019-12-30', 'PO482282'),
(254, '2020-01-15', 9, 0, '2020-01-02', 'PO482672'),
(255, '2020-01-17', 6, 2, '2020-01-14', '27'),
(256, '2020-02-06', 6, 2, '2020-01-14', '30 VALENTIN'),
(257, '2020-01-07', 14, 1, '2020-01-06', 'PO00116120-674'),
(258, '2020-01-11', 14, 1, '2020-01-10', 'PO00116158-38'),
(259, '2020-01-16', 4, 2, '2019-12-06', 'PO830972'),
(260, '2020-01-14', 14, 1, '2020-01-13', 'PO00116198-629'),
(261, '2020-01-16', 4, 2, '2019-11-26', 'PO832517'),
(262, '2020-01-03', 7, 2, '2020-01-02', 'POM0151040-3'),
(263, '2020-01-16', 4, 2, '2020-01-09', 'PO837224'),
(264, '2020-01-07', 7, 1, '2020-01-06', 'PO0151295-1'),
(265, '2020-01-08', 7, 1, '2020-01-07', 'POM0151520-1'),
(266, '2020-01-09', 7, 1, '2020-01-08', 'POM0151559-1'),
(267, '2020-01-10', 7, 1, '2020-01-09', 'POM0151586-3'),
(268, '2020-01-16', 4, 2, '2019-12-23', 'PO838147'),
(269, '2019-12-05', 8, 1, '2019-11-05', 'PO541009-3'),
(270, '2019-12-12', 8, 2, '2019-11-05', 'PO541014-2'),
(271, '2019-12-19', 8, 2, '2019-11-29', 'PO541773-1'),
(272, '2019-12-21', 8, 0, '2019-12-20', 'PO10'),
(273, '2019-12-27', 8, 2, '2019-12-26', 'PO542822-1'),
(274, '2019-12-28', 8, 0, '2019-12-27', 'PO548420-2'),
(275, '2019-12-10', 15, 0, '2019-12-09', 'PO107587'),
(276, '2019-12-17', 15, 0, '2019-12-16', 'PO108694'),
(277, '2019-12-24', 15, 0, '2019-12-23', 'PO108694'),
(278, '2019-12-31', 15, 0, '2019-12-30', 'PO109238'),
(279, '2019-12-03', 7, 0, '2019-12-02', 'PO148649-1'),
(280, '2019-12-05', 7, 0, '2019-12-04', 'PO148833-1'),
(281, '2019-12-06', 7, 0, '2019-12-05', 'PO148797-1'),
(282, '2019-12-10', 7, 0, '2019-12-09', 'PO149132-1'),
(283, '2019-12-12', 7, 0, '2019-12-11', 'PO149370-1'),
(284, '2019-12-13', 7, 0, '2019-12-12', 'PO149330-1'),
(285, '2019-12-19', 7, 0, '2019-12-18', 'PO149963-1'),
(286, '2019-12-24', 7, 0, '2019-12-23', 'PO150553-1'),
(287, '2019-12-31', 7, 0, '2019-12-30', 'PO150974-1'),
(288, '2019-12-14', 11, 0, '2019-12-13', '11'),
(289, '2019-12-21', 11, 0, '2019-12-20', '12'),
(290, '2019-12-28', 11, 0, '2019-12-27', '12'),
(291, '2020-01-12', 4, 2, '2020-01-07', 'PO836654'),
(292, '2020-01-18', 4, 2, '2020-01-13', 'PO838174'),
(293, '2020-01-19', 4, 2, '2020-01-13', 'PO838176'),
(294, '2020-01-21', 4, 2, '2020-01-13', 'PO838177'),
(295, '2020-01-22', 4, 2, '2020-01-13', 'PO838178'),
(296, '2020-01-23', 4, 2, '2020-01-13', 'PO838181'),
(297, '2020-01-15', 4, 2, '2020-01-13', 'PO837882'),
(298, '2019-12-03', 16, 0, '2019-12-02', '15'),
(299, '2019-12-04', 16, 0, '2019-12-03', '16'),
(300, '2019-12-07', 16, 0, '2019-12-06', '17'),
(301, '2019-12-10', 16, 0, '2019-12-09', '18'),
(302, '2019-12-11', 16, 0, '2019-12-10', '19'),
(303, '2019-12-14', 16, 0, '2019-12-13', '20'),
(304, '2019-12-17', 16, 0, '2019-12-16', '21'),
(305, '2019-12-18', 16, 0, '2019-12-17', '22'),
(306, '2019-12-21', 16, 0, '2019-12-20', '23'),
(307, '2019-12-25', 16, 0, '2019-12-24', '24'),
(308, '2019-12-31', 16, 0, '2019-12-30', '25'),
(309, '2019-12-31', 16, 0, '2019-12-30', '26'),
(310, '2020-01-21', 4, 2, '2019-12-13', '832226'),
(311, '2020-01-22', 4, 2, '2019-12-13', '832227'),
(312, '2020-01-23', 4, 2, '2019-12-13', '832228'),
(313, '2020-01-24', 4, 2, '2019-12-13', '832229'),
(314, '2020-01-25', 4, 2, '2019-12-13', '832230'),
(315, '2020-01-26', 4, 2, '2019-12-13', '832231'),
(316, '2020-01-27', 4, 2, '2019-12-13', '832232'),
(317, '2020-01-28', 4, 2, '2019-12-13', '832233'),
(318, '2020-01-26', 4, 2, '2020-01-08', '836925'),
(319, '2020-01-28', 4, 2, '2020-01-08', '836926'),
(320, '2020-01-29', 4, 2, '2020-01-08', '836927'),
(321, '2020-01-30', 4, 2, '2020-01-08', '836928'),
(322, '2020-01-31', 4, 2, '2020-01-08', '836929'),
(323, '2020-01-29', 4, 2, '2020-01-08', '836930'),
(324, '2020-02-01', 4, 2, '2020-01-08', '836931'),
(325, '2020-01-31', 4, 0, '2020-01-08', '836932'),
(326, '2020-01-31', 4, 2, '2020-01-08', '836933'),
(327, '2020-01-18', 4, 2, '2020-01-15', '838623'),
(328, '2020-01-18', 4, 2, '2020-01-13', 'PO837871'),
(329, '2020-01-18', 4, 2, '2020-01-14', 'PO838430'),
(330, '2020-01-16', 10, 1, '2020-01-16', 'P510249'),
(331, '2020-01-16', 10, 1, '2020-01-16', 'P509891'),
(332, '2020-01-16', 10, 0, '2020-01-16', 'P509875'),
(333, '2020-01-31', 4, 2, '2020-01-09', '837289'),
(334, '2020-01-30', 4, 2, '2020-01-09', '837288'),
(335, '2020-01-29', 4, 2, '2020-01-09', '837287'),
(336, '2020-01-28', 4, 2, '2020-01-09', '837286'),
(337, '2020-01-25', 4, 2, '2020-01-09', '837285'),
(338, '2020-01-24', 4, 2, '2020-01-09', '837284'),
(340, '2020-01-25', 4, 0, '2020-01-09', '837345'),
(341, '2020-01-24', 4, 2, '2020-01-09', '837344'),
(342, '2020-01-23', 4, 2, '2020-01-09', '837341'),
(343, '2020-01-22', 4, 2, '2020-01-09', '837339'),
(344, '2020-01-21', 4, 2, '2020-01-09', '837335'),
(345, '2020-01-24', 4, 2, '2020-01-08', '836874'),
(346, '2020-01-25', 4, 2, '2020-01-08', '836880'),
(347, '2020-01-26', 4, 2, '2020-01-08', '836884'),
(348, '2020-01-28', 4, 2, '2020-08-01', '836885'),
(349, '2020-01-29', 4, 2, '2020-01-08', '836887'),
(350, '2020-01-30', 4, 2, '2020-01-08', '836889'),
(351, '2020-01-31', 4, 2, '2020-01-08', '836890'),
(352, '2020-01-26', 4, 2, '2020-01-02', '835933'),
(354, '2020-01-26', 4, 2, '2020-01-02', '835935'),
(355, '2020-01-26', 4, 2, '2020-01-02', '835936'),
(356, '2020-01-26', 4, 2, '2020-01-02', '835937'),
(357, '2020-01-26', 4, 2, '2020-01-02', '835938'),
(358, '2020-01-27', 4, 2, '2020-01-02', '835939'),
(360, '2020-01-27', 4, 2, '2020-01-02', '835941'),
(361, '2020-01-27', 4, 2, '2020-01-02', '835942'),
(362, '2020-01-27', 4, 2, '2020-01-02', '835943'),
(364, '2020-01-28', 4, 2, '2020-01-02', '835945'),
(365, '2020-01-28', 4, 2, '2020-01-02', '835946'),
(366, '2020-01-28', 4, 2, '2020-01-02', '835947'),
(367, '2020-01-28', 4, 2, '2020-01-02', '835948'),
(368, '2020-01-28', 4, 2, '2020-01-02', '835949'),
(369, '2020-01-28', 4, 2, '2020-01-02', '835950'),
(370, '2020-01-29', 4, 2, '2020-01-02', '835951'),
(371, '2020-01-29', 4, 2, '2020-01-02', '835952'),
(372, '2020-01-29', 4, 2, '2020-01-02', '835953'),
(373, '2020-01-29', 4, 2, '2020-01-02', '835954'),
(375, '2020-01-29', 4, 2, '2020-01-02', '835956'),
(376, '2020-01-30', 4, 2, '2020-01-02', '835957'),
(377, '2020-01-30', 4, 2, '2020-01-02', '835958'),
(378, '2020-01-30', 4, 2, '2020-01-02', '835959'),
(379, '2020-01-30', 4, 2, '2020-12-02', '835960'),
(380, '2020-01-30', 4, 2, '2020-01-02', '835961'),
(381, '2020-01-30', 4, 2, '2020-01-02', '835962'),
(382, '2020-01-17', 7, 2, '2020-01-16', 'POM0152080'),
(383, '2019-12-25', 7, 0, '2019-12-24', 'M0150500-1'),
(384, '2020-01-31', 4, 2, '2020-01-02', '835963'),
(385, '2020-01-31', 4, 2, '2020-01-02', '835964'),
(386, '2020-01-31', 4, 2, '2020-01-02', '835965'),
(387, '2020-01-31', 4, 2, '2020-01-02', '835966'),
(388, '2020-01-31', 4, 2, '2020-01-02', '835967'),
(389, '2020-01-31', 4, 2, '2020-01-02', '835968'),
(390, '2020-02-01', 4, 2, '2020-01-02', '835969'),
(391, '2020-02-01', 4, 2, '2020-01-02', '835970'),
(392, '2020-02-01', 4, 2, '2020-01-02', '835971'),
(393, '2020-02-01', 4, 2, '2020-01-02', '835972'),
(394, '2020-02-01', 4, 2, '2020-01-02', '835973'),
(395, '2020-02-01', 4, 2, '2020-01-01', '835974'),
(396, '2020-02-02', 4, 2, '2020-01-02', '835921'),
(397, '2020-02-02', 4, 2, '2020-01-02', '835922'),
(398, '2020-02-02', 4, 2, '2020-01-02', '835923'),
(399, '2020-02-02', 4, 2, '2020-01-02', '835924'),
(400, '2020-02-02', 4, 2, '2020-01-02', '835925'),
(401, '2020-02-02', 4, 2, '2020-01-02', '835926'),
(402, '2020-01-18', 4, 2, '2019-11-27', '835187'),
(403, '2020-02-03', 4, 2, '2020-01-02', '835927'),
(404, '2020-02-03', 4, 2, '2020-01-02', '835928'),
(405, '2020-02-03', 4, 2, '2020-01-02', '835929'),
(406, '2020-01-18', 4, 0, '2020-01-10', 'PO DAÑADO'),
(407, '2020-02-03', 4, 2, '2020-01-02', '835930'),
(408, '2020-02-03', 4, 2, '2020-01-02', '835931'),
(409, '2020-02-03', 4, 2, '2020-01-02', '835932'),
(410, '2020-01-18', 9, 2, '2019-12-30', '482283'),
(411, '2020-01-18', 5, 1, '2020-01-17', '32806965-446'),
(412, '2020-01-31', 4, 2, '2019-12-17', '833005'),
(413, '2020-01-31', 4, 2, '2019-12-17', '833004'),
(414, '2020-01-31', 4, 2, '2019-12-17', '833003'),
(415, '2020-01-30', 4, 2, '2019-12-17', '833002'),
(416, '2020-01-30', 4, 2, '2019-12-17', '833001'),
(417, '2020-01-30', 4, 2, '2019-12-17', '833000'),
(419, '2020-01-30', 4, 2, '2019-12-17', '832999'),
(420, '2020-01-29', 4, 2, '2019-12-17', '832998'),
(421, '2020-01-29', 4, 2, '2019-12-17', '832997'),
(422, '2020-01-29', 4, 2, '2019-12-17', '832996'),
(423, '2020-01-29', 4, 2, '2019-12-17', '832995'),
(424, '2020-01-28', 4, 2, '2019-12-17', '832994'),
(425, '2020-01-28', 4, 2, '2019-12-17', '832993'),
(426, '2020-01-28', 4, 2, '2019-12-17', '832992'),
(427, '2020-01-28', 4, 2, '2019-12-17', '832991'),
(428, '2020-01-27', 4, 2, '2019-12-17', '832990'),
(429, '2020-01-27', 4, 2, '2019-12-17', '832989'),
(430, '2020-01-27', 4, 2, '2019-12-17', '832988'),
(431, '2020-01-27', 4, 2, '2019-12-17', '832987'),
(432, '2020-01-26', 4, 2, '2019-12-17', '832986'),
(433, '2020-01-26', 4, 2, '2019-12-17', '832985'),
(435, '2020-01-26', 4, 2, '2019-12-17', '832984'),
(436, '2020-01-26', 4, 2, '2019-12-17', '832983'),
(437, '2020-01-23', 4, 2, '2020-01-10', '837564'),
(438, '2020-01-22', 4, 2, '2020-01-10', '837563'),
(439, '2020-01-21', 4, 2, '2020-01-01', '837562'),
(440, '2020-01-18', 4, 0, '2020-01-10', 'REPETIDO BORRAR'),
(441, '2020-01-23', 4, 2, '2020-01-16', '838898'),
(442, '2020-01-24', 4, 2, '2020-01-16', '838901'),
(443, '2020-01-25', 4, 2, '2020-01-16', '838902'),
(444, '2020-01-26', 4, 2, '2020-01-16', '838903'),
(445, '2020-01-28', 4, 2, '2020-01-16', '838904'),
(446, '2020-01-25', 4, 2, '2020-01-14', '838415'),
(447, '2020-01-26', 4, 2, '2020-01-14', '838416'),
(448, '2020-01-28', 4, 2, '2020-01-14', '838417'),
(449, '2020-01-29', 4, 2, '2020-01-14', '838418'),
(450, '2020-01-30', 4, 2, '2020-01-14', '838419'),
(451, '2020-01-24', 4, 2, '2020-01-13', '837986'),
(452, '2020-01-26', 4, 2, '2020-01-13', '837987'),
(453, '2020-01-19', 5, 1, '2020-01-18', '32807962-70'),
(454, '2020-01-28', 4, 2, '2020-01-13', '837988'),
(455, '2020-01-29', 4, 2, '2020-01-13', '837989'),
(456, '2020-01-30', 4, 2, '2020-01-13', '837990'),
(457, '2020-01-29', 4, 2, '2020-01-14', '838370'),
(458, '2020-02-01', 4, 2, '2020-01-09', '837177'),
(459, '2020-02-01', 4, 2, '2020-01-09', '838438'),
(460, '2020-01-30', 4, 2, '2020-01-09', '837176'),
(461, '2020-01-28', 4, 2, '2020-01-09', '837175'),
(462, '2020-01-25', 4, 2, '2020-01-09', '837174'),
(463, '2020-01-22', 4, 2, '2020-01-09', '837068'),
(464, '2020-01-22', 9, 2, '2019-12-30', '482284'),
(465, '2020-01-22', 9, 0, '2020-01-08', '483498'),
(466, '2020-01-25', 9, 2, '2019-12-30', '482288'),
(467, '2020-01-18', 4, 2, '2020-01-10', '837561'),
(468, '2020-01-23', 4, 2, '2020-01-17', '839237'),
(469, '2020-01-24', 4, 2, '2020-01-17', '839239'),
(470, '2020-01-25', 4, 2, '2020-01-17', '839240'),
(471, '2020-01-26', 4, 2, '2020-01-17', '839242'),
(472, '2020-01-18', 17, 2, '2020-01-17', '1012170'),
(473, '2020-01-18', 17, 2, '2020-01-17', '5055057'),
(474, '2020-01-18', 17, 2, '2020-01-17', '1011948'),
(475, '2020-01-18', 17, 2, '2020-01-17', 'SEC725'),
(476, '2020-01-18', 10, 0, '2020-01-02', 'BORAR'),
(477, '2020-01-18', 10, 0, '2019-12-31', 'BORRAR'),
(478, '2020-01-17', 10, 0, '2020-01-17', '510747'),
(479, '2020-01-17', 10, 0, '2020-01-17', '511116'),
(480, '2020-01-18', 11, 2, '2020-01-17', 'PO1'),
(481, '2020-01-23', 6, 2, '2020-01-20', '28'),
(482, '2020-01-21', 4, 1, '2020-01-02', 'prueba'),
(483, '2020-01-21', 10, 2, '2020-01-20', '511641'),
(484, '2020-01-21', 10, 2, '2020-01-20', 'p511736'),
(485, '2020-01-21', 10, 2, '2020-01-20', '511651'),
(486, '2020-01-21', 10, 2, '2020-01-20', '511643'),
(487, '2020-01-21', 10, 2, '2020-01-20', '511796'),
(488, '2020-01-21', 10, 2, '2020-01-20', '511654'),
(489, '2020-01-21', 10, 2, '2020-01-20', '511647'),
(490, '2020-01-21', 10, 2, '2020-01-20', '511799'),
(491, '2020-01-21', 17, 2, '2020-01-20', '1011932'),
(492, '2020-01-21', 7, 2, '2020-01-20', 'M0152525-1'),
(493, '2020-01-21', 14, 2, '2020-01-20', '00116262-636'),
(494, '2020-01-21', 15, 2, '2020-01-20', '110659'),
(495, '2020-01-18', 16, 2, '2020-01-17', 'PO50'),
(496, '2020-01-18', 9, 2, '2020-01-17', '482594'),
(497, '2020-01-18', 9, 2, '2020-01-17', '482673'),
(498, '2020-01-22', 9, 2, '2020-01-02', '482674'),
(499, '2020-01-25', 9, 2, '2020-01-02', '482675'),
(500, '2020-02-01', 9, 2, '2020-01-08', '483474'),
(501, '2020-02-01', 9, 2, '2020-01-14', '484080'),
(502, '2020-01-21', 5, 1, '2020-01-20', '32808338-1690'),
(503, '2020-01-22', 4, 2, '2019-12-13', '832342'),
(504, '2020-01-22', 4, 2, '2019-12-16', '832632'),
(505, '2020-01-22', 4, 2, '2020-01-16', '838996'),
(506, '2020-01-17', 5, 1, '2020-01-16', '32805936-218'),
(507, '2020-01-22', 4, 2, '2020-01-17', '839234'),
(508, '2020-01-22', 4, 2, '2019-11-27', '839315'),
(509, '2020-01-22', 9, 2, '2020-01-20', '484453'),
(510, '2020-01-22', 10, 2, '2020-01-21', '511658'),
(511, '2020-01-22', 4, 2, '2020-01-13', '838218'),
(512, '2020-01-22', 4, 2, '2019-11-27', '835188'),
(513, '2020-01-22', 7, 2, '2020-01-21', 'M0152566-1'),
(514, '2020-01-22', 5, 1, '2020-01-21', '32809620-204'),
(515, '2020-01-22', 16, 2, '2020-01-21', 'PO51'),
(516, '2020-01-21', 16, 2, '2020-01-20', 'PO52'),
(517, '2020-01-23', 4, 2, '2019-12-06', 'PO830973'),
(518, '2020-01-23', 4, 2, '2020-01-16', 'PO838906'),
(519, '2020-01-24', 4, 2, '2020-01-01', '837565'),
(520, '2020-01-23', 4, 2, '2020-01-13', '838219'),
(521, '2020-01-23', 4, 2, '2019-11-26', '832518'),
(522, '2020-01-23', 4, 2, '2020-01-20', '839609'),
(523, '2020-01-24', 4, 2, '2020-01-13', '839912'),
(524, '2020-01-23', 4, 2, '2019-12-23', '838148'),
(525, '2020-01-23', 10, 2, '2020-01-22', '513353'),
(526, '2020-01-11', 5, 0, '2020-01-10', '32802669-446'),
(527, '2020-01-23', 8, 2, '2020-01-22', '00546865-1'),
(528, '2020-01-23', 17, 2, '2020-01-22', 'SEC775'),
(529, '2020-01-23', 17, 2, '2020-01-22', 'SEC725'),
(530, '2020-01-23', 10, 2, '2020-01-22', '512900'),
(531, '2020-01-23', 10, 2, '2020-01-22', '512886'),
(532, '2020-01-23', 5, 1, '2020-01-22', '32809862-416'),
(533, '2020-01-24', 4, 2, '2019-12-18', '833397'),
(534, '2020-01-24', 4, 2, '2020-01-21', '839730'),
(535, '2020-01-24', 4, 2, '2020-01-13', '838220'),
(536, '2020-01-24', 4, 2, '2020-01-23', '840334'),
(537, '2020-01-24', 10, 2, '2020-01-23', '513910'),
(538, '2020-01-24', 14, 2, '2020-01-23', '00116315-37'),
(539, '2020-01-25', 5, 0, '2020-01-24', '32807962-70'),
(540, '2020-01-25', 4, 2, '2020-01-09', '840030'),
(541, '2020-01-25', 4, 2, '2020-01-21', '839831'),
(542, '2020-01-01', 6, 1, '2020-01-01', 'PRUEBA'),
(543, '2020-01-25', 4, 2, '2020-01-13', '838221'),
(544, '2020-01-25', 4, 2, '2019-11-27', '835190'),
(545, '2020-01-25', 4, 2, '2020-01-13', '839851'),
(546, '2020-01-25', 17, 2, '2020-01-24', 'SEC 775'),
(547, '2020-01-25', 17, 2, '2020-01-24', '466799'),
(548, '2020-01-25', 17, 2, '2020-01-24', '30-1'),
(549, '2020-01-25', 17, 2, '2020-01-24', '31-1'),
(551, '2020-01-25', 16, 2, '2020-01-24', 'B-AK.47'),
(552, '2020-01-25', 11, 2, '2020-01-24', 'ASIGNAR NUMERO'),
(553, '2020-01-26', 9, 2, '2020-01-24', '484697'),
(554, '2020-01-26', 4, 2, '2020-01-13', '838222'),
(555, '2020-01-26', 4, 2, '2020-01-21', '839831'),
(556, '2020-01-26', 4, 2, '2020-01-25', '840752'),
(558, '2020-01-27', 4, 2, '2020-01-09', '837346'),
(559, '2020-01-26', 10, 2, '2020-01-25', '513937'),
(560, '2020-01-26', 10, 2, '2020-01-25', '513932'),
(561, '2020-01-26', 10, 2, '2020-01-25', '513949'),
(562, '2020-01-26', 10, 2, '2020-01-25', '513943'),
(563, '2020-01-26', 10, 2, '2020-01-25', '513934'),
(564, '2020-01-26', 10, 2, '2020-01-25', '513953'),
(565, '2020-01-26', 10, 2, '2020-01-25', '513927'),
(566, '2020-01-26', 10, 2, '2020-01-25', '513945'),
(567, '2020-01-26', 10, 2, '2020-01-25', '510185'),
(568, '2020-01-27', 10, 2, '2020-01-26', '514503'),
(569, '2020-01-27', 10, 2, '2020-01-26', '513959'),
(570, '2020-01-28', 4, 2, '2020-01-09', '840135'),
(571, '2020-01-28', 4, 2, '2020-01-23', '840431'),
(572, '2020-01-29', 4, 2, '2020-01-22', '840253'),
(573, '2020-01-28', 4, 2, '2020-01-20', '839639'),
(574, '2020-01-28', 4, 2, '2020-01-09', '839318'),
(575, '2020-01-28', 4, 2, '2020-01-17', '839093'),
(576, '2020-01-28', 4, 2, '2020-12-18', '833403'),
(577, '2020-01-28', 4, 2, '2019-12-13', '832345'),
(578, '2020-01-29', 4, 2, '2020-01-02', '835934'),
(579, '2020-01-28', 4, 2, '0019-12-17', '840787'),
(580, '2020-01-28', 4, 2, '2020-01-27', '840802'),
(581, '2020-01-28', 4, 2, '2020-01-27', '840805'),
(582, '2020-01-28', 4, 2, '2020-01-02', '835944'),
(584, '2020-01-28', 4, 2, '2020-01-02', '835940'),
(585, '2020-01-23', 16, 2, '2020-01-22', 'PO53'),
(586, '2020-01-27', 4, 2, '2020-01-02', '835940'),
(587, '2020-01-28', 4, 2, '2019-12-13', '840799'),
(588, '2020-01-26', 4, 0, '2020-01-27', '840799'),
(589, '2020-01-25', 18, 2, '2020-01-24', 'PO54'),
(590, '2020-01-25', 18, 2, '2020-01-24', 'PO55'),
(591, '2020-01-28', 7, 2, '2020-01-27', 'm0152962-1'),
(592, '2020-01-28', 15, 2, '2020-01-27', '111465'),
(593, '2020-01-28', 10, 2, '2020-01-27', '510187'),
(594, '2020-01-28', 10, 2, '2020-01-27', '513968'),
(595, '2020-01-28', 17, 2, '2020-01-27', '466845'),
(596, '2020-01-28', 17, 2, '2020-01-27', '2-2'),
(597, '2020-01-28', 17, 2, '2020-01-27', '1-2'),
(598, '2020-01-28', 17, 2, '2020-01-27', '5055064'),
(599, '2020-01-29', 4, 2, '2019-12-13', '832343'),
(600, '2020-01-29', 4, 2, '2020-01-22', '835191'),
(601, '2020-01-29', 4, 2, '2020-01-22', '838704'),
(602, '2020-01-29', 4, 2, '2020-01-17', '839092'),
(604, '2020-01-29', 4, 2, '2020-01-17', '839396'),
(605, '2020-01-29', 4, 2, '2020-01-20', '839640'),
(606, '2020-01-29', 4, 2, '2020-01-27', '840835'),
(607, '2020-01-29', 4, 2, '2020-01-13', '840971'),
(608, '2020-01-29', 4, 2, '2020-01-02', '835955'),
(609, '2020-01-28', 16, 2, '2020-01-27', 'PO56'),
(610, '2020-01-29', 4, 2, '2020-01-28', '840972'),
(611, '2020-01-29', 4, 2, '2020-01-16', '840975'),
(612, '2020-01-31', 6, 2, '2020-01-28', '29'),
(613, '2020-01-24', 5, 1, '2020-01-23', '32811169-74'),
(614, '2020-01-29', 4, 0, '2020-01-28', '840972'),
(615, '2020-01-25', 5, 1, '2020-01-24', '32811737-165'),
(617, '2020-01-26', 5, 1, '2020-01-25', '32812147-27'),
(618, '2020-01-27', 5, 1, '2020-01-26', '32813446-176'),
(619, '2020-01-28', 5, 1, '2020-01-27', '32824269-49'),
(620, '2020-01-29', 7, 2, '2020-01-28', 'M0153001-1'),
(621, '2020-01-29', 17, 2, '2020-01-28', '3211242'),
(622, '2020-01-29', 10, 2, '2020-01-28', '515441'),
(623, '2020-01-29', 10, 2, '2020-01-28', '510190'),
(624, '2020-01-30', 4, 2, '2020-01-27', '840837'),
(625, '2020-01-30', 4, 2, '2020-01-20', '839641'),
(626, '2020-01-30', 4, 2, '2020-01-17', '839091'),
(627, '2020-01-31', 4, 2, '2019-12-19', '833738'),
(628, '2020-01-30', 4, 2, '2019-12-06', '830974'),
(629, '2020-01-31', 4, 0, '2020-01-29', 'pedro1'),
(630, '2020-01-30', 4, 2, '2020-01-29', '841149'),
(631, '2020-01-29', 16, 2, '2020-01-28', 'PO57'),
(632, '2020-01-30', 7, 2, '2020-01-29', 'M0154099-3'),
(633, '2020-01-30', 17, 2, '2020-01-29', '4-2'),
(634, '2020-01-30', 17, 2, '2020-01-29', '3-2'),
(635, '2020-01-30', 8, 2, '2020-01-29', '00549114-18'),
(636, '2020-01-30', 17, 2, '2020-01-29', 'SEC725'),
(637, '2020-01-30', 4, 2, '2020-01-29', '841230'),
(638, '2020-01-30', 10, 2, '2020-01-29', '510189'),
(639, '2020-01-31', 4, 2, '2019-12-29', '838149'),
(640, '2020-01-31', 4, 2, '2019-12-13', '841150'),
(642, '2020-01-31', 4, 1, '2020-01-14', 'eliminar'),
(643, '2020-01-31', 4, 2, '2020-01-01', '841274'),
(644, '2020-01-29', 5, 1, '2020-01-28', '32832392-15'),
(645, '2020-01-30', 5, 1, '2020-01-30', '32813688-412'),
(646, '2020-01-31', 4, 2, '2020-01-30', '841291'),
(647, '2020-01-31', 4, 2, '2020-01-14', '841247'),
(648, '2020-01-31', 14, 2, '2020-01-30', '00116585-14'),
(649, '2020-02-01', 17, 2, '2020-01-30', '301378'),
(650, '2020-01-31', 8, 2, '2020-01-30', '00551789-1'),
(651, '2020-01-31', 10, 2, '2020-01-30', '13750'),
(652, '2020-02-01', 4, 2, '2020-01-17', '839089'),
(653, '2020-02-01', 4, 2, '2020-01-20', '839642'),
(654, '2020-02-01', 4, 2, '2020-01-31', '841433'),
(655, '2020-02-01', 4, 2, '2020-01-31', '841432'),
(656, '2020-02-01', 4, 2, '2020-01-30', '841275'),
(658, '2020-01-31', 4, 2, '2020-01-29', '841224'),
(659, '2020-02-01', 7, 2, '2020-01-31', 'M0154099-3'),
(660, '2020-02-01', 17, 2, '2020-01-31', '6-2'),
(661, '2020-02-01', 17, 2, '2020-01-31', '5-2'),
(662, '2020-02-01', 17, 2, '2020-01-31', '5055066'),
(663, '2020-02-01', 17, 2, '2020-01-31', '7-2'),
(664, '2020-02-01', 16, 2, '2020-01-31', 'PO58'),
(665, '2020-02-02', 4, 2, '2019-12-17', '841108'),
(666, '2020-02-01', 11, 2, '2020-01-31', 'PO59'),
(667, '2020-02-01', 10, 2, '2020-01-31', '512345'),
(668, '2020-02-01', 10, 2, '2020-01-31', '516224'),
(669, '2020-02-01', 10, 2, '2020-01-31', '518979'),
(670, '2020-01-31', 10, 2, '2020-01-30', '514022'),
(671, '2020-01-31', 10, 2, '2020-01-30', '514045'),
(672, '2020-01-31', 10, 2, '2020-01-30', '514040'),
(673, '2020-01-31', 10, 2, '2020-01-30', '514028'),
(674, '2020-01-31', 10, 2, '2020-01-30', '514048'),
(675, '2020-01-31', 10, 2, '2020-01-30', '514018'),
(676, '2020-01-31', 10, 2, '2020-01-30', '514042'),
(677, '2020-01-31', 10, 2, '2020-01-30', '514033'),
(678, '2020-01-31', 10, 2, '2020-01-30', '516486'),
(679, '2020-01-31', 10, 2, '2020-01-30', '516494'),
(680, '2020-02-01', 4, 1, '2020-01-31', 'ELIMINAR'),
(681, '2020-02-04', 4, 2, '2020-01-31', '841585'),
(682, '2020-01-04', 4, 1, '2020-01-31', 'ELIMINAR'),
(683, '2020-01-04', 4, 2, '2020-01-31', '841577'),
(684, '2020-02-03', 10, 2, '2020-02-02', '518544'),
(685, '2020-02-03', 10, 2, '2020-02-02', '522890'),
(686, '2020-02-04', 4, 2, '2020-01-31', '841597'),
(687, '2020-02-04', 4, 2, '2020-01-31', '841576'),
(688, '2020-02-04', 4, 2, '2020-01-31', '841438'),
(689, '2020-02-04', 4, 2, '2020-01-31', '841435'),
(690, '2020-02-02', 10, 2, '2020-02-01', '513785'),
(691, '2020-02-02', 10, 2, '2020-02-01', '510193'),
(692, '2020-02-02', 10, 2, '2020-02-01', '516698'),
(693, '2020-02-04', 7, 2, '2020-02-03', 'M0153434-1'),
(694, '2020-02-04', 17, 2, '2020-02-03', '8-2'),
(695, '2020-02-04', 14, 2, '2020-02-03', '00116397-66'),
(696, '2020-02-04', 15, 2, '2020-02-03', '112140'),
(697, '2020-02-04', 9, 2, '2020-02-03', '485592'),
(698, '2020-02-04', 16, 2, '2020-02-03', 'PO60'),
(699, '2020-02-05', 4, 2, '2020-02-03', '841750'),
(700, '2020-02-05', 4, 2, '2020-01-31', '841447'),
(701, '2020-02-05', 4, 2, '2020-01-31', '841586'),
(702, '2020-02-05', 4, 2, '2020-01-31', '841590'),
(703, '2020-02-05', 4, 2, '2020-01-31', '841452'),
(704, '2020-02-05', 4, 2, '2020-01-31', '841449'),
(705, '2020-02-05', 4, 2, '2019-12-13', '832346'),
(706, '2020-02-04', 10, 2, '2020-02-03', '512314'),
(707, '2020-02-05', 4, 2, '2020-01-31', '841440'),
(708, '2020-01-31', 5, 1, '2020-01-30', '32830719-35'),
(709, '2020-02-05', 7, 2, '2020-02-04', 'M0153478-1'),
(710, '2020-02-05', 17, 2, '2020-02-04', '5055069'),
(711, '2020-02-06', 4, 2, '2020-02-04', '841929'),
(712, '2020-02-06', 4, 2, '2020-01-31', '841568'),
(713, '2020-02-06', 4, 2, '2020-01-31', '841531'),
(714, '2020-02-06', 4, 2, '2019-12-06', '830975'),
(715, '2020-02-06', 4, 2, '2019-12-24', '834376'),
(716, '2020-02-06', 4, 2, '2020-01-22', '840207'),
(717, '2020-02-06', 4, 2, '2020-02-04', '841927'),
(718, '2020-02-05', 10, 2, '2020-02-04', '519992'),
(719, '2020-02-06', 4, 2, '2020-02-05', '842013'),
(720, '2020-02-05', 10, 2, '2020-02-04', '517289'),
(721, '2020-02-05', 10, 2, '2020-02-04', '523781'),
(722, '2020-02-05', 10, 2, '2020-02-04', '523790'),
(723, '2020-02-05', 10, 2, '2020-02-04', '33008'),
(724, '2020-02-05', 10, 2, '2020-02-04', '523793'),
(725, '2020-02-06', 4, 2, '2020-02-03', '841748'),
(726, '2020-02-06', 4, 2, '2020-01-30', '841283'),
(727, '2020-02-06', 4, 2, '2020-02-05', '842071'),
(728, '2020-02-06', 4, 2, '2020-02-05', '842068'),
(729, '2020-02-06', 4, 2, '2020-02-05', '842113'),
(730, '2020-02-06', 17, 2, '2020-02-05', '11-2'),
(731, '2020-02-06', 7, 2, '2020-02-05', 'M0153505-3'),
(732, '2020-02-06', 10, 2, '2020-02-05', '514057'),
(733, '2020-02-06', 10, 2, '2020-02-05', '523855'),
(734, '2020-02-06', 10, 2, '2020-02-05', '523464'),
(735, '2020-02-05', 16, 2, '2020-02-04', 'PO61'),
(736, '2020-02-07', 4, 2, '2020-01-30', '842161'),
(737, '2020-02-07', 14, 2, '2020-02-06', '00116438-37'),
(738, '2020-02-01', 5, 1, '2020-01-31', '32839561-2'),
(739, '2020-02-07', 10, 2, '2020-02-06', '514066'),
(740, '2020-02-07', 10, 2, '2020-02-06', '521107'),
(741, '2020-02-07', 10, 2, '2020-02-06', '521093'),
(742, '2020-02-08', 4, 2, '2020-01-30', '842162'),
(743, '2020-02-08', 14, 2, '2020-02-07', '00116753-6'),
(744, '2020-02-08', 17, 2, '2020-02-07', '12-2'),
(745, '2020-02-08', 17, 2, '2020-02-07', '1014520'),
(746, '2020-02-08', 9, 2, '2020-02-07', '484709'),
(747, '2020-02-07', 19, 2, '2020-02-05', 'PO62'),
(748, '2020-02-08', 16, 2, '2020-02-07', 'PO63'),
(749, '2020-02-08', 12, 2, '2020-02-07', 'PO64'),
(750, '2020-02-08', 20, 2, '2020-02-07', 'PO65'),
(751, '2020-02-11', 4, 1, '2020-02-07', 'PO842600'),
(752, '2020-02-11', 4, 1, '2020-02-07', 'PO842424'),
(753, '2020-02-11', 4, 1, '2020-02-07', 'PO842590'),
(754, '2020-02-11', 16, 2, '2020-02-10', 'PO66'),
(755, '2020-02-11', 15, 2, '2020-02-10', 'PO67'),
(756, '2020-02-11', 10, 1, '2020-02-10', 'P523652'),
(757, '2020-02-11', 4, 1, '2020-02-07', 'PO842366'),
(758, '2020-02-11', 10, 1, '2020-02-10', 'P523571'),
(759, '2020-02-11', 10, 1, '2020-02-10', 'P523701'),
(760, '2020-02-11', 10, 1, '2020-02-10', 'P523698'),
(761, '2020-02-08', 11, 2, '2020-02-07', 'PO68'),
(762, '2020-02-11', 10, 1, '2020-02-10', 'P523568'),
(763, '2020-02-11', 10, 1, '2020-02-10', 'p523560'),
(764, '2020-02-11', 10, 1, '2020-02-10', 'p523558'),
(765, '2020-02-10', 20, 2, '2020-01-05', 'PRUEBA1'),
(766, '2020-02-11', 4, 1, '2020-02-10', 'PO842632'),
(767, '2020-02-10', 10, 2, '2020-02-09', '522771'),
(768, '2020-02-11', 10, 1, '2020-02-10', 'P523564'),
(769, '2020-01-03', 8, 2, '2020-01-02', '00543890-1'),
(770, '2020-02-11', 4, 1, '2020-02-10', 'PO842675'),
(771, '2020-01-03', 5, 0, '2020-02-02', '32814931-165'),
(772, '2020-02-02', 5, 0, '2020-02-01', '32827484-1'),
(773, '2020-02-04', 5, 0, '2020-02-03', '32834375-197'),
(774, '2020-02-05', 5, 0, '2020-02-04', '32834375-197'),
(775, '2020-02-11', 14, 2, '2020-02-10', '00116450-662'),
(776, '2020-02-11', 17, 2, '2020-02-10', '1014584');

-- --------------------------------------------------------

--
-- Estructura de tabla para la tabla `request_product`
--

CREATE TABLE `request_product` (
  `request_product_id` int(11) NOT NULL,
  `product_id` int(11) NOT NULL,
  `request_id` int(11) NOT NULL,
  `dialing_name` varchar(65) NOT NULL,
  `qty_bunches` int(11) NOT NULL,
  `total_steams` int(11) NOT NULL,
  `unit_price` float NOT NULL,
  `total_price` float NOT NULL,
  `measure_id` int(11) NOT NULL,
  `status` int(11) NOT NULL,
  `destination_id` int(11) NOT NULL,
  `carguera_id` int(11) NOT NULL
) ENGINE=InnoDB DEFAULT CHARSET=utf8;

--
-- Volcado de datos para la tabla `request_product`
--

INSERT INTO `request_product` (`request_product_id`, `product_id`, `request_id`, `dialing_name`, `qty_bunches`, `total_steams`, `unit_price`, `total_price`, `measure_id`, `status`, `destination_id`, `carguera_id`) VALUES
(133, 336, 71, '1FTDL', 10, 100, 0.46, 46, 5, 0, 1, 2),
(134, 339, 72, '2FTDC', 10, 100, 0.46, 92, 5, 0, 2, 2),
(135, 339, 73, '2FTDC', 10, 100, 0.46, 46, 5, 0, 2, 2),
(136, 342, 74, '1FTDC', 10, 100, 0.46, 138, 5, 0, 1, 2),
(137, 999, 74, '1FTDC', 4, 100, 0.26, 156, 1, 0, 1, 2),
(138, 561, 74, '1FTDC', 4, 100, 0.24, 24, 1, 0, 1, 2),
(139, 549, 75, '1URB', 10, 100, 0.25, 100, 4, 0, 1, 2),
(140, 1000, 76, '1FTDC', 4, 100, 0.65, 130, 1, 0, 1, 2),
(141, 342, 77, '1FTDC', 10, 100, 0.46, 46, 5, 0, 1, 2),
(142, 331, 78, '1FTDL', 4, 100, 0.27, 216, 4, 0, 1, 2),
(143, 76, 78, '1URB', 4, 100, 0.24, 48, 1, 0, 1, 2),
(144, 331, 78, '1FTDL', 6, 150, 0.24, 72, 1, 0, 1, 2),
(145, 995, 78, '1FTDL', 10, 100, 0.69, 69, 5, 0, 1, 2),
(147, 3, 80, '2USAB', 6, 150, 0.28, 840, 1, 0, 2, 2),
(148, 564, 80, '2USAB', 6, 150, 0.24, 72, 1, 0, 2, 2),
(149, 333, 81, '1FTDL', 4, 100, 0.24, 24, 1, 0, 1, 2),
(150, 336, 82, '1FTDL', 10, 100, 0.46, 46, 5, 0, 1, 2),
(151, 339, 83, '2FTDC', 10, 100, 0.46, 46, 5, 0, 2, 2),
(152, 999, 84, '1PBLX', 6, 150, 0.24, 1080, 1, 0, 1, 2),
(153, 3, 84, '1PBLX', 6, 150, 0.24, 1080, 1, 0, 1, 2),
(154, 339, 85, '1CATA', 10, 100, 0.46, 92, 5, 0, 1, 2),
(155, 561, 86, '1WMSC', 6, 150, 0.24, 216, 1, 0, 1, 2),
(156, 339, 87, '1URB', 10, 100, 0.46, 598, 5, 0, 1, 2),
(158, 995, 89, '1FTDL', 10, 100, 0.69, 69, 5, 0, 1, 2),
(159, 331, 89, '1FTDL', 4, 100, 0.27, 216, 4, 0, 1, 2),
(160, 76, 89, '1URB', 4, 100, 0.24, 48, 1, 0, 1, 2),
(161, 331, 89, '1FTDL', 6, 150, 0.24, 72, 1, 0, 1, 2),
(162, 47, 89, '1URB', 4, 100, 0.24, 48, 1, 0, 1, 2),
(163, 3, 90, '2USAB', 6, 150, 0.28, 840, 1, 0, 2, 2),
(164, 564, 90, '2USAB', 6, 150, 0.24, 72, 1, 0, 2, 2),
(165, 3, 91, '2USAB', 6, 150, 0.28, 210, 1, 0, 2, 2),
(166, 339, 92, '1URB', 10, 100, 0.46, 368, 5, 0, 1, 2),
(170, 1000, 95, '1FTNJ', 6, 150, 0.6, 450, 1, 0, 1, 2),
(171, 549, 96, '1CATA', 10, 100, 0.25, 25, 4, 0, 1, 2),
(172, 339, 96, '1CATA', 10, 100, 0.46, 46, 5, 0, 1, 2),
(173, 331, 97, '2FTDC', 6, 150, 0.26, 39, 1, 0, 2, 2),
(174, 999, 97, '2FTDC', 6, 150, 0.26, 39, 1, 0, 2, 2),
(176, 999, 99, '1FTDC', 6, 150, 0.26, 117, 1, 0, 1, 2),
(177, 989, 100, '2USAB', 6, 150, 0.24, 108, 1, 0, 2, 2),
(178, 3, 101, '1ILID', 6, 150, 0.28, 168, 1, 0, 1, 2),
(179, 564, 102, '2USAB', 6, 150, 0.24, 72, 1, 0, 2, 2),
(180, 989, 102, '2USAB', 6, 150, 0.24, 216, 1, 0, 2, 2),
(181, 184, 102, '2USAB', 6, 150, 0.24, 72, 1, 0, 2, 2),
(182, 991, 102, '2USAB', 6, 150, 0.24, 180, 1, 0, 2, 2),
(183, 999, 102, '2USAB', 4, 100, 0.24, 120, 1, 0, 2, 2),
(184, 54, 103, '1URB', 4, 100, 0.28, 28, 1, 0, 1, 2),
(185, 184, 104, '2USAB', 6, 150, 0.28, 294, 1, 0, 2, 2),
(186, 991, 104, '2USAB', 6, 150, 0.24, 216, 1, 0, 2, 2),
(187, 999, 104, '2USAB', 6, 150, 0.24, 72, 1, 0, 2, 2),
(188, 549, 88, '1URB', 10, 100, 0.25, 100, 1, 0, 1, 2),
(189, 535, 105, '12555', 10, 100, 2.4, 24, 3, 0, 1, 2),
(190, 387, 105, '12555', 16, 400, 3.18, 508.8, 1, 0, 1, 2),
(191, 540, 105, '12555', 12, 120, 3.5, 84, 5, 0, 1, 2),
(192, 540, 105, '12555', 8, 80, 3.8, 60.8, 3, 0, 1, 2),
(193, 540, 105, '12555', 8, 80, 4, 32, 9, 0, 1, 2),
(194, 540, 105, '12555', 8, 80, 4.1, 32.8, 9, 0, 1, 2),
(195, 335, 105, '12555', 10, 100, 2.6, 52, 8, 0, 1, 2),
(196, 342, 105, '12555', 10, 100, 0.44, 44, 5, 0, 1, 2),
(197, 997, 105, '12555', 12, 120, 1.3, 31.2, 4, 0, 1, 2),
(198, 543, 105, '12555', 10, 100, 2.9, 58, 5, 0, 1, 2),
(199, 535, 106, '12555', 10, 100, 2.5, 25, 3, 0, 1, 2),
(200, 535, 106, '12555', 10, 100, 2.6, 26, 3, 0, 1, 2),
(201, 540, 106, '12555', 12, 120, 3.2, 38.4, 4, 0, 1, 2),
(202, 540, 106, '12555', 12, 120, 3.5, 42, 5, 0, 1, 2),
(203, 540, 106, '12555', 8, 80, 4, 32, 9, 0, 1, 2),
(204, 335, 106, '12555', 10, 100, 2.6, 104, 8, 0, 1, 2),
(205, 335, 106, '12555', 10, 100, 2.5, 50, 8, 0, 1, 2),
(206, 995, 106, '12555', 10, 100, 0.44, 220, 5, 0, 1, 2),
(207, 996, 106, '12555', 10, 100, 0.43, 43, 5, 0, 1, 2),
(208, 340, 106, '12555', 10, 100, 0.42, 42, 4, 0, 1, 2),
(209, 336, 106, '12555', 10, 100, 0.42, 42, 4, 0, 1, 2),
(210, 342, 106, '12555', 10, 100, 0.44, 44, 5, 0, 1, 2),
(211, 339, 106, '12555', 10, 100, 0.42, 42, 4, 0, 1, 2),
(212, 339, 106, '12555', 10, 100, 0.44, 132, 5, 0, 1, 2),
(213, 287, 106, '12555', 8, 80, 0.3, 24, 1, 0, 1, 2),
(214, 534, 106, '12555', 10, 100, 1.5, 45, 5, 0, 1, 2),
(215, 532, 106, '12555', 10, 100, 1.5, 45, 5, 0, 1, 2),
(216, 540, 107, '12555', 8, 80, 4, 32, 9, 0, 1, 2),
(217, 540, 107, '12555', 8, 80, 4.1, 65.6, 9, 0, 1, 2),
(218, 540, 107, '12555', 8, 80, 4, 160, 9, 0, 1, 2),
(219, 335, 107, '12555', 10, 100, 2.5, 25, 8, 0, 1, 2),
(220, 999, 108, '1PBLX', 6, 150, 0.24, 540, 1, 0, 1, 2),
(222, 549, 109, '1URB', 10, 100, 0.25, 75, 4, 0, 1, 2),
(223, 1002, 110, '2USAB', 20, 200, 0.32, 192, 5, 0, 2, 2),
(224, 1002, 110, '2USAB', 20, 200, 0.24, 144, 1, 0, 2, 2),
(225, 1002, 110, '2USAB', 20, 200, 0.3, 180, 4, 0, 2, 2),
(226, 1003, 111, '1URB', 20, 200, 0.26, 208, 4, 0, 1, 2),
(227, 1003, 112, '2USAB', 20, 200, 0.26, 52, 4, 0, 2, 2),
(228, 609, 113, '24005', 10, 10, 1.7, 51, 5, 0, 1, 2),
(229, 535, 113, '24005', 10, 100, 2.4, 24, 9, 0, 1, 2),
(230, 540, 113, '24005', 8, 80, 3.8, 30.4, 3, 0, 1, 2),
(231, 540, 113, '24005', 8, 80, 4, 32, 9, 0, 1, 2),
(232, 335, 113, '24005', 10, 100, 2.5, 25, 8, 0, 1, 2),
(233, 335, 113, '240005', 10, 100, 2.6, 130, 8, 0, 1, 2),
(234, 995, 113, '24005', 10, 100, 0.42, 84, 4, 0, 1, 2),
(235, 995, 113, '24005', 10, 100, 0.44, 220, 5, 0, 1, 2),
(236, 340, 113, '24005', 10, 100, 0.42, 42, 4, 0, 1, 2),
(237, 336, 113, '24005', 10, 100, 0.42, 42, 4, 0, 1, 2),
(238, 336, 113, '24005', 10, 100, 0.44, 88, 5, 0, 1, 2),
(239, 342, 113, '24005', 10, 100, 0.44, 176, 5, 0, 1, 2),
(240, 339, 113, '24005', 10, 100, 0.42, 42, 4, 0, 1, 2),
(241, 339, 113, '24005', 10, 100, 0.44, 264, 5, 0, 1, 2),
(242, 287, 113, '24005', 10, 100, 0.26, 26, 2, 0, 1, 2),
(243, 287, 113, '24005', 10, 100, 0.26, 26, 2, 0, 1, 2),
(244, 532, 113, '24005', 12, 120, 1.2, 28.8, 4, 0, 1, 2),
(245, 3, 94, '2USAB', 6, 150, 0.28, 840, 1, 0, 2, 2),
(246, 564, 94, '2USAB', 6, 150, 0.24, 72, 1, 0, 2, 2),
(247, 999, 98, '1PBLX', 6, 150, 0.26, 78, 1, 0, 1, 2),
(248, 535, 114, '49600', 10, 100, 2.5, 25, 3, 0, 1, 2),
(249, 540, 114, '49600', 12, 120, 3.2, 153.6, 4, 0, 1, 2),
(250, 540, 114, '49600', 12, 120, 3.5, 126, 5, 0, 1, 2),
(251, 540, 114, '49600', 8, 80, 3.8, 91.2, 3, 0, 1, 2),
(252, 342, 114, '49600', 10, 100, 0.44, 44, 5, 0, 1, 2),
(253, 339, 114, '49600', 10, 100, 0.44, 88, 5, 0, 1, 2),
(254, 287, 114, '49600', 10, 100, 0.26, 26, 2, 0, 1, 2),
(255, 829, 114, '49600', 10, 100, 1.6, 16, 5, 0, 1, 2),
(256, 104, 115, '1ILID', 4, 100, 0.24, 144, 1, 0, 1, 2),
(257, 34, 115, '1ILID', 6, 150, 0.24, 252, 1, 0, 1, 2),
(258, 549, 116, '1URB', 10, 100, 0.25, 100, 4, 0, 1, 2),
(259, 339, 117, '1URB', 10, 100, 0.46, 506, 5, 0, 1, 2),
(260, 331, 118, '1FTDL', 4, 100, 0.27, 54, 4, 0, 1, 2),
(261, 76, 118, '1URB', 4, 100, 0.24, 48, 1, 0, 1, 2),
(262, 47, 118, '1URB', 4, 100, 0.24, 48, 1, 0, 1, 2),
(263, 989, 119, '2USAB', 6, 150, 0.24, 360, 1, 0, 1, 2),
(265, 564, 119, '2USAB', 6, 150, 0.24, 72, 1, 0, 1, 2),
(266, 3, 93, '2USAB', 6, 150, 0.28, 126, 1, 0, 2, 2),
(267, 8, 120, '1URB', 4, 100, 0.24, 24, 1, 0, 1, 2),
(268, 179, 120, '1URB', 6, 150, 0.32, 96, 1, 0, 1, 2),
(269, 179, 121, '1FTDL', 6, 150, 0.32, 144, 1, 0, 1, 2),
(270, 120, 121, '1FTDL', 6, 150, 0.32, 48, 1, 0, 1, 2),
(271, 514, 122, '1WMSC', 20, 200, 0.24, 48, 4, 0, 1, 2),
(272, 13, 123, '1ILID', 6, 150, 0.24, 108, 1, 0, 1, 2),
(273, 989, 124, '2USAB', 6, 150, 0.24, 180, 1, 0, 2, 2),
(274, 991, 124, '2USAB', 6, 150, 0.24, 72, 1, 0, 2, 2),
(275, 34, 125, '1ILID', 6, 150, 0.24, 36, 1, 0, 1, 2),
(276, 555, 126, '1PBLX', 6, 150, 0.24, 360, 1, 0, 1, 2),
(277, 3, 126, '1PBLX', 6, 150, 0.24, 360, 1, 0, 1, 2),
(278, 991, 126, '1PBLX', 6, 150, 0.25, 375, 1, 0, 1, 2),
(279, 989, 127, '2USAB', 6, 150, 0.24, 360, 1, 0, 2, 2),
(280, 991, 127, '2USAB', 6, 150, 0.24, 0, 1, 0, 2, 2),
(281, 564, 127, '2USAB', 6, 150, 0.24, 72, 1, 0, 2, 2),
(282, 514, 128, '1WMSC', 20, 200, 0.24, 48, 4, 0, 1, 2),
(283, 13, 129, '1ILID', 6, 150, 0.24, 36, 1, 0, 1, 2),
(284, 13, 129, '1ILID', 6, 150, 0.24, 72, 1, 0, 1, 2),
(294, 989, 131, '1USAB', 6, 150, 0.24, 360, 1, 0, 1, 2),
(295, 991, 131, '1USAB', 6, 150, 0.24, 360, 1, 0, 1, 2),
(296, 564, 131, '1USAB', 6, 150, 0.24, 72, 1, 0, 1, 2),
(297, 3, 132, '1USAB', 6, 150, 0.24, 36, 1, 0, 1, 2),
(298, 13, 132, '1ILID', 6, 150, 0.24, 216, 1, 0, 1, 2),
(299, 34, 132, '1ILID', 6, 150, 0.24, 288, 1, 0, 1, 2),
(300, 1004, 133, '2USAB', 6, 150, 0.24, 36, 1, 0, 2, 2),
(301, 564, 133, '2USAB', 6, 150, 0.24, 36, 1, 0, 2, 2),
(302, 991, 133, '2USAB', 6, 150, 0.24, 36, 1, 0, 2, 2),
(303, 3, 134, '1PBLX', 6, 150, 0.24, 360, 1, 0, 1, 2),
(304, 3, 135, '1PBLX', 6, 150, 0.24, 360, 1, 0, 1, 2),
(305, 991, 135, '1PBLX', 6, 150, 0.24, 360, 1, 0, 1, 2),
(306, 555, 135, '1PBLX', 6, 150, 0.24, 360, 1, 0, 1, 2),
(307, 3, 136, '1PBLX', 6, 150, 0.24, 1188, 1, 0, 1, 2),
(308, 535, 137, '12555', 10, 100, 2.4, 24, 3, 0, 1, 2),
(309, 387, 137, '12555', 16, 400, 3.18, 508.8, 1, 0, 1, 2),
(310, 540, 137, '12555', 12, 120, 3.5, 84, 5, 0, 1, 2),
(311, 540, 137, '12555', 8, 80, 3.8, 60.8, 3, 0, 1, 2),
(312, 540, 137, '12555', 8, 80, 4, 32, 9, 0, 1, 2),
(313, 540, 137, '12555', 8, 80, 4.1, 32.8, 9, 0, 1, 2),
(314, 342, 137, '12555', 10, 100, 0.44, 44, 5, 0, 1, 2),
(315, 287, 137, '12555', 8, 80, 0.3, 24, 1, 0, 1, 2),
(316, 543, 137, '12555', 10, 100, 2.9, 58, 5, 0, 1, 2),
(317, 535, 138, '37900', 10, 100, 2.5, 25, 3, 0, 1, 2),
(318, 535, 138, '37900', 10, 100, 2.6, 26, 3, 0, 1, 2),
(319, 535, 138, '37900', 10, 100, 2.3, 115, 9, 0, 1, 2),
(320, 540, 138, '37900', 12, 120, 3.2, 38.4, 4, 0, 1, 2),
(321, 540, 138, '37900', 12, 120, 3.5, 42, 5, 0, 1, 2),
(322, 540, 138, '37900', 8, 80, 3.8, 152, 3, 0, 1, 2),
(323, 540, 138, '37900', 8, 80, 4, 32, 9, 0, 1, 2),
(324, 335, 138, '37900', 10, 100, 2.5, 75, 8, 0, 1, 2),
(325, 335, 138, '37900', 10, 100, 2.6, 208, 8, 0, 1, 2),
(326, 995, 138, '37900', 10, 100, 0.44, 176, 5, 0, 1, 2),
(327, 996, 138, '37900', 10, 100, 0.43, 43, 16, 0, 1, 2),
(328, 340, 138, '37900', 10, 100, 0.42, 42, 4, 0, 1, 2),
(329, 336, 138, '37900', 10, 100, 0.42, 42, 4, 0, 1, 2),
(330, 342, 138, '37900', 10, 100, 0.44, 44, 5, 0, 1, 2),
(331, 339, 138, '37900', 10, 100, 0.42, 42, 4, 0, 1, 2),
(332, 339, 138, '37900', 10, 100, 0.44, 132, 5, 0, 1, 2),
(333, 521, 138, '37900', 10, 100, 2.9, 58, 5, 0, 1, 2),
(334, 519, 138, '37900', 10, 100, 2.9, 58, 5, 0, 1, 2),
(335, 526, 138, '37900', 10, 100, 2.9, 58, 5, 0, 1, 2),
(336, 528, 138, '37900', 10, 100, 2.9, 116, 5, 0, 1, 2),
(337, 539, 139, '47601', 10, 100, 0.16, 32, 13, 0, 1, 2),
(338, 995, 139, '47601', 10, 100, 0.0001, 0.01, 5, 0, 1, 2),
(339, 334, 139, '47601', 10, 10, 4, 80, 1, 0, 1, 2),
(340, 335, 139, '47601', 10, 100, 2.5, 25, 8, 0, 1, 2),
(341, 342, 139, '47601', 10, 100, 0.44, 88, 5, 0, 1, 2),
(342, 339, 139, '47601', 10, 100, 0.42, 42, 4, 0, 1, 2),
(343, 540, 139, '47601', 8, 80, 3.8, 152, 3, 0, 1, 2),
(344, 540, 139, '47601', 8, 80, 4.1, 65.6, 9, 0, 1, 2),
(345, 540, 139, '47601', 8, 80, 4, 192, 9, 0, 1, 2),
(346, 514, 140, '1WMSC', 20, 200, 0.24, 48, 4, 0, 1, 2),
(347, 995, 141, '1FTDL', 15, 150, 0.46, 69, 5, 0, 1, 2),
(348, 76, 141, '1URB', 4, 100, 0.24, 48, 1, 0, 1, 2),
(349, 331, 141, '1FTDL', 6, 150, 0.24, 72, 1, 0, 1, 2),
(350, 47, 141, '1URB', 4, 100, 0.24, 48, 1, 0, 1, 2),
(351, 549, 142, '1URB', 10, 100, 0.25, 75, 4, 0, 1, 2),
(352, 167, 143, '1URB', 4, 100, 0.28, 28, 1, 0, 1, 2),
(353, 54, 143, '1URB', 4, 100, 0.25, 100, 1, 0, 1, 2),
(354, 179, 144, '1URB', 6, 150, 0.32, 192, 1, 0, 1, 2),
(355, 63, 144, '1URB', 4, 100, 0.32, 64, 1, 0, 1, 2),
(356, 179, 145, '1FTDL', 6, 150, 0.32, 48, 1, 0, 1, 2),
(357, 5, 145, '1FTDL', 4, 100, 0.26, 26, 1, 0, 1, 2),
(358, 210, 146, '1FTDC', 6, 150, 0.75, 225, 1, 0, 1, 2),
(359, 8, 147, '1URB', 6, 150, 0.24, 36, 1, 0, 1, 2),
(360, 48, 147, '1URB', 4, 100, 0.28, 28, 1, 0, 1, 2),
(361, 8, 148, '1URB', 6, 150, 0.24, 36, 1, 0, 1, 2),
(362, 179, 148, '1URB', 6, 150, 0.32, 144, 1, 0, 1, 2),
(363, 549, 148, '1URB', 10, 100, 0.25, 25, 4, 0, 1, 2),
(365, 1004, 150, '2USAB', 6, 150, 0.24, 36, 1, 0, 2, 2),
(366, 564, 150, '2USAB', 6, 150, 0.24, 36, 1, 0, 2, 2),
(367, 991, 150, '2USAB', 6, 150, 0.24, 36, 1, 0, 2, 2),
(368, 561, 151, '2USAB', 6, 150, 0.24, 360, 1, 0, 2, 2),
(369, 991, 151, '2USAB', 6, 150, 0.24, 360, 1, 0, 2, 2),
(370, 564, 151, '2USAB', 6, 150, 0.24, 72, 1, 0, 2, 2),
(371, 514, 152, '1WMSC', 20, 200, 0.24, 48, 4, 0, 1, 2),
(372, 1005, 149, '1URB', 10, 100, 0.28, 112, 4, 0, 1, 2),
(373, 3, 153, '1PBLX', 6, 150, 0.24, 360, 1, 0, 1, 2),
(374, 991, 153, '1PBLX', 6, 150, 0.24, 360, 1, 0, 1, 2),
(375, 555, 153, '1PBLX', 6, 150, 0.24, 360, 1, 0, 1, 2),
(376, 561, 154, '2USAB', 6, 150, 0.24, 360, 1, 0, 2, 2),
(377, 991, 154, '2USAB', 6, 150, 0.24, 360, 1, 0, 2, 2),
(378, 564, 154, '2USAB', 6, 150, 0.24, 72, 1, 0, 2, 2),
(379, 1004, 155, '2USAB ', 6, 150, 0.24, 108, 1, 0, 2, 2),
(380, 564, 155, '2USAB', 6, 150, 0.24, 108, 1, 0, 2, 2),
(381, 994, 155, '2USAB', 6, 150, 0.24, 36, 1, 0, 2, 2),
(382, 555, 155, '2USAB', 6, 150, 0.24, 108, 1, 0, 2, 2),
(383, 3, 155, '2USAB', 4, 100, 0.27, 27, 4, 0, 2, 2),
(384, 609, 156, '24005', 10, 10, 1.7, 51, 13, 0, 1, 2),
(385, 535, 156, '24005', 10, 100, 2.4, 24, 9, 0, 1, 2),
(386, 540, 156, '24005', 12, 120, 3.5, 84, 5, 0, 1, 2),
(387, 540, 156, '24005', 8, 80, 3.8, 60.8, 3, 0, 1, 2),
(388, 540, 156, '24005', 8, 80, 4, 32, 9, 0, 1, 2),
(389, 335, 156, '24005', 10, 100, 2.5, 25, 8, 0, 1, 2),
(390, 335, 156, '24005', 10, 100, 2.6, 104, 8, 0, 1, 2),
(391, 995, 156, '24005', 10, 100, 0.42, 84, 4, 0, 1, 2),
(392, 995, 156, '24005', 10, 100, 0.44, 220, 5, 0, 1, 2),
(393, 336, 156, '24005', 10, 100, 0.44, 88, 5, 0, 1, 2),
(394, 995, 156, '24005', 10, 100, 0.44, 88, 5, 0, 1, 2),
(395, 342, 156, '24005', 10, 100, 0.44, 176, 5, 0, 1, 2),
(396, 339, 156, '24005', 10, 100, 0.44, 264, 5, 0, 1, 2),
(397, 215, 156, '24005', 10, 100, 0.26, 52, 2, 0, 1, 2),
(398, 532, 156, '24005', 12, 120, 1.2, 28.8, 4, 0, 1, 2),
(399, 829, 156, '24005', 10, 100, 1.6, 16, 5, 0, 1, 2),
(400, 535, 157, '49600', 10, 100, 2.5, 25, 3, 0, 1, 2),
(401, 540, 157, '49600', 12, 120, 3.2, 153.6, 4, 0, 1, 2),
(402, 540, 157, '49600', 12, 120, 3.5, 42, 5, 0, 1, 2),
(403, 540, 157, '49600', 8, 80, 3.8, 30.4, 3, 0, 1, 2),
(404, 335, 157, '49600', 10, 100, 2.5, 25, 8, 0, 1, 2),
(405, 335, 157, '49600', 10, 100, 2.6, 52, 8, 0, 1, 2),
(406, 342, 157, '49600', 10, 100, 0.44, 44, 5, 0, 1, 2),
(407, 339, 157, '49600', 10, 100, 0.44, 88, 5, 0, 1, 2),
(408, 287, 157, '49600', 10, 100, 0.26, 26, 2, 0, 1, 2),
(409, 829, 157, '49600', 10, 100, 1.6, 16, 5, 0, 1, 2),
(410, 518, 157, '49600', 10, 100, 2.9, 58, 5, 0, 1, 2),
(411, 519, 157, '49600', 10, 100, 2.9, 58, 5, 0, 1, 2),
(412, 526, 157, '49600', 10, 100, 2.9, 58, 5, 0, 1, 2),
(413, 543, 157, '49600', 10, 100, 2.9, 58, 5, 0, 1, 2),
(414, 535, 158, '12555', 10, 100, 2.3, 46, 3, 0, 1, 2),
(415, 387, 158, '12555', 16, 400, 3.18, 508.8, 1, 0, 1, 2),
(416, 540, 158, '12555', 8, 80, 3.8, 60.8, 3, 0, 1, 2),
(417, 540, 158, '12555', 8, 80, 4, 32, 9, 0, 1, 2),
(418, 540, 158, '12555', 8, 80, 4.1, 32.8, 9, 0, 1, 2),
(419, 342, 158, '12555', 10, 100, 0.44, 44, 5, 0, 1, 2),
(420, 287, 158, '12555', 8, 80, 0.3, 24, 1, 0, 1, 2),
(421, 543, 158, '12555', 10, 100, 2.9, 58, 5, 0, 1, 2),
(422, 335, 158, '12555', 10, 100, 2.6, 52, 8, 0, 1, 2),
(423, 535, 159, '37900', 10, 100, 2.5, 25, 3, 0, 1, 2),
(424, 535, 159, '37900', 10, 100, 2.6, 26, 3, 0, 1, 2),
(425, 540, 159, '37900', 12, 120, 3.2, 38.4, 4, 0, 1, 2),
(426, 540, 159, '37900', 12, 120, 3.5, 42, 5, 0, 1, 2),
(427, 540, 159, '37900', 8, 80, 4, 32, 9, 0, 1, 2),
(428, 335, 159, '37900', 10, 100, 2.5, 50, 8, 0, 1, 2),
(429, 335, 159, '37900', 10, 100, 2.6, 104, 8, 0, 1, 2),
(430, 995, 159, '37900', 10, 100, 0.44, 176, 5, 0, 1, 2),
(431, 996, 159, '37900', 10, 100, 0.43, 43, 16, 0, 1, 2),
(432, 342, 159, '37900', 10, 100, 0.44, 44, 5, 0, 1, 2),
(433, 339, 159, '37900', 10, 100, 0.44, 132, 5, 0, 1, 2),
(434, 540, 160, '44200', 8, 80, 3.8, 182.4, 3, 0, 1, 2),
(435, 540, 160, '44200', 8, 80, 4, 224, 9, 0, 1, 2),
(436, 540, 160, '44200', 8, 80, 4.1, 65.6, 9, 0, 1, 2),
(437, 335, 160, '44200', 10, 100, 2.5, 50, 8, 0, 1, 2),
(438, 335, 160, '44200', 10, 100, 2.6, 78, 8, 0, 1, 2),
(439, 995, 160, '44200', 10, 100, 0.44, 44, 5, 0, 1, 2),
(440, 287, 160, '44200', 10, 100, 0.26, 26, 2, 0, 1, 2),
(441, 535, 161, '24005', 10, 100, 2.4, 24, 9, 0, 1, 2),
(442, 540, 161, '24005', 8, 80, 3.8, 30.4, 3, 0, 1, 2),
(443, 335, 161, '24005', 10, 100, 2.6, 52, 8, 0, 1, 2),
(444, 995, 161, '24005', 10, 100, 0.42, 84, 4, 0, 1, 2),
(445, 336, 161, '24005', 10, 100, 0.44, 44, 4, 0, 1, 2),
(446, 995, 161, '24005', 10, 100, 0.44, 44, 5, 0, 1, 2),
(447, 342, 161, '24005', 10, 100, 0.44, 88, 5, 0, 1, 2),
(448, 339, 161, '24005', 10, 100, 0.44, 132, 5, 0, 1, 2),
(449, 287, 161, '24005', 10, 100, 0.26, 26, 2, 0, 1, 2),
(450, 540, 162, '23044', 12, 120, 3.2, 38.4, 4, 0, 1, 2),
(451, 995, 162, '23044', 10, 100, 0.44, 176, 5, 0, 1, 2),
(452, 336, 162, '23044', 10, 100, 0.44, 44, 5, 0, 1, 2),
(453, 342, 162, '23044', 10, 100, 0.44, 132, 5, 0, 1, 2),
(454, 339, 162, '23044', 10, 100, 0.44, 176, 5, 0, 1, 2),
(455, 991, 163, '1PBLX', 6, 150, 0.24, 612, 1, 0, 1, 2),
(457, 3, 163, '1PBLX', 6, 150, 0.24, 1080, 1, 0, 1, 2),
(458, 995, 164, '1FTDL', 15, 150, 0.46, 69, 5, 0, 1, 2),
(459, 76, 164, '1URB', 4, 100, 0.24, 48, 1, 0, 1, 2),
(460, 331, 164, '1FTDL', 6, 150, 0.24, 72, 1, 0, 1, 2),
(461, 47, 164, '1URB', 4, 100, 0.24, 0.72, 1, 0, 1, 2),
(462, 339, 165, '1URB', 10, 100, 0.46, 644, 5, 0, 1, 2),
(464, 555, 166, '2USAB', 6, 150, 0.24, 72, 1, 0, 2, 2),
(465, 336, 167, '1FTDL', 10, 100, 0.46, 46, 5, 0, 1, 2),
(466, 19, 168, '1PUBD', 4, 100, 0.24, 24, 1, 0, 1, 2),
(467, 331, 168, '1PUBD', 4, 100, 0.24, 24, 1, 0, 1, 2),
(468, 549, 169, '1CATA', 10, 100, 0.25, 25, 4, 0, 1, 2),
(469, 549, 170, '1CATA', 10, 100, 0.25, 25, 4, 0, 1, 2),
(470, 47, 171, '1URB', 4, 100, 0.24, 48, 1, 0, 1, 2),
(471, 549, 165, '1URB', 10, 100, 0.25, 125, 4, 0, 1, 2),
(472, 994, 163, '1PBLX', 6, 150, 0.26, 585, 4, 0, 1, 2),
(473, 1004, 172, '2USAB', 6, 150, 0.24, 108, 1, 0, 2, 2),
(474, 564, 172, '2USAB', 6, 150, 0.24, 36, 1, 0, 2, 2),
(475, 561, 173, '2USAB', 6, 150, 0.24, 360, 1, 0, 2, 2),
(476, 564, 173, '2USAB', 6, 150, 0.24, 72, 1, 0, 2, 2),
(477, 991, 174, '1PBLX', 6, 150, 0.24, 360, 1, 0, 1, 2),
(478, 166, 175, '1FTDC', 4, 100, 0.24, 24, 1, 0, 1, 2),
(479, 331, 175, '1FTDC', 4, 100, 0.24, 24, 1, 0, 1, 2),
(480, 3, 175, '1FTDC', 6, 150, 0.24, 648, 1, 0, 1, 2),
(481, 999, 175, '1FTDC', 6, 150, 0.24, 144, 1, 0, 1, 2),
(482, 48, 176, '2FTDC', 4, 100, 0.24, 24, 1, 0, 2, 2),
(483, 272, 176, '2FTDC', 4, 100, 0.24, 24, 1, 0, 2, 2),
(484, 3, 176, '2FTDC', 6, 150, 0.24, 0, 1, 0, 2, 2),
(485, 318, 176, '2FTDC', 4, 100, 0.28, 28, 4, 0, 2, 2),
(486, 561, 177, '2USAB', 6, 150, 0.24, 360, 1, 0, 2, 2),
(487, 991, 177, '2USAB', 6, 150, 0.24, 360, 1, 0, 2, 2),
(488, 564, 177, '2USAB', 6, 150, 0.24, 72, 1, 0, 2, 2),
(489, 331, 178, '1FTDL', 4, 100, 0.27, 216, 4, 0, 1, 2),
(490, 23, 178, '1FTDL', 4, 100, 0.24, 24, 1, 0, 1, 2),
(491, 76, 178, '1URB', 4, 100, 0.24, 48, 1, 0, 1, 2),
(492, 331, 178, '1FTDL', 6, 150, 0.24, 72, 1, 0, 1, 2),
(493, 47, 178, '1URB', 4, 100, 0.24, 48, 1, 0, 1, 2),
(494, 995, 178, '1FTDL', 15, 150, 0.46, 69, 5, 0, 1, 2),
(495, 998, 179, '', 18, 450, 0.232222, 104.5, 19, 0, 1, 4),
(496, 35, 179, '', 18, 450, 0.23, 103.5, 19, 0, 1, 4),
(497, 998, 179, '', 11, 275, 0.22, 60.5, 2, 0, 1, 4),
(498, 1006, 179, '', 48, 480, 0.3, 288, 1, 0, 1, 4),
(499, 998, 179, '', 10, 250, 0.25, 62.5, 1, 0, 1, 4),
(500, 998, 179, '', 16, 400, 0.01, 4, 19, 0, 1, 4),
(501, 23, 179, '', 18, 450, 0.24, 108, 1, 0, 1, 4),
(502, 106, 179, '', 18, 450, 0.24, 108, 1, 0, 1, 4),
(503, 588, 179, '', 26, 260, 2.9, 150.8, 6, 0, 1, 4),
(504, 1007, 179, '', 26, 260, 3.35, 87.1, 6, 0, 1, 4),
(505, 998, 179, '', 18, 450, 0.23, 103.5, 2, 0, 1, 4),
(506, 998, 179, '', 18, 450, 0.23, 103.5, 2, 0, 1, 4),
(507, 331, 179, '', 18, 450, 0.23, 103.5, 2, 0, 1, 4),
(508, 14, 179, '', 18, 450, 0.23, 103.5, 2, 0, 1, 4),
(509, 122, 179, '', 9, 225, 0.27555, 62, 16, 0, 1, 4),
(510, 3, 180, '2FTDC', 6, 150, 0.24, 324, 1, 0, 2, 2),
(511, 991, 181, '2USAB', 6, 150, 0.24, 360, 1, 0, 2, 2),
(512, 520, 182, '2USAB', 10, 100, 0.34, 34, 5, 0, 2, 2),
(513, 34, 183, '', 18, 450, 0.22, 99, 2, 0, 1, 4),
(514, 998, 183, '', 17, 425, 0.22, 93.5, 2, 0, 1, 4),
(515, 998, 183, '', 18, 450, 0.22, 99, 2, 0, 1, 4),
(516, 23, 183, '', 18, 450, 0.24, 108, 1, 0, 1, 4),
(517, 998, 183, '', 18, 450, 0.235555, 106, 19, 0, 1, 4),
(518, 998, 183, '', 18, 450, 0.23, 103.5, 2, 0, 1, 4),
(519, 331, 183, '', 18, 450, 0.23, 103.5, 2, 0, 1, 4),
(521, 998, 183, '', 20, 500, 0.23, 115, 2, 0, 1, 4),
(522, 122, 183, '', 9, 225, 0.28, 63, 16, 0, 1, 4),
(523, 1006, 183, '', 48, 480, 0.3, 288, 1, 0, 1, 4),
(524, 588, 183, '', 26, 260, 2.9, 150.8, 6, 0, 1, 4),
(525, 1007, 183, '', 26, 260, 3.35, 87.1, 6, 0, 1, 4),
(526, 998, 184, '', 12, 300, 0.24, 72, 1, 0, 1, 4),
(527, 998, 184, '', 18, 450, 0.221111, 99.5, 19, 0, 1, 4),
(528, 998, 184, '', 18, 450, 0.221111, 99.5, 19, 0, 1, 4),
(529, 998, 184, '', 19, 475, 0.222105, 105.5, 19, 0, 1, 4),
(530, 1006, 184, '', 48, 480, 0.3, 288, 1, 0, 1, 4),
(531, 998, 184, '', 16, 400, 0.23625, 94.5, 19, 0, 1, 4),
(532, 23, 184, '', 18, 450, 0.24, 108, 1, 0, 1, 4),
(533, 588, 184, '', 26, 260, 2.9, 150.8, 6, 0, 1, 4),
(534, 1007, 184, '', 26, 260, 3.35, 87.1, 6, 0, 1, 4),
(535, 331, 184, '', 18, 450, 0.23, 103.5, 2, 0, 1, 4),
(536, 998, 184, '', 20, 500, 0.23, 115, 19, 0, 1, 4),
(537, 998, 184, '', 18, 450, 0.23, 103.5, 2, 0, 1, 4),
(538, 998, 184, '', 20, 500, 0.21625, 108.13, 2, 0, 1, 4),
(539, 998, 184, '', 12, 300, 0.160333, 48.1, 14, 0, 1, 4),
(540, 998, 184, '', 11, 275, 0.250909, 69, 19, 0, 1, 4),
(541, 3, 108, '1PBLX', 6, 150, 0.24, 540, 1, 0, 1, 2),
(542, 34, 185, '', 18, 450, 0.222222, 100, 19, 0, 1, 4),
(543, 998, 185, '', 15, 375, 0.22, 82.5, 2, 0, 1, 4),
(544, 998, 185, '', 18, 450, 0.226667, 102, 19, 0, 1, 4),
(545, 1006, 185, '', 48, 480, 0.3, 288, 1, 0, 1, 4),
(546, 23, 185, '', 18, 450, 0.24, 108, 1, 0, 1, 4),
(547, 998, 185, '', 18, 450, 0.236667, 106.5, 19, 0, 1, 4),
(550, 998, 185, '', 18, 450, 0.237778, 107, 19, 0, 1, 4),
(551, 998, 185, '', 18, 450, 0.23, 103.5, 2, 0, 1, 4),
(552, 998, 185, '', 20, 500, 0.245, 122.5, 19, 0, 1, 4),
(553, 331, 185, '', 18, 450, 0.23, 103.5, 2, 0, 1, 4),
(554, 122, 185, '', 9, 225, 0.28, 63, 16, 0, 1, 4),
(555, 998, 186, '', 18, 450, 0.22, 99, 2, 0, 1, 4),
(556, 34, 186, '', 18, 450, 0.22, 99, 2, 0, 1, 4),
(557, 998, 186, '', 17, 425, 0.142706, 60.65, 2, 0, 1, 4),
(558, 998, 186, '', 18, 450, 0.24, 108, 1, 0, 1, 4),
(559, 23, 186, '', 18, 450, 0.24, 108, 1, 0, 1, 4),
(560, 1006, 186, '', 48, 480, 0.3, 288, 1, 0, 1, 4),
(561, 588, 186, '', 26, 260, 2.9, 150.8, 6, 0, 1, 4),
(562, 998, 186, '', 18, 450, 0.23, 103.5, 2, 0, 1, 4),
(563, 998, 186, '', 18, 450, 0.23, 103.5, 2, 0, 1, 4),
(565, 331, 186, '', 18, 450, 0.23, 103.5, 1, 0, 1, 4),
(567, 339, 79, '1URB', 10, 100, 0.46, 598, 5, 0, 1, 2),
(568, 1007, 186, '', 26, 260, 3.35, 87.1, 6, 0, 1, 4),
(569, 179, 187, '1FTDL', 6, 150, 0.28, 42, 1, 0, 1, 2),
(570, 991, 119, '2USAB', 6, 150, 0.24, 360, 1, 0, 2, 2),
(571, 339, 188, '1URB', 10, 100, 0.46, 644, 5, 0, 1, 2),
(572, 549, 188, '1URB', 10, 100, 0.25, 125, 4, 0, 1, 2),
(573, 991, 189, '1PBLX', 6, 150, 0.24, 360, 1, 0, 1, 2),
(574, 555, 189, '1PBLX', 6, 150, 0.24, 360, 1, 0, 1, 2),
(575, 3, 189, '1PBLX', 6, 150, 0.24, 360, 1, 0, 1, 2),
(576, 588, 185, '', 26, 260, 0.29, 150.8, 6, 0, 1, 4),
(577, 1007, 185, '', 26, 260, 0.335, 87.1, 6, 0, 1, 4),
(579, 561, 190, '1USAB', 6, 150, 0.24, 72, 1, 0, 1, 2),
(580, 991, 190, '1USAB', 6, 150, 0.24, 180, 1, 0, 1, 2),
(582, 549, 191, '1CATA', 10, 100, 0.25, 25, 4, 0, 1, 2),
(583, 215, 192, '24005', 10, 100, 0.26, 52, 2, 0, 1, 2),
(584, 535, 192, '24005', 10, 100, 2.4, 24, 9, 0, 1, 2),
(585, 540, 192, '24005', 8, 80, 4, 32, 9, 0, 1, 2),
(586, 995, 192, '24005', 10, 100, 0.42, 84, 4, 0, 1, 2),
(587, 339, 192, '24005', 10, 100, 0.44, 264, 5, 0, 1, 2),
(588, 532, 192, '24005', 12, 120, 1.2, 28.8, 4, 0, 1, 2),
(589, 995, 192, '24005', 10, 100, 0.44, 220, 5, 0, 1, 2),
(590, 336, 192, '24005', 10, 100, 0.44, 88, 5, 0, 1, 2),
(591, 539, 192, '24005', 10, 100, 0.17, 51, 5, 0, 1, 2),
(592, 336, 192, '24005', 10, 100, 0.44, 44, 5, 0, 1, 2),
(593, 543, 192, '24005', 10, 100, 2.9, 29, 5, 0, 1, 2),
(594, 335, 192, '24005', 10, 100, 2.6, 130, 8, 0, 1, 2),
(595, 335, 192, '24005', 10, 100, 2.5, 25, 5, 0, 1, 2),
(596, 998, 193, '', 18, 450, 0.22, 99, 19, 0, 1, 4),
(597, 34, 193, '', 18, 450, 0.22, 99, 19, 0, 1, 4),
(598, 998, 193, '', 17, 425, 0.22, 93.5, 19, 0, 1, 4),
(599, 1006, 193, '', 48, 480, 0.3, 288, 1, 0, 1, 4),
(600, 998, 193, '', 18, 450, 0.24, 108, 19, 0, 1, 4),
(601, 998, 193, '', 18, 450, 0.24, 108, 19, 0, 1, 4),
(602, 588, 193, '', 26, 260, 2.4, 124.8, 6, 0, 1, 4),
(603, 1007, 193, '', 26, 260, 2.95, 76.7, 6, 0, 1, 4),
(604, 998, 193, '', 18, 450, 0.23, 103.5, 19, 0, 1, 4),
(605, 998, 193, '', 18, 450, 0.23, 103.5, 19, 0, 1, 4),
(606, 998, 193, '', 20, 500, 0.23, 115, 19, 0, 1, 4),
(607, 331, 193, '', 18, 450, 0.23, 103.5, 19, 0, 1, 4),
(608, 1008, 194, '1USAB', 4, 100, 0.24, 24, 1, 0, 1, 2),
(609, 994, 194, '1USAB', 4, 100, 0.24, 24, 1, 0, 1, 2),
(610, 999, 194, '1USAB', 4, 100, 0.24, 24, 1, 0, 1, 2),
(611, 3, 194, '1USAB', 6, 150, 0.24, 144, 1, 0, 1, 2),
(612, 13, 195, '1ILID', 6, 150, 0.24, 216, 1, 0, 1, 2),
(613, 998, 196, '', 5, 125, 0.17, 42.5, 2, 0, 1, 3),
(614, 998, 197, '', 5, 125, 0.19, 95, 2, 0, 1, 4),
(616, 534, 192, '24005', 10, 100, 0.15, 30, 5, 0, 1, 2),
(617, 533, 192, '24005', 10, 100, 0.15, 30, 5, 0, 1, 2),
(618, 997, 192, '24005', 10, 100, 0.15, 15, 5, 0, 1, 2),
(619, 535, 192, '24005', 10, 100, 0.23, 138, 9, 0, 1, 2),
(620, 339, 192, '24005', 10, 100, 0.44, 176, 5, 0, 1, 2),
(621, 339, 192, '24005', 10, 100, 0.42, 42, 4, 0, 1, 2),
(622, 519, 192, '24005', 10, 100, 0.29, 58, 5, 0, 1, 2),
(623, 528, 192, '24005', 10, 100, 0.29, 174, 5, 0, 1, 2),
(624, 543, 192, '24005', 10, 100, 0.29, 58, 5, 0, 1, 2),
(625, 994, 198, '1PBLX', 6, 150, 0.26, 195, 1, 0, 1, 2),
(626, 588, 198, '1PBLX', 20, 200, 0.24, 384, 6, 0, 1, 2),
(627, 998, 193, '', 11, 275, 0.25, 68.75, 19, 0, 1, 4),
(628, 549, 199, '1URB', 10, 100, 0.25, 25, 4, 0, 1, 3),
(629, 991, 200, '2USAB ', 6, 150, 0.24, 72, 1, 0, 2, 2),
(630, 991, 200, '2USAB', 6, 150, 0.24, 108, 1, 0, 2, 2),
(631, 991, 200, '2USAB', 6, 150, 0.24, 72, 1, 0, 2, 2),
(632, 991, 200, '2USAB', 6, 150, 0.24, 108, 1, 0, 1, 2),
(633, 561, 200, '2USAB', 6, 150, 0.24, 36, 1, 0, 2, 2),
(634, 561, 200, '2USAB', 6, 150, 0.24, 144, 1, 0, 2, 2),
(635, 561, 200, '2USAB', 6, 150, 0.24, 72, 1, 0, 2, 2),
(636, 561, 200, '2USAB', 6, 150, 0.24, 108, 1, 0, 2, 2),
(637, 564, 200, '2USAB', 6, 150, 0.24, 72, 1, 0, 2, 2),
(638, 998, 201, '', 5, 125, 0.19, 71.25, 2, 0, 1, 4),
(639, 336, 202, '', 10, 100, 0.4, 40, 4, 0, 1, 1),
(640, 996, 203, '', 5, 50, 0.4, 100, 4, 0, 1, 1),
(641, 3, 204, 'THE ROSE GARDEN', 9, 225, 0.24, 108, 1, 0, 3, 1),
(642, 3, 204, 'THE ROSE GARDEN', 10, 250, 0.24, 60, 1, 0, 1, 1),
(643, 331, 204, 'THE ROSE GARDEN', 10, 250, 0.2, 250, 2, 0, 1, 1),
(644, 216, 204, 'THE ROSE GARDEN', 10, 100, 0.27, 162, 19, 0, 1, 1),
(645, 165, 204, 'THE ROSE GARDEN', 4, 100, 0.19, 19, 4, 0, 1, 1),
(646, 5, 204, 'THE ROSE GARDEN', 12, 300, 0.19, 57, 4, 0, 1, 1),
(647, 8, 204, 'THE ROSE GARDEN', 12, 300, 0.18, 54, 14, 0, 1, 1),
(650, 555, 205, '1PBLX', 6, 150, 0.24, 36, 1, 0, 1, 2),
(651, 164, 206, 'qwer', 12, 300, 0.5, 300, 2, 0, 1, 1),
(653, 335, 207, '24005', 10, 100, 2.5, 25, 8, 0, 1, 2),
(654, 335, 207, '24005', 10, 100, 2.6, 130, 8, 0, 1, 2),
(655, 995, 207, '24005', 10, 100, 0.42, 84, 4, 0, 1, 2),
(656, 336, 207, '24005', 10, 100, 0.44, 88, 5, 0, 1, 2),
(657, 342, 207, '24005', 10, 100, 0.44, 176, 5, 0, 1, 2),
(658, 287, 207, '24005', 10, 100, 0.26, 52, 2, 0, 1, 2),
(659, 532, 207, '24005', 12, 120, 1.2, 28.8, 4, 0, 1, 2),
(660, 535, 207, '24005', 10, 100, 2.4, 24, 9, 0, 1, 2),
(661, 339, 207, '24005', 10, 100, 0.44, 264, 5, 0, 1, 2),
(662, 540, 207, '24005', 8, 80, 3.8, 30.4, 3, 0, 1, 2),
(663, 540, 207, '24005', 8, 80, 4, 96, 9, 0, 1, 2),
(665, 995, 207, '24005', 10, 100, 0.44, 264, 5, 0, 1, 2),
(666, 535, 208, '49600', 10, 100, 2.5, 25, 3, 0, 1, 2),
(667, 540, 208, '49600', 12, 120, 3.2, 153.6, 4, 0, 1, 2),
(668, 540, 208, '49600', 12, 120, 3.5, 126, 5, 0, 1, 2),
(669, 335, 208, '49600', 10, 100, 2.5, 25, 8, 0, 1, 2),
(670, 335, 208, '49600', 10, 100, 2.6, 52, 8, 0, 1, 2),
(671, 540, 208, '49600', 8, 80, 3.8, 91.2, 3, 0, 1, 2),
(672, 342, 208, '49600', 10, 100, 0.44, 44, 5, 0, 1, 2),
(673, 339, 208, '49600', 10, 100, 0.44, 88, 5, 0, 1, 2),
(674, 287, 208, '49600', 10, 100, 0.26, 26, 2, 0, 1, 2),
(675, 387, 209, '12555', 16, 400, 3.18, 508.8, 1, 0, 1, 2),
(676, 540, 209, '12555', 12, 120, 3.5, 42, 5, 0, 1, 2),
(677, 540, 209, '12555', 8, 80, 3.8, 60.8, 3, 0, 1, 2),
(678, 287, 209, '12555', 8, 80, 0.3, 24, 1, 0, 1, 2),
(679, 543, 209, '12555', 10, 100, 2.9, 58, 5, 0, 1, 2),
(680, 543, 209, '12555', 10, 100, 2.9, 87, 5, 0, 1, 2),
(681, 528, 209, '12555', 10, 100, 2.9, 29, 5, 0, 1, 2),
(682, 535, 210, '37900', 10, 100, 2.5, 25, 3, 0, 1, 2),
(683, 535, 210, '37900', 10, 100, 2.6, 26, 3, 0, 1, 3),
(684, 535, 210, '37900', 10, 100, 2.3, 115, 9, 0, 1, 2),
(685, 335, 210, '37900', 10, 100, 2.5, 75, 8, 0, 1, 2),
(686, 335, 210, '37900', 10, 100, 2.6, 130, 8, 0, 1, 2),
(687, 995, 210, '37900', 10, 100, 0.44, 220, 5, 0, 1, 2),
(688, 996, 210, '37900', 10, 100, 0.43, 43, 5, 0, 1, 2),
(689, 342, 210, '37900', 10, 100, 0.44, 88, 5, 0, 1, 2),
(690, 339, 210, '37900', 10, 100, 0.44, 132, 5, 0, 1, 2),
(691, 534, 210, '37900', 10, 100, 1.5, 30, 5, 0, 1, 2),
(692, 533, 210, '37900', 10, 100, 1.5, 30, 5, 0, 1, 2),
(693, 997, 210, '37900', 10, 100, 1.5, 15, 5, 0, 1, 2),
(694, 532, 210, '37900', 10, 100, 1.5, 60, 5, 0, 1, 2),
(695, 543, 210, '37900', 10, 100, 2.9, 58, 5, 0, 1, 2),
(696, 543, 210, '37900', 10, 100, 2.9, 58, 5, 0, 1, 2),
(697, 523, 210, '37900', 10, 100, 2.9, 58, 5, 0, 1, 2),
(698, 518, 210, '37900', 10, 100, 2.9, 58, 5, 0, 1, 2),
(699, 524, 210, '37900', 10, 100, 2.9, 29, 5, 0, 1, 2),
(700, 525, 210, '37900', 10, 100, 2.9, 58, 5, 0, 1, 2),
(701, 519, 210, '37900', 10, 100, 2.9, 58, 5, 0, 1, 2),
(702, 520, 210, '37900', 10, 100, 2.9, 116, 5, 0, 1, 2),
(703, 335, 211, '32213', 10, 100, 2.5, 25, 8, 0, 1, 2),
(704, 1004, 212, '2USAB', 6, 150, 0.24, 0.96, 1, 0, 2, 2),
(715, 5, 220, 'SC ALVI FLOWERS SRL', 12, 300, 0.24, 144, 4, 0, 1, 1),
(716, 5, 220, 'SC ALVI FLOWERSSRL', 12, 300, 0.26, 156, 5, 0, 1, 1),
(717, 989, 221, '2USAB', 6, 150, 0.24, 360, 1, 0, 2, 2),
(718, 991, 221, '2USAB', 6, 150, 0.24, 360, 1, 0, 2, 2),
(719, 564, 221, '2USAB', 6, 150, 0.24, 72, 1, 0, 2, 2),
(720, 40, 222, '1ILID', 6, 150, 0.24, 180, 1, 0, 1, 2),
(721, 3, 223, 'THE ROSE GARDEN', 12, 300, 0.2, 180, 2, 0, 1, 1),
(722, 331, 223, 'THE ROSE GARDEN', 12, 300, 0.15, 45, 2, 0, 1, 1),
(723, 23, 223, 'THE ROSE GARDEN', 5, 125, 0.16, 20, 19, 0, 1, 1),
(724, 395, 223, 'THE ROSE GARDEN', 5, 125, 0.15, 18.75, 2, 0, 1, 1),
(725, 3, 223, 'THE ROSE GARDEN', 12, 300, 0.2, 240, 2, 0, 1, 1),
(726, 998, 224, '02084', 6, 150, 0.34, 51, 4, 0, 1, 5),
(727, 998, 225, '02084', 6, 150, 0.34, 51, 4, 0, 1, 5),
(728, 541, 226, '02069', 15, 150, 0.4, 6, 5, 0, 1, 5),
(729, 998, 227, '02084', 6, 150, 0.34, 51, 4, 0, 1, 5),
(730, 912, 228, '02185', 4, 100, 0.43, 43, 1, 0, 1, 5),
(731, 525, 229, '02232', 12, 120, 0.29, 34.8, 5, 0, 1, 5),
(732, 998, 230, '02084', 6, 150, 0.34, 51, 4, 0, 1, 5),
(733, 541, 231, '02069', 15, 150, 4, 60, 5, 0, 1, 5),
(734, 20, 232, '02207', 4, 100, 0.45, 90, 1, 0, 1, 5),
(735, 20, 232, '02207', 3, 75, 0.45, 33.75, 1, 0, 1, 5),
(736, 998, 233, '02084', 6, 150, 0.34, 51, 4, 0, 1, 5),
(737, 3, 234, 'WORLD CLASS', 10, 250, 0.4, 200, 2, 0, 1, 1),
(738, 331, 234, 'WORLD CLASS', 10, 250, 0.22, 55, 2, 0, 1, 1),
(739, 331, 234, 'WORLD CLASS', 8, 200, 0.3, 60, 1, 0, 1, 1),
(740, 3, 234, 'WORLD CLASS', 10, 250, 0.4, 100, 1, 0, 1, 1),
(741, 336, 234, 'WORLD CLASS', 10, 100, 0.4, 40, 4, 0, 1, 1),
(742, 342, 234, 'WORLD CLASS', 10, 100, 0.4, 40, 4, 0, 1, 1),
(743, 535, 237, '32802669-446', 10, 100, 2.5, 25, 3, 0, 1, 2),
(744, 540, 237, '32802669-446', 12, 120, 3.2, 153.6, 4, 0, 1, 2),
(745, 540, 237, '49600', 12, 120, 3.5, 126, 5, 0, 1, 2),
(746, 540, 237, '32802669-446', 8, 80, 3.8, 91.2, 3, 0, 1, 2),
(747, 335, 237, '32802669-446', 10, 100, 2.5, 25, 8, 0, 1, 2),
(748, 335, 237, '32802669-446', 10, 100, 2.6, 52, 8, 0, 1, 2),
(749, 339, 237, '32802669-446', 10, 100, 0.44, 176, 5, 0, 1, 2),
(750, 287, 237, '32802692-446', 10, 100, 0.26, 26, 2, 0, 1, 2),
(751, 532, 237, '32802669-446', 5, 50, 1.5, 60, 5, 0, 1, 2),
(752, 387, 238, '3280433-63', 16, 400, 3.18, 508.8, 1, 0, 1, 2),
(753, 540, 238, '32804333-63', 12, 120, 3.5, 42, 5, 0, 1, 2),
(754, 540, 238, '32804333-63', 8, 80, 3.8, 60.8, 3, 0, 1, 2),
(755, 540, 238, '32804333-63', 8, 80, 4, 32, 9, 0, 1, 2),
(756, 540, 238, '32804333-63', 8, 80, 4.1, 32.8, 9, 0, 1, 2),
(757, 543, 238, '32804333-63', 10, 100, 2.9, 29, 5, 0, 1, 2),
(758, 543, 238, '32804333-63', 10, 100, 2.9, 87, 5, 0, 1, 2),
(759, 287, 238, '32804333-63', 8, 80, 0.3, 24, 1, 0, 1, 2),
(760, 335, 238, '32804333-63', 10, 100, 2.6, 26, 8, 0, 1, 2),
(761, 214, 238, '32804333-63', 8, 80, 0.34, 54.4, 1, 0, 1, 2),
(762, 1009, 239, 'WORLD CLASS', 10, 50, 0.4, 180, 4, 0, 1, 1),
(763, 1012, 240, 'WORLD CLASS', 20, 100, 0.4, 40, 4, 0, 1, 1),
(764, 1011, 240, 'WORLD CLASS', 20, 100, 0.4, 40, 4, 0, 1, 1),
(765, 3, 241, 'WORLD CLASS', 10, 250, 0.4, 100, 2, 0, 1, 1),
(766, 3, 242, 'WORLD CLASS', 10, 250, 0.4, 100, 2, 0, 1, 1),
(767, 176, 243, 'WORLD CLASS', 8, 200, 0.3, 60, 1, 0, 1, 1),
(768, 120, 243, 'WORLD CLASS', 8, 200, 0.3, 60, 1, 0, 1, 1),
(769, 3, 243, 'WORLD CLASS', 10, 250, 0.4, 300, 2, 0, 1, 1),
(770, 3, 244, 'WORLD CLASS', 10, 250, 0.4, 200, 2, 0, 1, 1),
(771, 1009, 245, 'WORLD CLASS', 10, 50, 0.4, 60, 4, 0, 1, 1),
(772, 273, 246, 'WORLD CLASS', 10, 250, 0.24, 60, 2, 0, 1, 1),
(773, 48, 246, 'WORLD CLASS', 10, 250, 0.24, 60, 2, 0, 1, 1),
(774, 30, 246, 'WORLD CLASS', 10, 250, 0.24, 60, 2, 0, 1, 1),
(775, 123, 246, 'WORLD CLASS', 10, 250, 0.24, 120, 2, 0, 1, 1),
(776, 120, 246, 'WORLD CLASS', 10, 250, 0.26, 65, 2, 0, 1, 1),
(777, 120, 246, 'WORLD CLASS', 8, 200, 0.28, 56, 1, 0, 1, 1),
(778, 48, 246, 'WORLD CLASS', 8, 200, 0.24, 48, 1, 0, 1, 1),
(779, 238, 246, 'WORLD CLASS', 15, 150, 0.28, 42, 1, 0, 1, 1),
(780, 998, 247, 'WORLD CLASS', 4, 100, 0.22, 22, 1, 0, 1, 1),
(781, 1009, 248, 'WORLD CLASS', 10, 50, 0.4, 60, 4, 0, 1, 1),
(782, 13, 249, 'WORLD CLASS', 10, 250, 0.22, 55, 1, 0, 1, 1),
(783, 48, 249, 'WORLD CLASS', 10, 250, 0.22, 55, 2, 0, 1, 1),
(784, 23, 249, 'WORLD CLASS', 10, 250, 0.22, 55, 2, 0, 1, 1),
(785, 76, 249, 'WORLD CLASS', 10, 250, 0.22, 55, 2, 0, 1, 1),
(786, 409, 249, 'WORLD CLASS', 10, 250, 0.22, 110, 1, 0, 1, 1),
(787, 535, 250, '32804799-1690', 10, 100, 2.5, 25, 3, 0, 1, 2),
(788, 535, 250, '32804799-1690', 10, 100, 2.6, 26, 3, 0, 1, 2),
(789, 540, 250, '32804799-1690', 12, 120, 3.2, 38.4, 4, 0, 1, 2),
(790, 540, 250, '32804799-1690', 12, 120, 3.5, 42, 5, 0, 1, 2),
(791, 540, 250, '32804799-1690', 8, 80, 4, 32, 9, 0, 1, 2),
(792, 335, 250, '32804799-1690', 10, 100, 2.5, 75, 8, 0, 1, 2),
(793, 335, 250, '32804799-1690', 10, 100, 2.6, 104, 8, 0, 1, 2),
(794, 995, 250, '32804799-1690', 10, 100, 0.44, 220, 5, 0, 1, 2),
(795, 996, 250, '32804799-1690', 10, 100, 0.43, 43, 16, 0, 1, 2),
(796, 336, 250, '32804799-1690', 10, 100, 0.42, 84, 4, 0, 1, 2),
(797, 342, 250, '32804799-1690', 10, 100, 0.44, 44, 5, 0, 1, 2),
(798, 339, 250, '32804799-1690', 10, 100, 0.42, 42, 4, 0, 1, 2),
(799, 339, 250, '32804799-1690', 10, 100, 0.44, 132, 5, 0, 1, 2),
(800, 543, 250, '32804799-1690', 10, 100, 2.9, 58, 5, 0, 1, 2),
(801, 558, 251, 'MASTER TRANSPORT', 8, 200, 0.17, 136, 2, 0, 1, 3),
(802, 387, 252, '32804864-63', 16, 400, 0.0001, 0, 1, 0, 1, 2),
(803, 540, 252, '32804864-63', 8, 80, 4, 192, 9, 0, 1, 2),
(804, 540, 252, '32804864-63', 8, 80, 4.1, 65.6, 9, 0, 1, 2),
(805, 335, 252, '32804864-63', 10, 100, 2.5, 25, 8, 0, 1, 2),
(806, 339, 252, '32804864-63', 10, 100, 0.44, 44, 5, 0, 1, 2),
(807, 991, 253, 'BULK', 10, 250, 0.3, 75, 2, 0, 1, 1),
(808, 555, 253, 'BULK', 10, 250, 0.3, 75, 1, 0, 1, 1),
(809, 561, 253, 'BULK', 10, 250, 0.3, 75, 1, 0, 1, 1),
(810, 336, 254, 'BULK', 2, 20, 2, 40, 5, 0, 1, 1),
(811, 342, 254, 'BULK', 2, 20, 2, 40, 4, 0, 1, 1),
(812, 14, 255, '', 18, 450, 0.23, 103.5, 2, 0, 7, 4),
(813, 998, 255, '', 18, 450, 0.23, 103.5, 2, 0, 7, 4),
(814, 331, 255, '', 18, 450, 0.23, 103.5, 2, 0, 7, 4),
(815, 998, 255, '', 20, 500, 0.23, 115, 2, 0, 7, 4),
(816, 998, 255, '', 17, 425, 0.22, 93.5, 2, 0, 7, 4),
(817, 998, 255, '', 18, 450, 0.22, 99, 2, 0, 7, 4),
(818, 34, 255, '', 18, 450, 0.22, 99, 2, 0, 7, 4),
(819, 998, 255, '', 11, 275, 0.250909, 69, 2, 0, 7, 4),
(820, 998, 255, '', 18, 450, 0.22, 99, 19, 0, 7, 4),
(821, 23, 255, '', 18, 450, 0.22, 99, 2, 0, 7, 4),
(822, 1006, 255, '', 48, 480, 0.3, 288, 1, 0, 7, 4),
(823, 588, 255, '', 26, 260, 2.9, 150.8, 6, 0, 7, 4),
(824, 1007, 255, '', 26, 260, 3.35, 87.1, 6, 0, 7, 4),
(825, 14, 256, '', 18, 450, 0.238889, 215, 19, 0, 7, 4),
(826, 998, 256, '', 18, 450, 0.23, 207, 2, 0, 7, 4),
(827, 331, 256, '', 18, 450, 0.23, 207, 2, 0, 7, 4),
(828, 998, 256, '', 20, 500, 0.23, 230, 2, 0, 7, 4),
(829, 998, 256, '', 18, 450, 0.22, 198, 2, 0, 7, 4),
(830, 998, 256, '', 18, 450, 0.22, 198, 2, 0, 7, 4),
(831, 998, 256, '', 16, 400, 0.22, 88, 2, 0, 7, 4),
(832, 998, 256, '', 11, 275, 0.250909, 69, 2, 0, 7, 4),
(833, 177, 256, '', 13, 325, 0.2384, 77.48, 14, 0, 7, 4),
(834, 23, 256, '', 16, 400, 0.24, 0, 1, 0, 7, 4),
(835, 1006, 256, '', 48, 480, 0.3, 288, 2, 0, 7, 4),
(836, 588, 256, '', 26, 260, 2.9, 301.6, 6, 0, 7, 4),
(837, 1007, 256, '', 26, 260, 3.35, 174.2, 6, 0, 7, 4),
(838, 609, 207, '24005', 10, 100, 0.17, 51, 5, 0, 1, 2),
(839, 998, 257, '00116120-674', 6, 150, 0.34, 51, 4, 0, 1, 5),
(840, 540, 258, '00116120-674', 15, 150, 4, 60, 5, 0, 1, 2),
(841, 995, 259, '1FTDL', 15, 150, 0.46, 69, 5, 0, 1, 2),
(842, 76, 259, '1URB', 4, 100, 0.24, 0.24, 1, 0, 1, 2),
(843, 47, 259, '1URB', 4, 100, 0.24, 48, 1, 0, 1, 2),
(844, 998, 260, '00116198-629', 6, 150, 0.34, 51, 4, 0, 1, 2),
(845, 339, 261, '1URB', 10, 100, 0.46, 644, 5, 0, 1, 2),
(847, 541, 262, 'M0151040-3', 10, 100, 4.2, 42, 9, 0, 1, 4),
(848, 339, 263, '1URB', 10, 100, 0.46, 92, 4, 0, 1, 2),
(849, 543, 264, 'M0151295-1', 10, 100, 0.32, 96, 5, 0, 1, 2),
(850, 519, 264, 'M0151295-1', 10, 100, 0.32, 64, 5, 0, 1, 2),
(851, 528, 264, 'M0151295-1', 10, 100, 0.32, 64, 5, 0, 1, 2),
(852, 541, 265, 'M0151520-1', 12, 120, 3.65, 43.8, 3, 0, 1, 2),
(853, 543, 266, 'M0151559-1', 10, 100, 0.33, 33, 5, 0, 1, 2),
(854, 541, 267, 'M0151586-3', 10, 100, 4.2, 42, 9, 0, 1, 2),
(855, 3, 268, '1PBLX', 6, 150, 0.24, 360, 1, 0, 1, 2),
(856, 991, 268, '1PBLX', 6, 150, 0.24, 360, 1, 0, 1, 2),
(857, 555, 268, '1PBLX', 6, 150, 0.24, 360, 1, 0, 1, 2),
(858, 549, 261, '1URB', 10, 100, 0.25, 125, 4, 0, 1, 2),
(859, 1013, 269, '01543', 22, 220, 2.9, 382.8, 1, 0, 1, 6),
(860, 1013, 270, '01542', 22, 220, 2.9, 382.8, 1, 0, 1, 6),
(861, 1013, 271, '01542', 22, 220, 2.9, 382.8, 1, 0, 1, 6),
(862, 1000, 272, 'MUESTRa', 8, 200, 0.01, 2, 4, 0, 1, 6),
(863, 1013, 273, '01542', 22, 220, 2.9, 382.8, 1, 0, 1, 6),
(864, 1000, 274, '53530', 8, 200, 0.6, 120, 4, 0, 1, 6),
(865, 998, 275, 'ALLURE FARMS', 12, 300, 0.21, 63, 1, 0, 1, 2),
(866, 998, 276, 'ALLURE FARMS', 12, 300, 0.21, 63, 1, 0, 1, 2),
(867, 998, 277, 'ALLURE FARMS', 12, 300, 0.21, 63, 1, 0, 1, 2),
(868, 998, 278, 'ALLURE FARMS', 12, 300, 0.21, 63, 1, 0, 1, 2),
(869, 528, 279, 'M9999', 10, 100, 0.32, 64, 5, 0, 1, 7),
(870, 543, 279, 'M9999', 10, 100, 0.32, 96, 5, 0, 1, 7),
(871, 519, 279, 'M9999', 10, 100, 0.32, 64, 5, 0, 1, 7),
(872, 543, 280, 'M2624', 10, 100, 0.33, 33, 5, 0, 1, 7),
(873, 543, 281, 'M9999', 10, 100, 0.32, 64, 5, 0, 1, 7),
(874, 519, 281, 'M9999', 10, 100, 0.32, 64, 5, 0, 1, 7),
(875, 518, 281, 'M9999', 10, 100, 0.32, 32, 5, 0, 1, 7),
(876, 528, 282, 'M9999', 10, 100, 0.32, 64, 5, 0, 1, 7),
(877, 519, 282, 'M9999', 10, 100, 0.32, 64, 5, 0, 1, 7),
(878, 543, 282, 'M9999', 10, 100, 0.32, 96, 5, 0, 1, 7),
(879, 543, 283, 'M2624', 10, 100, 0.33, 33, 5, 0, 1, 7),
(880, 543, 284, 'M9999', 10, 100, 0.32, 64, 5, 0, 1, 7),
(881, 518, 284, 'M9999', 10, 100, 0.32, 32, 5, 0, 1, 7),
(882, 519, 284, 'M9999', 10, 100, 0.32, 64, 5, 0, 1, 7),
(883, 543, 285, 'M2624', 10, 100, 0.33, 33, 5, 0, 1, 7),
(884, 543, 286, 'M2624', 10, 100, 0.33, 33, 5, 0, 1, 7),
(885, 543, 287, 'M0343', 10, 100, 0.33, 33, 5, 0, 1, 7),
(886, 5, 288, 'DISTRIBUIDORA VARGAS', 10, 250, 0.34, 85, 4, 0, 10, 8),
(887, 13, 288, 'DISTRIBUIDORA VARGAS', 10, 250, 0.34, 85, 4, 0, 10, 8),
(888, 5, 289, 'DISTRIBUIDORA VARGAS', 10, 250, 0.34, 85, 4, 0, 10, 8),
(889, 13, 289, 'DISTRIBUIDORA VARGAS', 10, 250, 0.34, 85, 4, 0, 10, 8),
(890, 13, 290, 'DISTRIBUIDORA VARGAS', 10, 250, 0.34, 85, 4, 0, 10, 8),
(891, 342, 291, '1FTNJ', 10, 100, 0.46, 46, 5, 0, 1, 2),
(892, 1014, 292, '1WMSA', 20, 200, 0.19, 380, 5, 0, 1, 2),
(893, 1015, 292, '1WMSC', 20, 200, 0.19, 76, 5, 0, 1, 2),
(894, 1016, 292, '1WMSC', 20, 200, 0.19, 76, 5, 0, 1, 2),
(895, 1014, 293, '1WMSC', 20, 200, 0.19, 0, 5, 0, 1, 2),
(896, 1015, 293, '1WMSC', 20, 200, 0.19, 76, 5, 0, 1, 2),
(897, 1016, 293, '1WMSC', 20, 200, 0.19, 0.38, 5, 0, 1, 2),
(898, 1014, 294, '1WMSC', 20, 200, 0.19, 0.38, 5, 0, 1, 2),
(899, 1015, 294, '1WMSC', 20, 200, 0.19, 114, 5, 0, 1, 2),
(900, 1016, 294, '1WMSC', 20, 200, 0.19, 0.57, 5, 0, 1, 2),
(901, 1014, 295, '1WMSC', 20, 200, 0.19, 380, 5, 0, 1, 2),
(902, 1015, 295, '1WMSC', 20, 200, 0.19, 76, 5, 0, 1, 2),
(903, 1016, 295, '1WMSC', 20, 200, 0.19, 76, 5, 0, 1, 2),
(904, 1014, 296, '1WMSC', 20, 200, 0.19, 380, 5, 0, 1, 2),
(905, 184, 297, '2USAB', 4, 100, 0.24, 72, 1, 0, 2, 2),
(906, 5, 298, 'B-PERSEFONA', 12, 300, 0.28, 84, 4, 0, 9, 9),
(907, 10, 298, 'B-PERSEFONA', 12, 300, 0.25, 75, 1, 0, 9, 9),
(908, 10, 299, 'B-BARS', 12, 300, 0.26, 156, 1, 0, 9, 9),
(909, 998, 299, 'B-BARS', 20, 500, 0.15, 300, 1, 0, 9, 9),
(910, 10, 299, 'B-BARS', 12, 300, 0.28, 84, 4, 0, 9, 9),
(911, 5, 299, 'B-BARS', 12, 300, 0.3, 90, 4, 0, 9, 9),
(912, 8, 300, 'B-BARS', 16, 400, 0.28, 224, 4, 0, 9, 9),
(913, 5, 300, 'B-BARS', 16, 400, 0.26, 208, 4, 0, 9, 9),
(914, 5, 301, 'B-PERSEFONA', 12, 300, 0.28, 84, 4, 0, 9, 9),
(915, 10, 301, 'B-PERSEFONA', 12, 300, 0.25, 75, 1, 0, 9, 9),
(916, 10, 302, 'B-DOLCE BARS', 12, 300, 0.26, 156, 1, 0, 9, 9),
(917, 10, 302, 'B-DOLCE BARS', 12, 300, 0.28, 84, 4, 0, 9, 9),
(918, 5, 302, 'B-DOLCE BARS', 12, 300, 0.3, 90, 4, 0, 9, 9),
(919, 998, 302, 'B-DOLCE BARS', 20, 500, 0.15, 225, 1, 0, 9, 9),
(920, 998, 302, 'B-DOLCE BARS', 20, 500, 0, 0, 1, 0, 9, 9),
(921, 8, 303, 'B-AK47', 16, 400, 0.28, 224, 4, 0, 9, 9),
(922, 5, 303, 'B-AK47', 16, 400, 0.26, 208, 4, 0, 9, 9),
(923, 10, 304, 'B-PERSEFONA', 12, 300, 0.25, 75, 1, 0, 9, 9),
(924, 10, 305, 'B-DOLCE BARS', 12, 300, 0.26, 78, 1, 0, 9, 9),
(925, 998, 305, 'B-DOLCE BARS', 20, 500, 0.15, 300, 1, 0, 9, 9),
(926, 5, 305, 'B-DOLCE BARS', 12, 300, 0.3, 90, 4, 0, 9, 9),
(927, 10, 305, 'B-DOLCE BARS', 12, 300, 0.28, 84, 4, 0, 9, 9),
(928, 8, 306, 'B-AK47', 16, 400, 0.28, 112, 4, 0, 9, 9),
(929, 8, 306, 'B-AK47', 16, 400, 0.28, 112, 4, 0, 9, 9),
(930, 5, 306, 'B-AK47', 16, 400, 0.26, 104, 4, 0, 9, 9),
(931, 10, 307, 'B-DOLCE BARS', 10, 250, 0.26, 65, 1, 0, 9, 9),
(932, 10, 307, 'B-DOLCE BARS', 12, 300, 0.28, 84, 4, 0, 9, 9),
(933, 10, 307, 'B-DOLCE BARS', 10, 250, 0.26, 65, 1, 0, 9, 9),
(934, 998, 307, 'B-DOLCE BARS', 20, 500, 0.15, 300, 1, 0, 9, 9),
(935, 5, 307, 'B-DOLCE BARS', 12, 300, 0.3, 90, 4, 0, 9, 9),
(936, 5, 308, 'B-PERSEFONA', 12, 300, 0.28, 84, 4, 0, 9, 9),
(937, 10, 308, 'B-PERSEFONA', 12, 300, 0.25, 75, 1, 0, 9, 9),
(938, 10, 309, 'B-BARS', 12, 300, 0.26, 156, 1, 0, 9, 9),
(939, 10, 309, 'B-BARS', 12, 300, 0.3, 90, 4, 0, 9, 9),
(940, 998, 309, 'B-BARS', 20, 500, 0.15, 300, 1, 0, 9, 9),
(941, 5, 309, 'B-BARS', 12, 300, 0.28, 84, 4, 0, 9, 9),
(942, 1019, 310, '1WMSC', 16, 192, 6, 4224, 2, 0, 1, 2),
(943, 1020, 310, '1WMSC', 16, 192, 3.6, 2246.4, 2, 0, 1, 2),
(944, 1021, 310, '1WMSC', 16, 192, 4.4, 1126.4, 2, 0, 1, 2),
(945, 1019, 311, '1WMSC', 16, 192, 6, 4224, 2, 0, 1, 2),
(946, 1020, 311, '1WMSC', 16, 192, 3.6, 2246.4, 2, 0, 1, 2),
(947, 1021, 311, '1WMSC', 16, 192, 4.4, 1126.4, 2, 0, 1, 2),
(948, 1019, 312, '1WMSC', 16, 192, 6, 4224, 2, 0, 1, 2),
(949, 1020, 312, '1WMSC', 16, 192, 3.6, 2246.4, 2, 0, 1, 2),
(950, 1021, 312, '1WMSC', 16, 192, 4.4, 1126.4, 2, 0, 1, 2),
(951, 1019, 313, '1WMSC', 16, 192, 6, 4224, 2, 0, 1, 2),
(952, 1020, 313, '1WMSC', 16, 192, 3.6, 2246.4, 2, 0, 1, 2),
(953, 1021, 313, '1WMSC', 16, 192, 4.4, 1126.4, 2, 0, 1, 2),
(955, 1020, 314, '1WMSC', 16, 192, 3.6, 2246.4, 2, 0, 1, 2),
(956, 1021, 314, '1WMSC', 16, 192, 4.4, 1126.4, 2, 0, 1, 2),
(957, 1019, 315, '1WMSC', 16, 192, 6, 4320, 2, 0, 1, 2),
(958, 1020, 315, '1WMSC', 16, 192, 3.6, 2246.4, 2, 0, 1, 2),
(959, 1021, 315, '1WMSC', 16, 192, 4.4, 1126.4, 2, 0, 1, 2),
(960, 1019, 316, '1WMSC', 16, 192, 6, 0, 2, 0, 1, 2),
(961, 1020, 316, '1WMSC', 16, 192, 3.6, 2246.4, 2, 0, 1, 2),
(962, 1021, 316, '1WMSC', 16, 192, 4.4, 0, 2, 0, 1, 2),
(964, 1020, 317, '1WMSC', 16, 192, 3.6, 2246.4, 2, 0, 1, 2),
(965, 1021, 317, '1WMSC', 16, 192, 4.4, 1126.4, 2, 0, 1, 2),
(966, 342, 318, '1FTNJ', 10, 100, 0.54, 540, 5, 0, 1, 2),
(967, 342, 319, '1FTNJ', 10, 100, 0.54, 432, 5, 0, 1, 2),
(968, 342, 320, '1FTNJ', 10, 100, 0.54, 540, 5, 0, 1, 2),
(969, 342, 321, '1FTNJ', 10, 100, 0.54, 540, 5, 0, 1, 2),
(970, 342, 322, '1FTNJ', 10, 100, 0.54, 540, 5, 0, 1, 2),
(971, 342, 323, '2FTDC', 10, 100, 0.54, 432, 5, 0, 2, 2),
(972, 342, 324, '2FTDC', 10, 100, 0.54, 540, 5, 0, 2, 2),
(973, 342, 325, '1FTDC', 10, 100, 0.54, 378, 5, 0, 1, 2),
(974, 342, 326, '1FTDC', 10, 100, 0.54, 540, 5, 0, 1, 2),
(975, 342, 327, '1FTNJ', 10, 100, 0.46, 46, 5, 0, 1, 2),
(976, 40, 328, '1ILID', 6, 150, 0.24, 180, 1, 0, 1, 2),
(977, 101, 329, '1URB', 4, 100, 0.26, 52, 1, 0, 1, 2),
(978, 558, 330, '424', 15, 375, 0.19, 71.25, 2, 0, 1, 9),
(979, 998, 331, '', 5, 125, 0.17, 42.5, 2, 0, 1, 9),
(980, 998, 332, '', 5, 125, 0.19, 95, 2, 0, 1, 9),
(981, 1022, 333, '1FTDB', 15, 180, 6, 1080, 1, 0, 1, 2),
(982, 1022, 334, '2FTDB', 15, 180, 6, 1080, 1, 0, 2, 2),
(983, 1022, 335, '7FTB', 15, 180, 6, 1080, 1, 0, 4, 2),
(984, 1022, 336, '7FTB', 15, 180, 6, 1080, 1, 0, 4, 2),
(985, 1022, 337, '2FTDB', 15, 180, 6, 1080, 1, 0, 2, 2),
(986, 1022, 338, '2FTDB', 15, 180, 6, 1080, 1, 0, 2, 2),
(987, 994, 339, '2WALG', 6, 150, 0.45, 742.5, 1, 0, 2, 2),
(988, 994, 340, '2WALG', 6, 150, 0.45, 742.5, 1, 0, 2, 2),
(989, 994, 341, '2WALG', 6, 150, 0.45, 742.5, 1, 0, 2, 2),
(990, 994, 342, '2WALG', 6, 150, 0.45, 742.5, 1, 0, 2, 2),
(991, 994, 343, '2WALG', 6, 150, 0.45, 742.5, 1, 0, 2, 2),
(992, 994, 344, '2WALG', 6, 150, 0.45, 742.5, 1, 0, 2, 2),
(993, 3, 345, '1PBLX', 6, 150, 0.75, 2250, 4, 0, 1, 2),
(994, 3, 346, '1PBLX', 6, 150, 0.75, 2250, 4, 0, 1, 2),
(995, 3, 347, '1PBLX', 6, 150, 0.75, 2250, 4, 0, 1, 2),
(996, 3, 348, '1PBLX', 6, 150, 0.75, 2250, 4, 0, 1, 2),
(997, 3, 349, '1PBLX', 6, 150, 0.75, 2250, 4, 0, 1, 2),
(998, 3, 350, '1PBLX', 6, 150, 0.75, 2250, 4, 0, 1, 2),
(999, 3, 351, '1PBLX', 6, 150, 0.75, 2250, 4, 0, 1, 2),
(1000, 1023, 352, '3FTDC', 12, 144, 8.76, 840.96, 1, 0, 5, 2),
(1002, 1023, 354, '2FTDC', 12, 144, 8.76, 1261.44, 1, 0, 2, 2),
(1003, 1023, 355, '1FTDC', 12, 144, 8.76, 630.72, 1, 0, 1, 2),
(1004, 1023, 356, '5FTDC', 12, 144, 8.76, 2417.76, 1, 0, 6, 2),
(1005, 1023, 357, '6FTDC', 12, 144, 8.76, 1051.2, 1, 0, 3, 2),
(1006, 1023, 358, '3FTDC', 12, 144, 8.76, 840.96, 1, 0, 5, 2),
(1007, 1023, 359, '7FTD1', 12, 144, 8.76, 630.72, 1, 0, 4, 2),
(1008, 1023, 360, '2FTDC', 12, 144, 8.76, 0, 1, 0, 2, 2),
(1009, 1023, 361, '1FTDC', 12, 144, 8.76, 0, 1, 0, 1, 2),
(1010, 1023, 362, '5FTDC', 12, 144, 8.76, 2102.4, 1, 0, 6, 2),
(1011, 1023, 363, '6FTDC', 12, 144, 8.76, 1051.2, 1, 0, 3, 2),
(1012, 1023, 364, '3FTDC', 12, 144, 8.76, 840.96, 1, 0, 5, 2),
(1013, 1023, 365, '7FTD1', 12, 144, 8.76, 630.72, 1, 0, 4, 2),
(1014, 1023, 366, '2FTDC', 12, 144, 8.76, 1576.8, 1, 0, 2, 2),
(1015, 1023, 367, '1FTDC', 12, 144, 8.76, 0, 1, 0, 1, 2),
(1016, 1023, 368, '5FTDC', 12, 144, 8.76, 1576.8, 1, 0, 6, 2),
(1017, 1023, 369, '6FTDC', 12, 144, 8.76, 1051.2, 1, 0, 3, 2),
(1018, 1023, 370, '3FTDC', 12, 144, 8.76, 840.96, 1, 0, 5, 2),
(1019, 1023, 371, '7FTD1', 12, 144, 8.76, 315.36, 1, 0, 4, 2),
(1020, 1023, 372, '2FTDC', 12, 144, 8.76, 0, 1, 0, 2, 2),
(1021, 1023, 373, '1FTDC', 12, 144, 8.76, 630.72, 1, 0, 1, 2),
(1022, 1023, 374, '5FTDC', 12, 144, 8.76, 2102.4, 1, 0, 6, 2),
(1023, 1023, 375, '6FTDC', 12, 144, 8.76, 525.6, 1, 0, 3, 2),
(1024, 1023, 376, '3FTDC', 12, 144, 8.76, 840.96, 1, 0, 5, 2),
(1025, 1023, 377, '7FTD1', 12, 144, 8.76, 630.72, 1, 0, 4, 2),
(1026, 1023, 378, '2FTDC', 12, 144, 8.76, 1576.8, 1, 0, 2, 2),
(1027, 1023, 379, '1FTDC', 12, 144, 8.76, 630.72, 1, 0, 1, 2),
(1028, 1023, 380, '5FTDC', 12, 144, 8.76, 3153.6, 1, 0, 6, 2),
(1029, 1023, 381, '6FTDC', 12, 144, 8.76, 525.6, 1, 0, 3, 2),
(1030, 541, 382, 'M0152080-3', 10, 100, 4.2, 42, 9, 0, 1, 7),
(1031, 541, 383, 'M0343', 12, 120, 0.365, 43.8, 3, 0, 1, 7),
(1032, 541, 383, 'M0343', 10, 100, 0.42, 42, 9, 0, 1, 7),
(1033, 1023, 384, '3FTDC', 12, 144, 8.76, 735.84, 1, 0, 5, 2),
(1034, 1023, 385, '7FTD1', 12, 144, 8.76, 0, 1, 0, 2, 2),
(1035, 1023, 386, '2FTDC', 12, 144, 8.76, 1576.8, 1, 0, 2, 2),
(1036, 1023, 387, '1FTDC', 12, 144, 8.76, 630.72, 1, 0, 1, 2),
(1037, 1023, 388, '5FTDC', 12, 144, 8.76, 3153.6, 1, 0, 6, 2),
(1038, 1023, 389, '6FTDC', 12, 144, 8.76, 525.6, 1, 0, 3, 2),
(1039, 1023, 390, '3FTDC', 12, 144, 8.76, 840.96, 1, 0, 5, 2),
(1040, 1023, 391, '7FTD1', 12, 144, 8.76, 525.6, 1, 0, 4, 2),
(1041, 1023, 392, '2FTDC', 12, 144, 8.76, 1051.2, 1, 0, 2, 2),
(1043, 1023, 394, '5FTDC', 12, 144, 8.763, 2103.12, 1, 0, 6, 2),
(1044, 1023, 395, '6FTDC', 12, 144, 8.76, 1051.2, 1, 0, 3, 2),
(1045, 1023, 396, '3FTDC', 12, 144, 8.76, 840.96, 1, 0, 5, 2),
(1046, 1023, 397, '7FTD1', 12, 144, 8.76, 525.6, 1, 0, 4, 2),
(1047, 1023, 398, '2FTDC', 12, 144, 8.76, 1051.2, 1, 0, 2, 2),
(1048, 1023, 399, '1FTDC', 12, 144, 8.76, 630.72, 1, 0, 1, 2),
(1049, 1023, 400, '5FTDC', 12, 144, 8.76, 2102.4, 1, 0, 6, 2),
(1050, 1023, 401, '6FTDC', 12, 144, 8.76, 1051.2, 1, 0, 3, 2),
(1051, 561, 402, '2USAB', 6, 150, 0.24, 360, 1, 0, 2, 2),
(1052, 991, 402, '2USAB', 6, 150, 0.24, 360, 1, 0, 2, 2),
(1053, 564, 402, '2USAB', 6, 150, 0.24, 72, 1, 0, 2, 2),
(1054, 1023, 403, '3FTDC', 12, 144, 8.76, 840.96, 1, 0, 5, 2),
(1055, 1023, 404, '7FTD1', 12, 144, 8.76, 525.6, 1, 0, 4, 2),
(1056, 1023, 405, '2FTDC', 12, 144, 8.76, 1051.2, 1, 0, 2, 2),
(1057, 991, 406, '1WMSC', 6, 150, 0.33, 1336.5, 1, 0, 1, 2),
(1058, 1023, 407, '1FTDC', 12, 144, 8.76, 630.72, 1, 0, 1, 2),
(1059, 1023, 408, '5FTDC', 12, 144, 8.76, 2102.4, 1, 0, 6, 2),
(1060, 1023, 409, '6FTDC', 12, 144, 8.76, 0, 1, 0, 3, 2),
(1061, 999, 410, '', 8, 200, 0.4, 160, 1, 0, 1, 1),
(1062, 287, 411, '49600', 10, 100, 0.26, 26, 2, 0, 1, 2),
(1063, 540, 411, '49600', 12, 120, 3.2, 153.6, 4, 0, 1, 2),
(1064, 540, 411, '49600', 12, 120, 3.5, 126, 5, 0, 1, 2),
(1065, 540, 411, '49600', 8, 80, 3.8, 91.2, 3, 0, 1, 2),
(1066, 535, 411, '49600', 10, 100, 2.5, 25, 3, 0, 1, 2),
(1067, 339, 411, '49600', 10, 100, 0.44, 88, 5, 0, 1, 2),
(1068, 339, 411, '49600', 10, 100, 0.42, 42, 4, 0, 1, 2),
(1069, 532, 411, '49600', 5, 50, 1.5, 60, 5, 0, 1, 2),
(1070, 335, 411, '49600', 10, 100, 2.5, 25, 8, 0, 1, 2),
(1071, 335, 411, '49600', 10, 100, 2.6, 52, 8, 0, 1, 2),
(1072, 524, 411, '49600', 10, 100, 2.9, 29, 5, 0, 1, 2),
(1073, 1025, 412, '6FRUO', 12, 144, 9.6, 691.2, 1, 0, 3, 2),
(1074, 1025, 413, '5FRUO', 12, 144, 9.6, 1152, 1, 0, 6, 2);
INSERT INTO `request_product` (`request_product_id`, `product_id`, `request_id`, `dialing_name`, `qty_bunches`, `total_steams`, `unit_price`, `total_price`, `measure_id`, `status`, `destination_id`, `carguera_id`) VALUES
(1075, 1026, 414, '2FRUO', 6, 144, 16.75, 7336.5, 1, 0, 2, 2),
(1076, 1025, 414, '2FRUO', 12, 144, 9.6, 1036.8, 1, 0, 2, 2),
(1077, 1025, 415, '6FRUO', 12, 144, 9.6, 576, 1, 0, 3, 2),
(1078, 1025, 416, '5FRUO', 12, 144, 9.6, 1152, 1, 0, 6, 2),
(1079, 1026, 417, '2FRUO', 6, 144, 16.75, 1909.5, 1, 0, 2, 2),
(1080, 1025, 417, '2FRUO', 12, 144, 9.6, 921.6, 1, 0, 2, 2),
(1082, 1026, 419, '7FRUO', 6, 144, 16.75, 7839, 1, 0, 4, 2),
(1083, 1025, 420, '6FRUO', 12, 144, 9.6, 576, 1, 0, 3, 2),
(1084, 1025, 421, '5FRUO', 12, 144, 9.6, 1152, 1, 0, 6, 2),
(1085, 1026, 422, '2FRUO', 6, 144, 16.75, 4221, 1, 0, 2, 2),
(1086, 1025, 422, '2FRUO', 12, 144, 9.6, 921.6, 1, 0, 2, 2),
(1087, 1026, 423, '7FRUO', 6, 144, 16.75, 7839, 1, 0, 4, 2),
(1088, 1025, 424, '6FRUO', 12, 144, 9.6, 576, 1, 0, 3, 2),
(1089, 1025, 425, '5FRUO', 12, 144, 9.6, 1152, 1, 0, 6, 2),
(1090, 1025, 426, '2FRUO', 12, 144, 9.6, 921.6, 1, 0, 2, 2),
(1091, 1026, 427, '7FRUO', 6, 144, 16.75, 0, 1, 0, 4, 2),
(1092, 1025, 428, '6FRUO', 12, 144, 9.6, 576, 1, 0, 3, 2),
(1093, 1025, 429, '5FRUO', 12, 144, 9.6, 1152, 1, 0, 6, 2),
(1094, 1025, 430, '2FRUO', 12, 144, 9.6, 921.6, 1, 0, 2, 2),
(1095, 1026, 431, '3FRUO', 6, 144, 16.75, 0, 1, 0, 5, 2),
(1096, 1025, 432, '6FRUO', 12, 144, 9.6, 576, 1, 0, 3, 2),
(1097, 1025, 433, '5FRUO', 12, 144, 9.6, 1036.8, 1, 0, 6, 2),
(1098, 342, 434, '', 10, 100, 0.4, 40, 5, 0, 1, 1),
(1099, 336, 434, '', 10, 100, 0.4, 40, 5, 0, 1, 1),
(1100, 1025, 435, '2FRUO', 12, 144, 9.6, 921.6, 1, 0, 2, 2),
(1101, 1026, 436, '7FRUO', 6, 144, 16.75, 8040, 1, 0, 4, 2),
(1102, 991, 437, '1WMSC', 6, 150, 0.33, 1336.5, 1, 0, 1, 2),
(1103, 991, 438, '1WMSC', 6, 150, 0.33, 1188, 1, 0, 1, 2),
(1104, 991, 439, '1WMSC', 6, 150, 0.33, 1336.5, 1, 0, 1, 2),
(1105, 991, 440, '1WMSC', 6, 150, 0.33, 1336.5, 1, 0, 1, 2),
(1106, 1027, 441, '1PBLX', 13, 156, 0.65, 2535, 1, 0, 1, 2),
(1107, 1027, 442, '1PBLX', 13, 156, 0.65, 2535, 1, 0, 1, 2),
(1108, 1027, 443, '1PBLX', 13, 156, 0.65, 2535, 1, 0, 1, 2),
(1109, 1027, 444, '1PBLX', 13, 156, 0.65, 2535, 1, 0, 1, 2),
(1110, 1027, 445, '1FTNJ', 13, 156, 0.65, 0, 1, 0, 1, 2),
(1111, 339, 446, '1URB', 10, 100, 0.54, 486, 5, 0, 1, 2),
(1112, 339, 447, '1URB', 10, 100, 0.54, 486, 5, 0, 1, 2),
(1113, 339, 448, '1URB', 10, 100, 0.54, 216, 5, 0, 1, 2),
(1114, 339, 449, '1URB', 10, 100, 0.54, 486, 5, 0, 1, 2),
(1115, 339, 450, '1URB', 10, 100, 0.54, 486, 5, 0, 1, 2),
(1116, 47, 451, '1URB', 6, 150, 0.45, 1.35, 1, 0, 1, 2),
(1117, 101, 451, '1URB', 4, 100, 0.35, 140, 1, 0, 1, 2),
(1118, 171, 451, '1URB', 4, 100, 0.6, 3.6, 1, 0, 1, 2),
(1119, 22, 451, '1URB', 4, 100, 0.65, 195, 1, 0, 1, 2),
(1120, 549, 451, '1URB', 10, 100, 0.28, 224, 4, 0, 1, 2),
(1121, 336, 451, '1URB', 10, 100, 0.54, 1080, 5, 0, 1, 2),
(1122, 47, 452, '1URB', 6, 150, 0.45, 270, 1, 0, 1, 2),
(1123, 101, 452, '1URB', 4, 100, 0.35, 140, 1, 0, 1, 2),
(1124, 171, 452, '1URB', 4, 100, 0.6, 240, 1, 0, 1, 2),
(1125, 22, 452, '1URB', 4, 100, 0.65, 195, 1, 0, 1, 2),
(1126, 549, 452, '1URB', 10, 100, 0.28, 224, 4, 0, 1, 2),
(1127, 336, 452, '1URB', 10, 100, 0.54, 1080, 5, 0, 1, 2),
(1128, 214, 453, '139', 8, 80, 0.34, 54.4, 1, 0, 1, 2),
(1129, 287, 453, '139', 8, 80, 0.3, 24, 1, 0, 1, 2),
(1130, 540, 453, '139', 12, 120, 3.5, 42, 5, 0, 1, 2),
(1131, 540, 453, '139', 8, 80, 3.8, 60.8, 3, 0, 1, 2),
(1132, 540, 453, '139', 8, 80, 4, 64, 9, 0, 1, 2),
(1133, 342, 453, '139', 10, 100, 0.44, 44, 5, 0, 1, 2),
(1134, 387, 453, '139', 16, 400, 3.18, 508.8, 1, 0, 1, 2),
(1135, 335, 453, '139', 10, 100, 2.5, 25, 8, 0, 1, 2),
(1136, 335, 453, '139', 10, 100, 2.6, 52, 8, 0, 1, 2),
(1137, 543, 453, '139', 10, 100, 2.9, 29, 5, 0, 1, 2),
(1138, 543, 453, '139', 10, 100, 2.9, 29, 5, 0, 1, 2),
(1139, 528, 453, '139', 10, 100, 2.9, 29, 5, 0, 1, 2),
(1140, 47, 454, '1URB', 6, 150, 0.45, 270, 1, 0, 1, 2),
(1141, 101, 454, '1URB', 4, 100, 0.35, 140, 1, 0, 1, 2),
(1142, 171, 454, '1URB', 4, 100, 0.6, 240, 1, 0, 1, 2),
(1143, 22, 454, '1URB', 4, 100, 0.65, 195, 1, 0, 1, 2),
(1144, 549, 454, '1URB', 10, 100, 0.28, 224, 4, 0, 1, 2),
(1146, 549, 455, '1URB', 10, 100, 0.28, 224, 4, 0, 1, 2),
(1147, 336, 455, '1URB', 10, 100, 0.54, 1080, 5, 0, 1, 2),
(1148, 47, 455, '1URB', 6, 150, 0.45, 270, 1, 0, 1, 2),
(1149, 101, 455, '1URB', 4, 100, 0.35, 140, 1, 0, 1, 2),
(1150, 171, 455, '1URB', 4, 100, 0.6, 240, 1, 0, 1, 2),
(1151, 22, 455, '1URB', 4, 100, 0.65, 195, 1, 0, 1, 2),
(1152, 549, 456, '1URB', 10, 100, 0.28, 224, 4, 0, 1, 2),
(1153, 336, 456, '1URB', 10, 100, 0.54, 1080, 5, 0, 1, 2),
(1154, 47, 456, '1URB', 6, 150, 0.45, 270, 1, 0, 1, 2),
(1155, 101, 456, '1URB', 4, 100, 0.35, 140, 1, 0, 1, 2),
(1156, 22, 456, '1URB', 4, 100, 0.65, 195, 1, 0, 1, 2),
(1157, 549, 457, '1SAMC', 10, 100, 0.25, 175, 4, 0, 1, 2),
(1158, 564, 458, '2USAB', 6, 150, 0.4, 0, 1, 0, 2, 2),
(1159, 1028, 458, '2USAB', 6, 150, 0.45, 945, 1, 0, 2, 2),
(1160, 991, 459, '1SAMC', 6, 150, 0.33, 495, 1, 0, 1, 2),
(1163, 561, 460, '2USAB', 6, 150, 0.45, 2025, 1, 0, 2, 2),
(1164, 564, 460, '2USAB', 6, 150, 0.4, 180, 1, 0, 2, 2),
(1165, 1028, 460, '2USAB', 6, 150, 0.45, 0, 1, 0, 2, 2),
(1166, 991, 461, '2USAB', 6, 150, 0.33, 346.5, 1, 0, 2, 2),
(1167, 561, 461, '2USAB', 6, 150, 0.45, 1080, 1, 0, 2, 2),
(1168, 564, 461, '2USAB', 6, 150, 0.4, 60, 1, 0, 2, 2),
(1169, 1028, 461, '2USAB', 6, 150, 0.45, 1350, 1, 0, 2, 2),
(1170, 991, 462, '2USAB', 6, 150, 0.33, 396, 1, 0, 2, 2),
(1171, 561, 462, '2USAB', 6, 150, 0.45, 1957.5, 1, 0, 2, 2),
(1172, 564, 462, '2USAB', 6, 150, 0.4, 180, 1, 0, 2, 2),
(1173, 1028, 462, '2USAB', 6, 150, 0.45, 1350, 1, 0, 2, 2),
(1174, 991, 463, '2USAB', 6, 150, 0.33, 99, 1, 0, 2, 2),
(1175, 561, 463, '2USAB', 6, 150, 0.45, 1012.5, 1, 0, 2, 2),
(1176, 564, 463, '2USAB', 6, 150, 0.4, 120, 1, 0, 2, 2),
(1177, 1028, 463, '2USAB', 6, 150, 0.45, 337.5, 1, 0, 2, 2),
(1178, 991, 464, 'WORLD CLASS', 10, 250, 0.3, 75, 2, 0, 1, 1),
(1179, 989, 464, 'WORLD CLASS', 10, 250, 0.3, 150, 2, 0, 1, 1),
(1180, 989, 464, 'WORLD CLASS', 8, 200, 0.4, 80, 1, 0, 1, 1),
(1181, 3, 464, 'WORLD CLASS', 8, 200, 0.48, 192, 4, 0, 1, 1),
(1182, 989, 464, 'WORLD CLASS', 8, 200, 0.45, 90, 4, 0, 1, 1),
(1183, 994, 465, 'WORLD CLASS', 6, 150, 0.6, 90, 1, 0, 1, 1),
(1184, 564, 466, 'WORLD CLASS', 10, 250, 0.3, 75, 2, 0, 1, 1),
(1185, 3, 466, 'WORLD CLASS', 8, 200, 0.43, 688, 1, 0, 1, 1),
(1186, 998, 466, 'WORLD CLASS', 8, 200, 0.4, 240, 1, 0, 1, 1),
(1187, 989, 466, 'WORLD CLASS', 8, 200, 0.45, 90, 4, 0, 1, 1),
(1188, 991, 467, '1WMSC', 6, 150, 0.33, 1336.5, 1, 0, 1, 2),
(1189, 1029, 468, '1URB', 6, 108, 7.1, 809.4, 1, 0, 1, 2),
(1190, 1029, 469, '1URB', 6, 108, 7.1, 340.8, 1, 0, 1, 2),
(1191, 1029, 470, '1URB', 6, 108, 7.1, 255.6, 1, 0, 1, 2),
(1192, 1029, 471, '1URB', 6, 108, 7.1, 255.6, 1, 0, 1, 2),
(1193, 663, 472, 'SEC775', 20, 100, 0.3, 30, 1, 0, 1, 5),
(1194, 1031, 472, 'SEC775', 20, 100, 0.3, 30, 1, 0, 1, 5),
(1195, 665, 472, 'SEC775', 20, 100, 0.3, 30, 1, 0, 1, 5),
(1196, 1030, 473, '1011424', 20, 80, 0.355, 56.8, 5, 0, 1, 5),
(1197, 624, 474, '1011948', 10, 50, 0.5, 25, 3, 0, 1, 5),
(1198, 668, 475, '1012177', 20, 100, 0.3, 90, 1, 0, 1, 5),
(1199, 666, 475, '1012177', 20, 100, 0.3, 90, 1, 0, 1, 5),
(1200, 665, 475, '1012177', 20, 100, 0.3, 90, 1, 0, 1, 5),
(1201, 342, 476, 'BULK', 10, 100, 0.4, 40, 4, 0, 1, 9),
(1202, 336, 476, 'BULK', 10, 100, 0.4, 40, 4, 0, 1, 9),
(1203, 995, 477, '', 5, 50, 0.4, 40, 4, 0, 1, 9),
(1204, 998, 478, '421', 15, 375, 0.19, 71.25, 19, 0, 1, 9),
(1205, 998, 479, '', 5, 125, 0.19, 71.25, 2, 0, 1, 9),
(1206, 5, 480, '', 10, 250, 0.34, 85, 4, 0, 10, 8),
(1207, 13, 480, '', 10, 250, 0.34, 85, 4, 0, 10, 8),
(1208, 14, 481, '', 18, 450, 0.23, 103.5, 2, 0, 7, 4),
(1209, 331, 481, '', 18, 450, 0.23, 103.5, 2, 0, 7, 4),
(1210, 998, 481, '', 18, 450, 0.23, 103.5, 2, 0, 7, 4),
(1211, 998, 481, '', 20, 500, 0.23, 115, 2, 0, 7, 4),
(1215, 998, 481, '', 11, 275, 0.250909, 69, 2, 0, 7, 4),
(1216, 998, 481, '', 18, 450, 0.23, 103.5, 2, 0, 7, 4),
(1217, 23, 481, '', 18, 450, 0.24, 108, 1, 0, 7, 4),
(1218, 1006, 481, '', 48, 480, 0.3, 288, 1, 0, 7, 4),
(1219, 588, 481, '', 26, 480, 2.9, 150.8, 6, 0, 7, 4),
(1220, 1007, 481, '', 26, 480, 3.35, 87.1, 6, 0, 7, 4),
(1221, 998, 482, '2WALG', 6, 150, 0.24, 396, 1, 0, 2, 2),
(1222, 564, 482, '2WALG', 6, 150, 0.25, 187.5, 1, 0, 2, 2),
(1223, 998, 483, '422', 15, 375, 0.19, 71.25, 2, 0, 1, 9),
(1224, 998, 484, '414', 15, 375, 0.19, 142.5, 2, 0, 1, 9),
(1225, 998, 485, '410', 15, 375, 0.19, 213.75, 2, 0, 1, 9),
(1226, 998, 486, '423', 15, 375, 0.19, 142.5, 2, 0, 1, 9),
(1227, 998, 487, '412', 15, 375, 0.19, 142.5, 2, 0, 1, 9),
(1228, 998, 488, '411', 15, 375, 0.19, 213.75, 2, 0, 1, 9),
(1229, 998, 489, '428', 15, 375, 0.19, 71.25, 2, 0, 1, 9),
(1230, 998, 490, '439', 15, 375, 0.19, 71.25, 2, 0, 1, 9),
(1231, 624, 491, '', 10, 50, 0.5, 25, 3, 0, 1, 6),
(1232, 541, 492, 'm0343', 12, 120, 0.365, 43.8, 3, 0, 1, 7),
(1233, 998, 493, '02084', 6, 150, 0.34, 51, 4, 0, 1, 5),
(1234, 998, 494, '', 12, 300, 0.21, 63, 1, 0, 1, 2),
(1235, 5, 495, 'B-AK47', 16, 400, 0.26, 208, 4, 0, 9, 9),
(1236, 8, 495, 'B-AK47', 16, 400, 0.28, 224, 4, 0, 9, 9),
(1237, 1009, 496, 'WORLD CLASS', 10, 50, 0.4, 40, 4, 0, 1, 1),
(1238, 1012, 497, 'WORLD CLASS', 20, 100, 0.4, 40, 4, 0, 1, 1),
(1239, 1011, 497, 'WORLD CLASS', 20, 100, 0.4, 40, 4, 0, 1, 1),
(1240, 1012, 498, 'WORLD CLASS', 20, 100, 0.5, 50, 4, 0, 1, 1),
(1241, 1011, 498, 'WORLD CLASS', 20, 100, 0.5, 50, 4, 0, 1, 1),
(1242, 1012, 499, 'WORLD CLASS', 20, 100, 0.5, 50, 4, 0, 1, 1),
(1243, 1011, 499, 'WORLD CLASS', 20, 100, 0.5, 50, 4, 0, 1, 1),
(1244, 1009, 500, 'WORLD CLASS', 10, 50, 0.5, 75, 4, 0, 1, 1),
(1245, 1009, 501, 'WORLD CLASS', 10, 50, 0.5, 800, 4, 0, 1, 1),
(1246, 535, 502, '37900', 10, 100, 2.5, 25, 3, 0, 1, 2),
(1247, 535, 502, '37900', 10, 100, 2.6, 26, 3, 0, 1, 2),
(1248, 535, 502, '37900', 10, 100, 2.4, 24, 9, 0, 1, 2),
(1249, 387, 502, '37900', 16, 400, 6.3, 3024, 1, 0, 1, 2),
(1250, 540, 502, '37900', 12, 120, 3.5, 42, 5, 0, 1, 2),
(1251, 540, 502, '37900', 12, 120, 3.2, 38.4, 4, 0, 1, 2),
(1252, 540, 502, '37900', 8, 80, 4, 224, 9, 0, 1, 2),
(1253, 540, 502, '37900', 8, 80, 4.1, 32.8, 9, 0, 1, 2),
(1254, 335, 502, '37900', 10, 100, 2.5, 50, 8, 0, 1, 2),
(1255, 335, 502, '37900', 10, 100, 2.6, 78, 8, 0, 1, 2),
(1256, 995, 502, '37900', 10, 100, 0.44, 220, 5, 0, 1, 2),
(1257, 996, 502, '37900', 10, 100, 0.43, 43, 16, 0, 1, 2),
(1258, 342, 502, '37900', 10, 100, 0.44, 44, 5, 0, 1, 2),
(1259, 339, 502, '37900', 10, 100, 0.44, 132, 5, 0, 1, 2),
(1260, 336, 503, '1USAB', 10, 100, 0.54, 108, 5, 0, 1, 2),
(1261, 342, 503, '1USAB', 10, 100, 0.54, 108, 5, 0, 1, 2),
(1262, 336, 504, '1URB', 10, 100, 0.46, 552, 5, 0, 1, 2),
(1263, 342, 505, '2FTDC', 10, 100, 0.46, 46, 5, 0, 2, 2),
(1264, 609, 506, '24005', 10, 100, 1.7, 51, 17, 0, 1, 2),
(1265, 535, 506, '24005', 10, 100, 2.2, 22, 3, 0, 1, 2),
(1266, 535, 506, '24005', 10, 100, 2.3, 115, 9, 0, 1, 2),
(1267, 535, 506, '24005', 10, 100, 2.4, 24, 9, 0, 1, 2),
(1268, 540, 506, '24005', 8, 80, 3.8, 30.4, 3, 0, 1, 2),
(1269, 540, 506, '24005', 8, 80, 4, 32, 9, 0, 1, 2),
(1270, 335, 506, '24005', 10, 100, 2.5, 25, 8, 0, 1, 2),
(1271, 335, 506, '24005', 10, 100, 2.6, 130, 8, 0, 1, 2),
(1272, 995, 506, '24005', 10, 100, 0.42, 84, 4, 0, 1, 2),
(1273, 995, 506, '24005', 10, 100, 0.44, 264, 5, 0, 1, 2),
(1274, 336, 506, '24005', 10, 100, 0.44, 88, 5, 0, 1, 2),
(1275, 342, 506, '24005', 10, 100, 0.44, 176, 5, 0, 1, 2),
(1276, 339, 506, '24005', 10, 100, 0.44, 264, 5, 0, 1, 2),
(1277, 215, 506, '24005', 10, 100, 0.26, 52, 2, 0, 1, 2),
(1278, 532, 506, '24005', 12, 120, 1.2, 28.8, 4, 0, 1, 2),
(1279, 543, 506, '24005', 10, 100, 2.9, 116, 5, 0, 1, 2),
(1280, 523, 506, '24005', 10, 100, 2.9, 58, 5, 0, 1, 2),
(1281, 518, 506, '24005', 10, 100, 2.9, 58, 5, 0, 1, 2),
(1282, 524, 506, '24005', 10, 100, 2.9, 29, 5, 0, 1, 2),
(1283, 525, 506, '24005', 10, 100, 2.9, 58, 5, 0, 1, 2),
(1284, 521, 506, '24005', 10, 100, 2.9, 58, 5, 0, 1, 2),
(1285, 519, 506, '24005', 10, 100, 2.9, 116, 5, 0, 1, 2),
(1286, 526, 506, '24005', 10, 100, 2.9, 58, 5, 0, 1, 2),
(1287, 528, 506, '24005', 10, 100, 2.9, 116, 5, 0, 1, 2),
(1288, 520, 506, '24005', 10, 100, 2.9, 58, 5, 0, 1, 2),
(1289, 342, 507, '1USAB', 10, 100, 0.54, 540, 5, 0, 1, 2),
(1290, 564, 508, '1USAB', 6, 150, 0.24, 72, 1, 0, 1, 2),
(1291, 998, 509, 'WORLD CLASS', 6, 150, 0.3, 45, 2, 0, 1, 1),
(1292, 998, 509, 'WORLD CLASS', 7, 175, 0.4, 70, 1, 0, 1, 1),
(1293, 1009, 509, 'WORLD CLASS', 10, 50, 0.5, 25, 4, 0, 1, 1),
(1294, 558, 510, '13697', 8, 200, 0.17, 136, 2, 0, 1, 8),
(1296, 555, 511, '1PBLX', 6, 150, 0.325, 1218.75, 1, 0, 1, 2),
(1297, 989, 512, '2USAB', 6, 150, 0.24, 360, 1, 0, 2, 2),
(1298, 991, 512, '2USAB', 6, 150, 0.24, 360, 1, 0, 2, 2),
(1299, 543, 513, 'M2624', 10, 100, 0.33, 33, 5, 0, 1, 7),
(1300, 541, 513, 'M2624', 10, 100, 0.42, 42, 9, 0, 1, 7),
(1302, 387, 514, '24005', 16, 400, 6.3, 3024, 1, 0, 1, 2),
(1303, 609, 514, '24005', 10, 100, 1.7, 102, 5, 0, 1, 2),
(1304, 540, 514, '24005', 12, 120, 3.2, 38.4, 4, 0, 1, 2),
(1305, 540, 514, '24005', 8, 80, 4, 32, 9, 0, 1, 2),
(1306, 335, 514, '24005', 10, 100, 2.5, 50, 8, 0, 1, 2),
(1307, 335, 514, '24005', 10, 100, 2.6, 130, 8, 0, 1, 2),
(1308, 995, 514, '24005', 10, 100, 0.42, 84, 4, 0, 1, 2),
(1309, 995, 514, '24005', 10, 100, 0.44, 88, 5, 0, 1, 2),
(1310, 336, 514, '24005', 10, 100, 0.44, 88, 5, 0, 1, 2),
(1311, 339, 514, '24005', 10, 100, 0.48, 144, 4, 0, 1, 2),
(1312, 339, 514, '24005', 10, 100, 0.44, 176, 5, 0, 1, 2),
(1313, 339, 514, '24005', 10, 100, 0.5, 50, 5, 0, 1, 2),
(1314, 287, 514, '24005', 10, 100, 0.26, 52, 2, 0, 1, 2),
(1315, 532, 514, '24005', 5, 50, 1.5, 60, 5, 0, 1, 2),
(1316, 519, 514, '24005', 10, 100, 2.9, 29, 5, 0, 1, 2),
(1317, 532, 514, '24005', 12, 120, 1.2, 57.6, 4, 0, 1, 2),
(1318, 342, 514, '24005', 10, 100, 0.48, 48, 5, 0, 1, 2),
(1319, 342, 514, '24005', 10, 100, 0.44, 176, 5, 0, 1, 2),
(1320, 540, 514, '24005', 8, 80, 4.1, 32.8, 9, 0, 1, 2),
(1321, 10, 515, 'B-BARS', 12, 300, 0.26, 156, 1, 0, 9, 9),
(1322, 10, 516, 'B-PERSEFONA', 12, 300, 0.26, 78, 1, 0, 9, 9),
(1324, 991, 511, '1PBLX', 6, 150, 0.3, 1125, 1, 0, 1, 2),
(1327, 991, 438, '1WMSC', 6, 150, 0.33, 148.5, 1, 0, 1, 2),
(1328, 998, 515, 'B-BARS', 20, 500, 0.15, 300, 1, 0, 9, 9),
(1329, 10, 515, 'B-BARS', 12, 300, 0.3, 90, 4, 0, 9, 9),
(1330, 5, 515, 'B-BARS', 12, 300, 0.28, 84, 4, 0, 9, 9),
(1331, 995, 517, '1FTDL', 15, 150, 0.46, 69, 5, 0, 1, 2),
(1332, 991, 517, '1URB', 4, 100, 0.24, 48, 2, 0, 1, 2),
(1333, 47, 517, '1URB', 4, 100, 0.24, 48, 1, 0, 1, 2),
(1334, 331, 517, '1FTDL', 6, 150, 0.24, 72, 1, 0, 1, 2),
(1335, 101, 518, '1URB', 4, 100, 0.28, 28, 1, 0, 1, 2),
(1337, 991, 520, '1PBLX', 6, 150, 0.3, 1125, 1, 0, 1, 2),
(1338, 555, 520, '1PBLX', 6, 150, 0.325, 1.95, 1, 0, 1, 2),
(1339, 339, 521, '1URB', 10, 100, 0.54, 594, 5, 0, 1, 2),
(1340, 1001, 521, '1URB', 10, 100, 0.28, 140, 4, 0, 1, 2),
(1341, 342, 522, '1FTDC', 10, 100, 0.54, 54, 5, 0, 1, 2),
(1342, 1014, 523, '1WMSC', 20, 200, 0.19, 152, 4, 0, 1, 2),
(1343, 609, 192, '24005', 10, 100, 1.6, 80, 5, 0, 1, 2),
(1344, 609, 192, '24005', 10, 100, 1.7, 51, 5, 0, 1, 2),
(1345, 3, 524, '1PBLX', 6, 150, 0.24, 360, 1, 0, 1, 2),
(1346, 991, 524, '1PBLX', 6, 150, 0.24, 360, 1, 0, 1, 2),
(1347, 555, 524, '1PBLX', 6, 150, 0.24, 360, 1, 0, 1, 2),
(1348, 998, 525, '424', 15, 375, 0.19, 71.25, 1, 0, 1, 9),
(1349, 535, 526, '23042', 10, 100, 2.5, 25, 3, 0, 1, 2),
(1350, 540, 526, '23042', 12, 120, 3.2, 153.6, 4, 0, 1, 2),
(1351, 540, 526, '23042', 12, 120, 3.5, 126, 5, 0, 1, 2),
(1352, 540, 526, '23042', 8, 80, 3.8, 91.2, 3, 0, 1, 2),
(1353, 335, 526, '23042', 10, 100, 2.5, 25, 8, 0, 1, 2),
(1354, 335, 526, '23042', 10, 100, 2.6, 52, 8, 0, 1, 2),
(1355, 339, 526, '23042', 10, 100, 0.44, 132, 5, 0, 1, 2),
(1356, 287, 526, '23042', 10, 100, 0.26, 26, 2, 0, 1, 2),
(1357, 532, 526, '23042', 5, 50, 1.5, 60, 5, 0, 1, 2),
(1358, 339, 526, '23042', 10, 100, 0.44, 44, 5, 0, 1, 2),
(1359, 1013, 527, '01542', 22, 220, 2.9, 382.8, 1, 0, 1, 3),
(1360, 662, 528, '1012168', 20, 100, 0.3, 30, 2, 0, 1, 6),
(1361, 666, 528, '1012168', 20, 100, 0.3, 30, 2, 0, 1, 6),
(1362, 663, 528, '1012168', 20, 100, 0.3, 30, 2, 0, 1, 6),
(1363, 665, 528, '1012168', 20, 100, 0.3, 30, 2, 0, 1, 6),
(1364, 666, 529, '1012176', 20, 100, 0.3, 60, 2, 0, 1, 6),
(1365, 665, 529, '1012176', 20, 100, 0.3, 120, 2, 0, 1, 6),
(1366, 998, 530, '', 5, 125, 0.17, 42.5, 2, 0, 1, 10),
(1367, 998, 531, '', 5, 125, 0.19, 95, 2, 0, 1, 10),
(1368, 387, 532, '49600', 16, 400, 3.18, 508.8, 1, 0, 1, 2),
(1369, 387, 532, '49600', 16, 400, 6.3, 3024, 1, 0, 1, 2),
(1370, 535, 532, '49600', 10, 100, 2.5, 25, 3, 0, 1, 2),
(1371, 540, 532, '49600', 12, 120, 3.2, 115.2, 4, 0, 1, 2),
(1372, 540, 532, '49600', 12, 120, 3.5, 168, 5, 0, 1, 2),
(1373, 540, 532, '49600', 8, 80, 3.8, 152, 3, 0, 1, 2),
(1374, 540, 532, '49600', 8, 80, 4, 32, 9, 0, 1, 2),
(1375, 335, 532, '49600', 10, 100, 2.5, 25, 8, 0, 1, 2),
(1376, 335, 532, '49600', 10, 100, 2.6, 78, 8, 0, 1, 2),
(1377, 340, 532, '49600', 10, 100, 0.48, 48, 4, 0, 1, 2),
(1378, 342, 532, '49600', 10, 100, 0.48, 48, 4, 0, 1, 2),
(1379, 339, 532, '49600', 10, 100, 0.48, 48, 4, 0, 1, 2),
(1380, 287, 532, '49600', 10, 100, 0.26, 26, 2, 0, 1, 2),
(1381, 214, 532, '49600', 8, 80, 0.34, 27.2, 1, 0, 1, 2),
(1382, 543, 532, '49600', 10, 100, 2.9, 29, 5, 0, 1, 2),
(1383, 342, 533, '2USAB', 10, 100, 0.54, 54, 5, 0, 2, 2),
(1384, 991, 519, '1WMSC', 6, 150, 0.33, 1336.5, 1, 0, 1, 2),
(1385, 587, 534, '1FTDL', 10, 100, 0.26, 52, 6, 0, 1, 2),
(1386, 991, 535, '1PBLX', 6, 150, 0.3, 1125, 1, 0, 1, 2),
(1388, 555, 535, '1PBLX', 6, 150, 0.325, 1218.75, 1, 0, 1, 2),
(1389, 1014, 536, '1USAB', 20, 200, 0.19, 76, 4, 0, 1, 2),
(1390, 998, 537, '421', 15, 375, 0.19, 71.25, 2, 0, 1, 11),
(1391, 541, 538, '02069', 15, 150, 0.4, 60, 5, 0, 1, 5),
(1392, 387, 539, '32804864-63', 16, 400, 3.18, 508.8, 1, 0, 1, 2),
(1393, 540, 539, '32804864-63', 12, 120, 3.5, 42, 5, 0, 1, 2),
(1394, 540, 539, '32804864-63', 8, 80, 3.8, 60.8, 3, 0, 1, 2),
(1395, 540, 539, '32804864-63', 8, 80, 4, 32, 9, 0, 1, 2),
(1396, 540, 539, '32804864-63', 8, 80, 4.1, 32.8, 9, 0, 1, 2),
(1397, 335, 539, '32804864-63', 10, 100, 2.5, 25, 8, 0, 1, 2),
(1398, 335, 539, '32804864-63', 10, 100, 2.6, 52, 8, 0, 1, 2),
(1399, 342, 539, '32804864-63', 10, 100, 0.44, 44, 5, 0, 1, 2),
(1400, 287, 539, '32804864-63', 8, 80, 0.3, 24, 1, 0, 1, 2),
(1401, 214, 539, '32804864-63', 8, 80, 0.34, 54.4, 1, 0, 1, 2),
(1402, 543, 539, '32804864-63', 10, 100, 2.9, 29, 5, 0, 1, 2),
(1403, 543, 539, '32804864-63', 10, 100, 2.9, 29, 5, 0, 1, 2),
(1404, 528, 539, '32804864-63', 10, 100, 2.9, 29, 5, 0, 1, 2),
(1405, 991, 540, '1USAB', 6, 150, 0.33, 693, 1, 0, 1, 2),
(1406, 342, 541, '1FTNJ', 10, 100, 0.54, 21.6, 5, 0, 1, 2),
(1408, 1019, 314, '1WMSC', 16, 192, 6, 144, 2, 0, 1, 2),
(1409, 991, 543, '1PBLX', 6, 150, 0.3, 1125, 1, 0, 1, 2),
(1410, 555, 543, '1PBLX', 6, 150, 0.325, 1218.75, 1, 0, 1, 2),
(1411, 561, 544, '2USAB', 6, 150, 0.24, 0.48, 1, 0, 2, 2),
(1412, 991, 544, '2USAB', 6, 150, 0.24, 720, 1, 0, 2, 2),
(1413, 564, 544, '2USAB', 6, 150, 0.24, 144, 1, 0, 2, 2),
(1414, 171, 545, '1URB', 4, 100, 0.6, 120, 1, 0, 1, 2),
(1415, 47, 545, '1URB', 6, 150, 0.45, 67.5, 1, 0, 1, 2),
(1416, 662, 546, '1012169', 20, 100, 0.3, 60, 2, 0, 1, 6),
(1417, 666, 546, '1012169', 20, 100, 0.3, 60, 2, 0, 1, 6),
(1418, 1031, 546, '1012169', 20, 100, 0.3, 90, 2, 0, 1, 6),
(1419, 663, 546, '1012169', 20, 100, 0.3, 60, 2, 0, 1, 6),
(1420, 665, 546, '1012169', 20, 100, 0.3, 60, 2, 0, 1, 6),
(1421, 1032, 547, '1009444', 15, 75, 0.95, 327.75, 4, 0, 1, 6),
(1422, 624, 548, '1012948', 10, 50, 0.5, 75, 3, 0, 1, 6),
(1423, 624, 549, '31-1', 10, 50, 0.5, 25, 3, 0, 1, 6),
(1424, 5, 550, 'B-AK.47', 16, 400, 0.26, 416, 4, 0, 9, 3),
(1426, 8, 551, 'B-AK.47', 16, 400, 0.28, 224, 4, 0, 9, 3),
(1427, 5, 551, 'B-AK.47', 16, 400, 0.26, 208, 4, 0, 9, 3),
(1428, 5, 552, '', 10, 250, 0.34, 85, 16, 0, 10, 8),
(1429, 13, 552, '', 10, 250, 0.34, 85, 16, 0, 10, 8),
(1430, 998, 553, '', 6, 150, 0.3, 45, 2, 0, 1, 1),
(1431, 998, 553, '', 7, 175, 0.4, 70, 1, 0, 1, 1),
(1432, 991, 554, '1PBLX', 6, 150, 0.3, 1125, 1, 0, 1, 2),
(1433, 555, 554, '1PBLX', 6, 150, 0.325, 1218.75, 1, 0, 1, 2),
(1434, 342, 555, '1FTNJ', 10, 100, 0.46, 184, 5, 0, 1, 2),
(1435, 561, 556, '2USAB', 6, 150, 0.24, 72, 1, 0, 2, 2),
(1436, 1023, 557, '2FTDC', 12, 144, 8.76, 1576.8, 1, 0, 2, 2),
(1438, 998, 559, '428', 15, 375, 0.19, 71.25, 2, 0, 1, 11),
(1439, 998, 560, '410', 15, 375, 0.19, 213.75, 2, 0, 1, 11),
(1440, 998, 561, '411', 15, 375, 0.19, 213.75, 2, 0, 1, 11),
(1441, 998, 562, '422', 15, 375, 0.19, 71.25, 2, 0, 1, 11),
(1442, 998, 563, '414', 15, 375, 0.19, 142.5, 1, 0, 1, 11),
(1443, 998, 564, '412', 15, 375, 0.19, 142.5, 2, 0, 1, 11),
(1444, 998, 565, '439', 15, 375, 0.19, 71.25, 2, 0, 1, 11),
(1445, 998, 566, '423', 15, 375, 0.19, 142.5, 2, 0, 1, 11),
(1446, 3, 567, '73716', 4, 100, 0.9, 270, 5, 0, 1, 11),
(1447, 998, 568, '146250', 5, 125, 0.19, 71.25, 2, 0, 1, 11),
(1448, 998, 569, '424', 15, 375, 0.19, 71.25, 2, 0, 1, 11),
(1450, 561, 570, '1USAB', 6, 150, 0.45, 1080, 1, 0, 1, 2),
(1451, 342, 571, '2FTDC', 10, 100, 0.46, 92, 5, 0, 2, 2),
(1452, 342, 572, '1FTDC', 10, 100, 0.46, 46, 5, 0, 1, 2),
(1453, 999, 573, '1SAMC', 6, 150, 0.3, 180, 1, 0, 1, 2),
(1454, 564, 574, '1USAB', 6, 150, 0.4, 120, 1, 0, 1, 2),
(1455, 994, 575, '1USAB', 6, 150, 0.45, 675, 1, 0, 1, 2),
(1456, 342, 576, '2USAB', 10, 100, 0.54, 324, 5, 0, 2, 2),
(1457, 336, 577, '1USAB', 10, 100, 0.54, 324, 5, 0, 1, 2),
(1458, 342, 577, '1USAB', 10, 100, 0.54, 324, 5, 0, 1, 2),
(1459, 1019, 317, '1WMSC', 16, 192, 6, 0, 2, 0, 1, 2),
(1460, 991, 570, '1USAB', 6, 150, 0.33, 0, 1, 0, 1, 2),
(1461, 1023, 578, '7FTD1', 12, 144, 8.76, 525.6, 1, 0, 4, 2),
(1462, 1026, 579, '3FRUO', 6, 144, 16.75, 201, 1, 0, 5, 2),
(1463, 1023, 580, '1FTDC', 12, 144, 8.76, 630.72, 1, 0, 1, 2),
(1464, 1023, 581, '2FTDC', 12, 144, 8.76, 420.48, 1, 0, 2, 2),
(1465, 1023, 582, '6FTDC', 12, 144, 8.76, 1051.2, 1, 0, 3, 2),
(1466, 1023, 583, '1FTDC', 12, 144, 8.76, 210.24, 1, 0, 1, 2),
(1467, 1023, 584, '2FTDC', 12, 144, 8.76, 630.72, 1, 0, 2, 2),
(1468, 704, 585, 'TROPIC MART DIO', 30, 300, 0.24, 72, 4, 0, 9, 5),
(1469, 280, 363, '1URB', 1, 25, 1, 25, 12, 0, 1, 2),
(1471, 1019, 587, '1WMSC', 16, 192, 6, 288, 2, 0, 1, 2),
(1472, 1021, 587, '1WMSC', 16, 192, 4.4, 140.8, 2, 0, 1, 2),
(1473, 1019, 588, '1WMSC', 16, 192, 6, 288, 2, 0, 1, 2),
(1474, 1021, 588, '1WMSC', 16, 192, 4.4, 140.8, 2, 0, 1, 2),
(1475, 1023, 368, '5FTDC', 12, 144, 8.76, 420.48, 1, 0, 6, 2),
(1476, 704, 589, 'AMANCAY', 15, 150, 0.26, 39, 4, 0, 1, 2),
(1477, 512, 590, 'ACADEMI FLORIS', 15, 150, 0.28, 42, 5, 0, 1, 2),
(1478, 1033, 590, 'ACADEMI FLORIS', 15, 150, 0.28, 42, 5, 0, 1, 2),
(1479, 541, 591, 'm0343', 12, 120, 0.365, 43.8, 3, 0, 1, 7),
(1480, 998, 592, '2014168', 12, 300, 0.21, 63, 1, 0, 1, 2),
(1481, 3, 593, '73716', 4, 100, 0.75, 900, 4, 0, 1, 11),
(1482, 3, 593, '73716', 4, 100, 0.9, 1440, 5, 0, 1, 11),
(1483, 998, 594, '421', 15, 375, 0.19, 71.25, 2, 0, 1, 11),
(1484, 1032, 595, '1009557', 15, 75, 0.95, 285, 4, 0, 1, 6),
(1485, 624, 596, '1012959', 10, 50, 0.5, 125, 3, 0, 1, 6),
(1486, 624, 597, '1-2', 10, 50, 0.5, 150, 3, 0, 1, 6),
(1487, 1030, 598, '1011497', 20, 80, 0.355, 113.6, 5, 0, 1, 6),
(1488, 994, 558, '2WALG', 6, 150, 0.45, 742.5, 1, 0, 2, 2),
(1490, 342, 599, '1USAB', 10, 100, 0.54, 108, 5, 0, 1, 2),
(1491, 999, 600, '1SAMC', 6, 150, 0.3, 315, 1, 0, 1, 2),
(1492, 555, 600, '1USAB', 6, 150, 0.33, 297, 1, 0, 1, 2),
(1493, 3, 600, '1SAMC', 6, 150, 0.65, 975, 1, 0, 1, 2),
(1494, 999, 601, '1SAMC', 6, 150, 0.3, 315, 1, 0, 1, 2),
(1495, 555, 601, '1USAB', 6, 150, 0.33, 346.5, 1, 0, 1, 2),
(1496, 3, 601, '1SAMC', 6, 150, 0.65, 975, 1, 0, 1, 2),
(1497, 994, 602, '1USAB', 6, 150, 0.45, 405, 1, 0, 1, 2),
(1498, 342, 603, '2USAB', 10, 100, 0.54, 324, 5, 0, 2, 2),
(1499, 342, 604, '2USAB', 10, 100, 0.54, 324, 5, 0, 2, 2),
(1500, 999, 605, '1SAMC', 6, 150, 0.3, 270, 1, 0, 1, 2),
(1501, 1034, 606, '1URB', 20, 200, 0.19, 190, 4, 0, 1, 2),
(1502, 336, 607, '1URB', 10, 100, 0.54, 1080, 5, 0, 1, 2),
(1503, 339, 607, '1URB', 10, 100, 0.54, 270, 5, 0, 1, 2),
(1504, 1023, 608, '5FTDC', 12, 144, 8.76, 2102.4, 1, 0, 6, 2),
(1505, 10, 609, 'B-PERDEFONA', 12, 300, 0.26, 78, 1, 0, 9, 11),
(1506, 686, 353, '1USAB', 1, 25, 1, 25, 1, 0, 1, 2),
(1507, 1023, 610, '5FTDC', 12, 144, 8.76, 105.12, 1, 0, 6, 2),
(1508, 1019, 611, '1FTNJ', 13, 156, 7.8, 1825.2, 1, 0, 1, 2),
(1509, 14, 612, '', 18, 450, 0.23, 103.5, 19, 0, 7, 4),
(1510, 331, 612, '', 18, 450, 0.23, 103.5, 19, 0, 7, 4),
(1511, 34, 612, '', 18, 450, 0.16, 72, 19, 0, 7, 4),
(1512, 23, 612, '', 18, 450, 0.24, 108, 19, 0, 7, 4),
(1513, 998, 612, '', 18, 450, 0.23, 103.5, 19, 0, 7, 4),
(1514, 998, 612, '', 20, 500, 0.23, 115, 19, 0, 7, 4),
(1515, 998, 612, '', 18, 450, 0.163333, 73.5, 19, 0, 7, 4),
(1516, 998, 612, '', 17, 425, 0.16, 68, 19, 0, 7, 4),
(1517, 998, 612, '', 11, 275, 0.250909, 69, 19, 0, 7, 4),
(1518, 998, 612, '', 16, 400, 0.23875, 95.5, 19, 0, 7, 4),
(1519, 1006, 612, '', 48, 480, 0.3, 288, 1, 0, 7, 4),
(1520, 588, 612, '', 26, 480, 2.9, 150.8, 6, 0, 7, 4),
(1521, 1007, 612, '', 26, 480, 3.35, 87.1, 6, 0, 7, 4),
(1522, 387, 613, '00139', 16, 400, 6.3, 3024, 1, 0, 1, 2),
(1523, 540, 613, '00139', 12, 120, 3.2, 38.4, 4, 0, 1, 2),
(1524, 540, 613, '00139', 8, 80, 4.1, 32.8, 9, 0, 1, 2),
(1525, 335, 613, '00139', 10, 100, 3.8, 228, 8, 0, 1, 2),
(1526, 335, 613, '00139', 10, 100, 2.6, 52, 8, 0, 1, 2),
(1527, 995, 613, '00139', 10, 100, 0.44, 176, 5, 0, 1, 2),
(1528, 342, 613, '00139', 10, 100, 0.44, 44, 5, 0, 1, 2),
(1529, 339, 613, '00139', 10, 100, 0.44, 132, 5, 0, 1, 2),
(1530, 214, 613, '00139', 8, 80, 0.34, 27.2, 1, 0, 1, 2),
(1531, 287, 613, '00139', 8, 80, 0.3, 24, 1, 0, 1, 2),
(1532, 555, 600, '1SAMC', 6, 150, 0.33, 49.5, 1, 0, 1, 2),
(1533, 1023, 614, '5FTDC', 12, 144, 8.76, 105.12, 1, 0, 6, 2),
(1534, 535, 615, '57551', 10, 100, 2.5, 25, 3, 0, 1, 2),
(1535, 535, 615, '57551', 10, 100, 2.6, 26, 3, 0, 1, 2),
(1536, 387, 615, '57551', 16, 400, 6.3, 3024, 1, 0, 1, 2),
(1537, 540, 615, '57551', 12, 120, 3.4, 81.6, 4, 0, 1, 2),
(1538, 540, 615, '57551', 12, 120, 3.7, 88.8, 5, 0, 1, 2),
(1539, 540, 615, '57551', 12, 120, 3.5, 42, 5, 0, 1, 2),
(1540, 540, 615, '57551', 8, 80, 4, 640, 3, 0, 1, 2),
(1541, 540, 615, '57551', 8, 80, 4.2, 168, 9, 0, 1, 2),
(1542, 540, 615, '57551', 8, 80, 4, 32, 9, 0, 1, 2),
(1543, 540, 615, '57551', 8, 80, 4, 96, 9, 0, 1, 2),
(1544, 335, 615, '57551', 10, 100, 2.6, 156, 8, 0, 1, 2),
(1545, 335, 615, '57551', 10, 100, 3.8, 266, 8, 0, 1, 2),
(1546, 335, 615, '57551', 10, 100, 2.5, 25, 8, 0, 1, 2),
(1547, 995, 615, '57551', 10, 100, 0.44, 88, 5, 0, 1, 2),
(1548, 995, 615, '57551', 10, 100, 0.43, 43, 16, 0, 1, 2),
(1549, 342, 615, '57551', 10, 100, 0.48, 48, 5, 0, 1, 2),
(1550, 342, 615, '57551', 10, 100, 0.44, 44, 5, 0, 1, 2),
(1551, 339, 615, '57551', 10, 100, 0.5, 50, 5, 0, 1, 2),
(1552, 339, 615, '57551', 10, 100, 0.44, 88, 5, 0, 1, 2),
(1553, 336, 615, '57551', 10, 100, 0.48, 48, 4, 0, 1, 2),
(1554, 336, 615, '57551', 10, 100, 0.5, 150, 5, 0, 1, 2),
(1555, 543, 615, '57551', 10, 100, 0.3, 30, 5, 0, 2, 2),
(1556, 336, 599, '1USAB', 10, 100, 0.54, 324, 5, 0, 1, 2),
(1557, 342, 616, '1FTDC', 10, 100, 0.54, 54, 5, 0, 1, 2),
(1558, 387, 617, '44200', 16, 400, 6.3, 3024, 1, 0, 1, 2),
(1559, 540, 617, '44200', 8, 80, 4, 32, 9, 0, 1, 2),
(1560, 540, 617, '44200', 8, 80, 4.1, 32.8, 9, 0, 1, 2),
(1561, 335, 617, '44200', 10, 100, 2.5, 100, 8, 0, 1, 2),
(1562, 335, 617, '44200', 10, 100, 3.8, 266, 8, 0, 1, 2),
(1563, 339, 617, '44200', 10, 100, 0.48, 48, 4, 0, 1, 2),
(1564, 609, 618, '24005', 10, 100, 1.7, 51, 13, 0, 1, 2),
(1565, 387, 618, '24005', 16, 400, 6.3, 3024, 1, 0, 1, 2),
(1566, 540, 618, '24005', 8, 80, 4.1, 32.8, 9, 0, 1, 2),
(1567, 540, 618, '24005', 8, 80, 4, 64, 9, 0, 1, 2),
(1568, 335, 618, '24005', 10, 100, 3.8, 342, 8, 0, 1, 2),
(1569, 335, 618, '24005', 10, 100, 2.5, 25, 8, 0, 1, 2),
(1570, 335, 618, '24005', 10, 100, 2.6, 78, 8, 0, 1, 2),
(1571, 336, 618, '24005', 10, 100, 0.48, 96, 4, 0, 1, 2),
(1572, 342, 618, '24005', 10, 100, 0.44, 44, 5, 0, 1, 2),
(1573, 339, 618, '24005', 10, 100, 0.44, 88, 5, 0, 1, 2),
(1574, 287, 618, '24005', 10, 100, 0.26, 26, 2, 0, 1, 2),
(1575, 532, 618, '24005', 12, 120, 1.2, 28.8, 4, 0, 1, 2),
(1576, 535, 619, '9716', 10, 100, 2.6, 26, 3, 0, 1, 2),
(1577, 535, 619, '9716', 10, 100, 0.24, 48, 9, 0, 1, 2),
(1578, 387, 619, '9716', 16, 400, 6.3, 3024, 1, 0, 1, 2),
(1579, 540, 619, '9716', 12, 120, 3.4, 40.8, 4, 0, 1, 2),
(1580, 540, 619, '9716', 12, 120, 3.7, 88.8, 5, 0, 1, 2),
(1581, 540, 619, '9716', 8, 80, 4, 800, 3, 0, 1, 2),
(1582, 540, 619, '9716', 8, 80, 4.69, 375.2, 9, 0, 1, 2),
(1583, 335, 619, '9716', 10, 100, 3.8, 342, 8, 0, 1, 2),
(1584, 995, 619, '9716', 10, 100, 0.44, 220, 5, 0, 1, 2),
(1585, 339, 619, '9716', 10, 100, 0.44, 88, 5, 0, 1, 2),
(1586, 543, 619, '9716', 10, 100, 2.7, 162, 5, 0, 1, 2),
(1587, 524, 619, '9716', 10, 100, 2.7, 108, 5, 0, 1, 2),
(1588, 525, 619, '9716', 10, 100, 2.7, 108, 5, 0, 1, 2),
(1589, 519, 619, '9716', 10, 100, 2.7, 108, 5, 0, 1, 2),
(1590, 526, 619, '9716', 10, 100, 2.7, 108, 5, 0, 1, 2),
(1591, 528, 619, '9716', 10, 100, 2.7, 270, 5, 0, 1, 2),
(1592, 335, 619, '9716', 10, 100, 2.5, 25, 8, 0, 1, 2),
(1593, 521, 619, '9716', 10, 100, 0.3, 30, 5, 0, 1, 2),
(1594, 543, 620, 'M2624', 10, 100, 0.33, 33, 5, 0, 1, 7),
(1595, 668, 621, '1006106', 15, 75, 0.32, 552, 2, 0, 1, 6),
(1596, 998, 622, '13697', 8, 200, 0.17, 136, 2, 0, 1, 11),
(1597, 3, 623, '73716', 4, 100, 0.75, 375, 4, 0, 1, 11),
(1598, 3, 623, '73716', 4, 100, 0.9, 1440, 5, 0, 1, 11),
(1599, 1034, 624, '1URB', 20, 200, 0.19, 114, 4, 0, 1, 2),
(1600, 999, 625, '1SAMC', 6, 150, 0.3, 225, 1, 0, 1, 2),
(1601, 994, 626, '1USAB', 6, 150, 0.45, 675, 1, 0, 1, 2),
(1602, 342, 627, '2USAB', 10, 100, 0.54, 108, 5, 0, 2, 2),
(1603, 995, 628, '1FTDL', 15, 150, 0.46, 69, 5, 0, 1, 2),
(1604, 331, 628, '1FTDL', 4, 100, 0.27, 216, 4, 0, 1, 2),
(1605, 76, 628, '1URB', 4, 100, 0.24, 48, 1, 0, 1, 2),
(1606, 331, 628, '1FTDL', 6, 150, 0.24, 72, 1, 0, 1, 2),
(1607, 47, 628, '1URB', 4, 100, 0.24, 48, 1, 0, 1, 2),
(1608, 164, 629, 'qwee', 12, 300, 0.5, 300, 1, 0, 1, 1),
(1609, 3, 623, '73716', 4, 100, 0.9, 180, 5, 0, 1, 11),
(1610, 1023, 630, '2FTDC', 12, 144, 8.76, 630.72, 1, 0, 2, 2),
(1611, 10, 631, '73716', 12, 300, 0.26, 156, 1, 0, 9, 9),
(1612, 10, 631, '73716', 12, 300, 0.28, 84, 4, 0, 9, 9),
(1613, 5, 631, '73716', 12, 300, 0.3, 90, 4, 0, 9, 9),
(1614, 998, 631, '73716', 20, 500, 0.15, 300, 1, 0, 9, 9),
(1615, 991, 460, '2USAB', 6, 150, 0.33, 891, 1, 0, 2, 2),
(1616, 1026, 431, '3FRUO', 6, 144, 16.75, 402, 1, 0, 5, 2),
(1617, 540, 632, 'M4500', 10, 100, 0.42, 42, 9, 0, 9, 6),
(1618, 624, 633, '1012967', 10, 50, 0.5, 175, 3, 0, 1, 6),
(1619, 624, 634, '3-2', 10, 50, 0.5, 50, 3, 0, 1, 6),
(1620, 25, 635, '03014', 10, 250, 0.35, 87.5, 1, 0, 1, 6),
(1621, 666, 636, '1012175', 20, 100, 0.3, 210, 2, 0, 1, 6),
(1622, 665, 636, '1012175', 20, 100, 0.3, 210, 2, 0, 1, 6),
(1623, 1023, 637, '7FTD1', 12, 144, 8.76, 315.36, 1, 0, 4, 2),
(1624, 3, 638, '73716', 4, 100, 0.9, 720, 5, 0, 1, 11),
(1625, 3, 638, '73716', 4, 100, 0.75, 600, 4, 0, 1, 11),
(1626, 3, 639, '1PBLX', 6, 150, 0.24, 720, 1, 0, 1, 2),
(1627, 991, 639, '1PBLX', 6, 150, 0.24, 720, 1, 0, 1, 2),
(1628, 555, 639, '1PBLX', 6, 150, 0.24, 720, 1, 0, 1, 2),
(1629, 342, 640, '1USAB', 10, 100, 0.54, 216, 5, 0, 1, 2),
(1630, 1035, 641, '1FTDC', 4, 100, 0.65, 65, 1, 0, 1, 2),
(1631, 339, 642, '1URB', 10, 100, 0.54, 0, 5, 0, 1, 2),
(1632, 994, 643, '2USAB', 6, 150, 0.45, 675, 1, 0, 2, 2),
(1633, 609, 644, '24005', 10, 100, 1.6, 64, 13, 0, 1, 2),
(1634, 387, 644, '24005', 16, 400, 6.3, 3024, 1, 0, 1, 2),
(1635, 540, 644, '24005', 12, 120, 3.4, 40.8, 4, 0, 1, 2),
(1636, 540, 644, '24005', 12, 120, 3.2, 38.4, 4, 0, 1, 2),
(1637, 540, 644, '24005', 12, 120, 3.7, 88.8, 5, 0, 1, 2),
(1638, 540, 644, '24005', 8, 80, 4, 480, 3, 0, 1, 2),
(1639, 540, 644, '24005', 8, 80, 4.2, 336, 9, 0, 1, 2),
(1640, 540, 644, '24005', 8, 80, 4, 32, 9, 0, 1, 2),
(1641, 335, 644, '24005', 10, 100, 2.6, 52, 8, 0, 1, 2),
(1642, 335, 644, '24005', 10, 100, 3.8, 380, 8, 0, 1, 2),
(1643, 335, 644, '24005', 10, 100, 2.6, 104, 8, 0, 1, 2),
(1644, 995, 644, '24005', 10, 100, 0.42, 84, 4, 0, 1, 2),
(1645, 995, 644, '24005', 10, 100, 0.44, 88, 5, 0, 1, 2),
(1646, 995, 644, '24005', 10, 100, 0.5, 150, 5, 0, 1, 2),
(1647, 336, 644, '24005', 10, 100, 0.5, 50, 5, 0, 1, 2),
(1648, 336, 644, '24005', 10, 100, 0.44, 88, 5, 0, 1, 2),
(1649, 995, 644, '24005', 10, 100, 0.44, 88, 5, 0, 1, 2),
(1650, 342, 644, '24005', 10, 100, 0.44, 176, 5, 0, 1, 2),
(1651, 339, 644, '24005', 10, 100, 0.44, 220, 5, 0, 1, 2),
(1652, 287, 644, '24005', 10, 100, 0.26, 78, 2, 0, 1, 2),
(1653, 287, 644, '24005', 8, 80, 0.3, 24, 1, 0, 1, 2),
(1654, 287, 644, '24005', 8, 80, 0.33, 52.8, 1, 0, 1, 2),
(1655, 828, 644, '24005', 5, 50, 1.5, 60, 5, 0, 1, 2),
(1656, 533, 644, '24005', 10, 100, 3, 30, 5, 0, 1, 2),
(1657, 387, 645, '49600', 16, 400, 6.3, 3024, 1, 0, 1, 2),
(1658, 387, 645, '49600', 16, 400, 3.18, 508.8, 1, 0, 1, 2),
(1659, 540, 645, '49600', 12, 120, 3.2, 115.2, 4, 0, 1, 2),
(1660, 540, 645, '49600', 12, 120, 3.5, 168, 5, 0, 1, 2),
(1661, 540, 645, '49600', 8, 80, 3.8, 152, 3, 0, 1, 2),
(1662, 540, 645, '49600', 8, 80, 4, 32, 9, 0, 1, 2),
(1663, 335, 645, '49600', 10, 100, 2.5, 100, 8, 0, 1, 2),
(1664, 335, 645, '49600', 10, 100, 2.6, 26, 8, 0, 1, 2),
(1665, 335, 645, '49600', 10, 100, 3.8, 228, 8, 0, 1, 2),
(1666, 214, 645, '49600', 8, 80, 0.34, 27.2, 1, 0, 1, 2),
(1667, 287, 645, '49600', 10, 100, 0.26, 26, 2, 0, 1, 2),
(1668, 543, 645, '49600', 10, 100, 2.9, 29, 5, 0, 1, 2),
(1669, 171, 646, '1URB', 4, 100, 0.35, 70, 1, 0, 1, 2),
(1670, 339, 647, '1URB', 10, 100, 0.54, 54, 5, 0, 1, 2),
(1671, 541, 648, '02069', 15, 150, 0.4, 60, 5, 0, 1, 5),
(1672, 1036, 649, '1013938', 12, 36, 1.35, 307.8, 9, 0, 1, 6),
(1673, 760, 650, '53530', 8, 200, 0.6, 120, 4, 0, 1, 6),
(1674, 3, 651, '13750', 4, 100, 0.9, 810, 5, 0, 1, 11),
(1675, 3, 651, '13750', 4, 100, 0.75, 1350, 4, 0, 1, 11),
(1676, 1000, 650, '5350', 8, 200, 0.6, 120, 4, 0, 1, 6),
(1677, 1023, 393, '1FTDC', 12, 144, 8.76, 630.72, 1, 0, 1, 2),
(1678, 994, 652, '1USAB', 6, 150, 0.45, 67.5, 1, 0, 1, 2),
(1679, 999, 653, '1SAMC', 6, 150, 0.3, 45, 1, 0, 1, 2),
(1680, 1023, 654, '7FTD1', 12, 144, 8.76, 420.48, 1, 0, 4, 2),
(1681, 1023, 655, '3FTDC', 12, 144, 8.76, 105.12, 1, 0, 5, 2),
(1682, 1017, 656, '1USAB', 20, 200, 0.19, 76, 4, 0, 1, 2),
(1683, 730, 657, 'qwqwq', 12, 12, 0.5, 24, 2, 0, 1, 1),
(1684, 1000, 658, '1FTDC', 4, 100, 0.65, 65, 1, 0, 1, 2),
(1685, 541, 659, 'M4500', 10, 100, 0.42, 42, 9, 0, 1, 7),
(1686, 624, 660, '1012973', 10, 50, 0.5, 350, 3, 0, 1, 6),
(1687, 624, 661, '5-2', 10, 50, 0.5, 525, 3, 0, 1, 6),
(1688, 1030, 662, '1012973', 20, 80, 0.355, 255.6, 5, 0, 1, 6),
(1689, 624, 663, '1012977', 10, 50, 0.5, 325, 3, 0, 1, 6),
(1690, 8, 664, '', 16, 400, 0.28, 224, 4, 0, 9, 3),
(1691, 5, 664, '', 16, 400, 0.26, 208, 4, 0, 9, 3),
(1692, 1026, 665, '2FRUO', 6, 144, 16.75, 3015, 1, 0, 2, 2),
(1693, 5, 666, '', 10, 250, 0.34, 85, 4, 0, 10, 8),
(1694, 13, 666, '', 10, 250, 0.34, 85, 4, 0, 10, 8),
(1695, 3, 667, '164122', 4, 100, 0.8, 2000, 4, 0, 1, 11),
(1696, 3, 667, '164122', 4, 100, 0.85, 510, 5, 0, 1, 11),
(1697, 3, 667, '164122', 4, 100, 0.9, 810, 5, 0, 1, 11),
(1698, 3, 668, '13765', 4, 100, 0.9, 1260, 5, 0, 1, 11),
(1699, 3, 669, '73716', 4, 100, 0.8, 2240, 4, 0, 1, 11),
(1700, 998, 670, '428', 15, 375, 0.19, 71.25, 2, 0, 1, 11),
(1701, 998, 671, '410', 15, 375, 0.19, 213.75, 2, 0, 1, 11),
(1702, 998, 672, '411', 15, 375, 0.19, 213.75, 2, 0, 1, 11),
(1703, 998, 673, '410', 15, 375, 0.19, 71.25, 2, 0, 1, 11),
(1704, 998, 674, '414', 15, 375, 0.19, 142.5, 2, 0, 1, 11),
(1705, 998, 675, '423', 15, 375, 0.19, 142.5, 2, 0, 1, 11),
(1706, 998, 676, '412', 15, 375, 0.19, 142.5, 2, 0, 1, 11),
(1707, 998, 677, '422', 15, 375, 0.19, 71.25, 2, 0, 1, 11),
(1708, 998, 678, '146250', 5, 125, 0.19, 95, 2, 0, 1, 11),
(1709, 998, 679, '13740', 5, 125, 0.17, 42.5, 2, 0, 1, 11),
(1716, 1037, 681, '5PRO', 12, 144, 9.72, 0, 2, 0, 6, 2),
(1717, 1039, 683, '3PRO', 16, 192, 4.2, 537.6, 2, 0, 5, 2),
(1718, 998, 684, '73716', 5, 125, 0.19, 71.25, 2, 0, 1, 11),
(1719, 3, 685, '13717', 4, 100, 0.9, 1440, 5, 0, 2, 11),
(1720, 1039, 686, '6PRO', 16, 192, 4.2, 268.8, 2, 0, 3, 2),
(1721, 1039, 687, '5PRO', 16, 192, 4.2, 873.6, 2, 0, 6, 2),
(1722, 1037, 688, '6PRO', 12, 144, 9.72, 2682.72, 1, 0, 3, 2),
(1723, 1038, 689, '5PRO', 12, 144, 9.12, 4815.36, 2, 0, 6, 2),
(1724, 3, 690, '22182', 4, 100, 0.8, 400, 4, 0, 1, 11),
(1725, 3, 691, '73716', 4, 100, 0.85, 1360, 5, 0, 1, 11),
(1726, 3, 692, '89474', 4, 100, 0.85, 1360, 5, 0, 1, 11),
(1727, 541, 693, 'm0343', 12, 120, 0.365, 43.8, 3, 0, 1, 8),
(1728, 624, 694, '1012981', 10, 50, 0.5, 75, 3, 0, 1, 6),
(1729, 998, 695, '02084', 6, 150, 0.34, 51, 4, 0, 1, 5),
(1730, 998, 696, '2014168', 12, 300, 0.21, 63, 1, 0, 1, 2),
(1731, 1009, 697, '', 10, 50, 0.4, 640, 4, 0, 1, 1),
(1732, 10, 698, 'B-PERSEFONA', 12, 300, 0.26, 78, 1, 0, 9, 11),
(1733, 1037, 699, '5PRO', 12, 144, 9.72, 0, 1, 0, 6, 2),
(1734, 1037, 700, '3PRO', 12, 144, 9.72, 0, 1, 0, 5, 2),
(1735, 1037, 701, '6PRO', 12, 144, 9.72, 0, 1, 0, 3, 2),
(1736, 1037, 702, '2PRO', 12, 144, 9.72, 0, 1, 0, 2, 2),
(1737, 1037, 703, '1PRO', 12, 144, 9.72, 0, 1, 0, 1, 2),
(1738, 1037, 704, '6PRO', 12, 144, 9.72, 0, 1, 0, 3, 2),
(1739, 342, 705, '2USAB', 10, 100, 0.46, 92, 5, 0, 2, 2),
(1740, 3, 706, '13717', 4, 100, 0.8, 3600, 4, 0, 1, 11),
(1741, 3, 706, '13717', 4, 100, 0.9, 990, 5, 0, 1, 11),
(1742, 1038, 707, '2PRO', 12, 144, 9.12, 0, 1, 0, 2, 2),
(1743, 1037, 707, '2PRO', 12, 144, 9.72, 0, 1, 0, 2, 2),
(1744, 535, 708, '49600', 10, 100, 2.4, 24, 3, 0, 1, 2),
(1745, 387, 708, '49600', 16, 400, 3.18, 508.8, 1, 0, 1, 2),
(1746, 335, 708, '49600', 10, 100, 3.8, 228, 8, 0, 1, 2),
(1747, 335, 708, '49600', 10, 100, 2.6, 156, 8, 0, 1, 2),
(1748, 335, 708, '49600', 10, 100, 2.5, 25, 8, 0, 1, 2),
(1749, 287, 708, '49600', 10, 100, 0.26, 26, 2, 0, 1, 2),
(1750, 543, 708, '49600', 10, 100, 0.29, 29, 5, 0, 1, 2),
(1751, 543, 708, '49600', 10, 100, 0.29, 145, 5, 0, 1, 2),
(1752, 543, 709, 'M2624', 10, 100, 0.33, 33, 5, 0, 1, 7),
(1753, 1030, 710, '1011531', 20, 80, 0.355, 56.8, 5, 0, 1, 6),
(1754, 1037, 711, '2PRO', 12, 144, 9.72, 3732.48, 2, 0, 2, 2),
(1755, 1038, 711, '2PRO', 12, 144, 9.12, 2954.88, 2, 0, 2, 2),
(1756, 1001, 712, '1URB', 10, 100, 0.25, 50, 4, 0, 1, 2),
(1757, 1029, 713, '1URB', 6, 108, 7.1, 511.2, 1, 0, 1, 2),
(1758, 76, 714, '1URB', 4, 100, 0.24, 48, 1, 0, 1, 2),
(1759, 47, 714, '1URB', 4, 100, 0.24, 48, 1, 0, 1, 2),
(1760, 342, 715, '2USAB', 10, 100, 0.46, 368, 5, 0, 2, 2),
(1761, 1001, 716, '1URB', 10, 100, 0.25, 200, 4, 0, 1, 2),
(1762, 336, 716, '1URB', 10, 100, 0.46, 368, 4, 0, 1, 2),
(1763, 1040, 717, '5FTDC', 6, 144, 9.6, 691.2, 1, 0, 6, 2),
(1764, 998, 718, '13697', 8, 200, 0.17, 136, 2, 0, 1, 11),
(1765, 342, 719, '1USAB', 10, 100, 0.54, 108, 5, 0, 1, 2),
(1766, 3, 720, '13717', 4, 100, 0.75, 3975, 4, 0, 1, 11),
(1767, 3, 720, '13717', 4, 100, 0.9, 450, 5, 0, 1, 11),
(1768, 3, 721, '13697', 4, 100, 0.75, 75, 4, 0, 1, 11),
(1769, 3, 722, '25110', 4, 100, 0.75, 75, 4, 0, 1, 11),
(1770, 3, 723, '33008', 4, 100, 0.75, 75, 4, 0, 1, 11),
(1771, 3, 724, '25110', 4, 100, 0.85, 85, 5, 0, 1, 11),
(1772, 1037, 725, '5PRO', 12, 144, 9.72, 7115.04, 2, 0, 6, 2),
(1773, 1038, 725, '5PRO', 12, 144, 9.12, 8864.64, 2, 0, 6, 2),
(1774, 47, 726, '1URB', 4, 100, 0.28, 84, 1, 0, 1, 2),
(1775, 48, 726, '1URB', 4, 100, 0.28, 28, 1, 0, 1, 2),
(1776, 19, 726, '1URB', 4, 100, 0.28, 84, 1, 0, 1, 2),
(1777, 3, 726, '1URB', 6, 150, 0.28, -42, 1, 0, 1, 2),
(1778, 1037, 727, '2PRO', 12, 144, 9.72, 116.64, 2, 0, 2, 2),
(1779, 1037, 728, '2PRO', 12, 144, 9.72, 699.84, 1, 0, 2, 2),
(1780, 1038, 728, '2PRO', 12, 144, 9.12, 109.44, 2, 0, 2, 2),
(1781, 3, 729, '1PBLX', 6, 150, 0.24, 180, 1, 0, 1, 2),
(1782, 991, 729, '1PBLX', 6, 150, 0.24, 180, 1, 0, 1, 2),
(1783, 555, 729, '1PBLX', 6, 150, 0.24, 180, 1, 0, 1, 2),
(1784, 624, 730, '1012987', 10, 50, 0.5, 25, 3, 0, 1, 6),
(1785, 541, 731, 'M4500', 10, 100, 0.42, 42, 9, 0, 1, 8),
(1786, 3, 732, '44972', 15, 375, 0.19, 71.25, 2, 0, 1, 11),
(1787, 3, 733, '33008', 4, 100, 0.75, 75, 4, 0, 1, 11),
(1788, 3, 734, '73716', 4, 100, 0.75, 900, 4, 0, 1, 11),
(1789, 3, 734, '73716', 4, 100, 0.9, 180, 5, 0, 1, 11),
(1790, 998, 735, 'B-BARS', 20, 500, 0.15, 300, 1, 0, 9, 9),
(1791, 10, 735, 'B-BARS', 12, 300, 0.28, 84, 4, 0, 9, 9),
(1792, 5, 735, 'B-BARS', 12, 300, 0.3, 90, 4, 0, 9, 9),
(1793, 3, 736, '1URB', 6, 150, 0.28, 84, 1, 0, 1, 2),
(1794, 998, 256, '', 17, 425, 0.22, 93.5, 1, 0, 7, 4),
(1795, 541, 737, '02069', 15, 150, 0.4, 60, 5, 0, 1, 5),
(1796, 540, 738, '38056', 12, 120, 3.2, 38.4, 4, 0, 1, 2),
(1797, 540, 738, '38056', 8, 80, 3.8, 30.4, 3, 0, 1, 2),
(1798, 540, 738, '38056', 8, 80, 4, 32, 9, 0, 1, 2),
(1799, 540, 738, '38056', 8, 80, 4.1, 32.8, 9, 0, 1, 2),
(1800, 334, 738, '38056', 10, 100, 0.45, 45, 1, 0, 1, 2),
(1801, 335, 738, '38056', 10, 100, 2.5, 25, 8, 0, 1, 2),
(1802, 335, 738, '38056', 10, 100, 2.6, 78, 8, 0, 1, 2),
(1803, 995, 738, '38056', 10, 100, 0.44, 44, 5, 0, 1, 2),
(1804, 342, 738, '38056', 10, 100, 0.48, 240, 4, 0, 1, 2),
(1805, 342, 738, '38056', 10, 100, 0.44, 44, 5, 0, 1, 2),
(1806, 287, 738, '38056', 8, 80, 0.3, 24, 1, 0, 1, 2),
(1807, 214, 738, '38056', 8, 80, 0.34, 27.2, 1, 0, 1, 2),
(1808, 998, 739, '421', 15, 375, 0.19, 71.25, 2, 0, 1, 11),
(1809, 998, 740, '13740', 5, 125, 0.17, 42.5, 2, 0, 1, 11),
(1810, 998, 741, '146250', 5, 125, 0.19, 95, 2, 0, 1, 11),
(1811, 93, 742, '1URB', 6, 150, 0.28, 42, 1, 0, 1, 2),
(1812, 339, 743, '01811', 15, 150, 0.46, 414, 4, 0, 1, 5),
(1813, 624, 744, '1012991', 10, 50, 0.5, 50, 3, 0, 1, 6),
(1814, 1030, 745, '', 20, 80, 0.355, 170.4, 5, 0, 1, 6),
(1815, 1009, 746, '', 10, 50, 0.4, 100, 4, 0, 1, 1),
(1816, 1042, 747, 'ESTRELLA GUTIERREZ', 60, 60, 11.5, 2070, 20, 0, 12, 3),
(1817, 1042, 747, 'ESTRELLA GUTIERREZ', 16, 16, 11.5, 184, 22, 0, 12, 3),
(1818, 5, 748, 'b-AK47', 16, 400, 0.26, 208, 4, 0, 9, 9),
(1819, 8, 748, 'b-AK47', 16, 400, 0.28, 224, 4, 0, 9, 9),
(1820, 3, 749, 'THE ROSE GARDEN', 12, 300, 0.35, 1260, 2, 0, 8, 1),
(1821, 998, 749, 'THE ROSE GARDEN', 12, 300, 0.22, 528, 2, 0, 8, 1),
(1822, 76, 750, '', 10, 250, 0.24, 120, 1, 0, 13, 3),
(1823, 105, 750, '', 10, 250, 0.24, 60, 1, 0, 13, 3),
(1824, 409, 750, '', 10, 250, 0.24, 60, 1, 0, 13, 3),
(1825, 409, 750, '', 10, 250, 0.28, 70, 4, 0, 13, 3),
(1826, 998, 750, '', 10, 250, 0.26, 65, 14, 0, 13, 3),
(1827, 998, 750, '', 8, 200, 0.275, 55, 14, 0, 13, 3),
(1828, 83, 750, '', 12, 300, 0.24, 144, 1, 0, 13, 3),
(1829, 47, 750, '', 12, 300, 0.24, 144, 1, 0, 13, 3),
(1830, 998, 750, '', 10, 250, 0.256, 64, 14, 0, 13, 3),
(1831, 333, 750, '', 4, 100, 0.24, 24, 1, 0, 13, 3),
(1832, 75, 750, '', 4, 100, 0.24, 24, 1, 0, 13, 3),
(1833, 28, 750, '', 4, 100, 0.28, 28, 4, 0, 13, 3),
(1834, 63, 750, '', 14, 350, 0.24, 84, 1, 0, 13, 3),
(1835, 998, 750, '', 12, 300, 0.265833, 79.75, 14, 0, 13, 3),
(1836, 998, 750, '', 12, 300, 0.2425, 72.75, 14, 0, 13, 3),
(1837, 76, 750, '', 12, 300, 0.28, 84, 4, 0, 13, 3),
(1838, 20, 750, '', 4, 100, 0.24, 24, 1, 0, 13, 3),
(1839, 998, 750, '', 4, 100, 0.25, 25, 14, 0, 13, 3),
(1840, 20, 750, '', 4, 100, 0.28, 28, 4, 0, 13, 3),
(1841, 128, 750, '', 12, 300, 0.24, 72, 1, 0, 13, 3),
(1842, 51, 750, '', 12, 300, 0.24, 72, 1, 0, 13, 3),
(1844, 342, 752, '1FTNJ', 10, 100, 0.46, 184, 4, 0, 1, 2),
(1845, 1025, 753, '1FRUO', 12, 144, 9.6, 691.2, 1, 0, 1, 2),
(1846, 10, 754, 'B-PERSEFONA', 12, 300, 0.26, 78, 1, 0, 9, 11),
(1847, 998, 755, '', 12, 300, 0.21, 63, 1, 0, 1, 2),
(1848, 998, 756, '414', 15, 375, 0.19, 142.5, 2, 0, 1, 11),
(1849, 342, 757, '1USAB', 10, 100, 0.46, 138, 4, 0, 1, 1),
(1850, 1043, 751, '1PRO', 5, 120, 16.6, 1660, 1, 0, 1, 2),
(1851, 998, 758, '411', 15, 375, 0.19, 213.75, 2, 0, 1, 11),
(1852, 998, 759, '428', 15, 375, 0.19, 71.25, 2, 0, 1, 11),
(1853, 998, 760, '412', 15, 375, 0.19, 142.5, 2, 0, 1, 11),
(1854, 5, 761, '', 10, 250, 0.34, 85, 4, 0, 10, 8),
(1855, 13, 761, '', 10, 250, 0.34, 85, 4, 0, 10, 8),
(1856, 998, 762, '410', 15, 375, 0.19, 213.75, 2, 0, 1, 11),
(1857, 998, 763, '423', 15, 375, 0.19, 142.5, 2, 0, 1, 11),
(1858, 998, 764, '422', 15, 375, 0.19, 71.25, 1, 0, 1, 11),
(1859, 76, 765, 'HESFLORA', 10, 250, 0.2, 100, 1, 0, 13, 3),
(1860, 105, 765, 'HESFLORA', 10, 250, 0.24, 60, 1, 0, 13, 3),
(1861, 409, 765, 'HESFLORA', 10, 250, 0.24, 60, 1, 0, 13, 3),
(1862, 409, 765, 'HESFLORA', 10, 250, 0.28, 70, 4, 0, 13, 3),
(1863, 998, 765, 'HESFLORA', 10, 250, 0.26, 130, 14, 0, 13, 3),
(1864, 333, 765, 'HESFLORA', 4, 100, 0.24, 24, 1, 0, 13, 3),
(1865, 75, 765, 'HESFLORA', 4, 100, 0.24, 24, 1, 0, 13, 3),
(1866, 28, 765, 'HESFLORA', 4, 100, 0.28, 28, 4, 0, 13, 3),
(1867, 83, 765, 'HESFLORA', 10, 250, 0.24, 120, 1, 0, 13, 3),
(1868, 47, 765, 'HESFLORA', 10, 250, 0.24, 120, 1, 0, 13, 3),
(1869, 63, 765, 'HESFLORA', 14, 350, 0.24, 84, 1, 0, 13, 3),
(1870, 998, 765, 'HESFLORA', 12, 300, 0.28, 168, 14, 0, 13, 3),
(1871, 76, 765, 'HESFLORA', 12, 300, 0.24, 72, 1, 0, 13, 3),
(1872, 184, 765, 'HESFLORA', 4, 100, 0.26, 26, 14, 0, 13, 3),
(1873, 20, 765, 'HESFLORA', 4, 100, 0.24, 48, 1, 0, 13, 3),
(1874, 128, 765, 'HESFLORA', 12, 300, 0.24, 72, 1, 0, 13, 3),
(1875, 149, 765, 'HESFLORA', 12, 300, 0.26, 78, 1, 0, 13, 3),
(1876, 1037, 766, '1PRO ', 12, 144, 9.72, 116.64, 1, 0, 1, 2),
(1877, 998, 767, '146250', 5, 125, 0.19, 71.25, 2, 0, 1, 11),
(1878, 998, 768, '428', 15, 375, 0.19, 71.25, 2, 0, 1, 11),
(1879, 1013, 769, '01542', 22, 220, 2.9, 382.8, 1, 0, 1, 6),
(1880, 294, 770, '1URB ', 5, 125, 0.7, 87.5, 1, 0, 1, 2),
(1881, 294, 770, '1URB ', 5, 125, 0.8, 300, 4, 0, 1, 2),
(1882, 171, 770, '1URB ', 4, 100, 0.45, 45, 1, 0, 1, 2),
(1883, 535, 771, '57551', 10, 100, 2.5, 100, 3, 0, 1, 2),
(1884, 535, 771, '57551', 10, 100, 2.6, 26, 3, 0, 1, 2),
(1885, 540, 771, '57551', 12, 120, 3.5, 42, 5, 0, 1, 2),
(1886, 540, 771, '57551', 8, 80, 4, 96, 9, 0, 1, 2),
(1887, 335, 771, '57551', 10, 100, 2.5, 50, 8, 0, 1, 2),
(1888, 335, 771, '57551', 10, 100, 2.6, 26, 8, 0, 1, 2),
(1889, 995, 771, '57551', 10, 100, 0.44, 220, 5, 0, 1, 2),
(1890, 995, 771, '57551', 10, 100, 0.43, 86, 16, 0, 1, 2),
(1891, 342, 771, '57551', 10, 100, 0.44, 88, 5, 0, 1, 2),
(1892, 339, 771, '57551', 10, 100, 0.44, 220, 5, 0, 1, 2),
(1893, 995, 772, '28072', 10, 100, 0.44, 308, 5, 0, 1, 2),
(1894, 336, 772, '28072', 10, 100, 0.5, 50, 5, 0, 1, 2),
(1895, 342, 772, '28072', 10, 100, 0.44, 176, 5, 0, 1, 2),
(1896, 339, 772, '28072', 10, 100, 0.44, 308, 5, 0, 1, 2),
(1897, 543, 772, '28072', 10, 100, 3, 30, 5, 0, 1, 2),
(1898, 535, 773, '24005', 10, 100, 2.4, 24, 9, 0, 1, 2),
(1899, 540, 773, '24005', 8, 80, 4, 64, 9, 0, 1, 2),
(1900, 540, 773, '24005', 8, 80, 4.1, 65.6, 9, 0, 1, 2),
(1901, 335, 773, '24005', 10, 100, 2.5, 50, 8, 0, 1, 2),
(1902, 335, 773, '24005', 10, 100, 2.6, 78, 8, 0, 1, 2),
(1903, 287, 773, '24005', 10, 100, 0.26, 26, 2, 0, 1, 2),
(1904, 528, 773, '24005', 10, 100, 3, 90, 5, 0, 1, 2),
(1905, 335, 773, '24005', 10, 100, 3.8, 494, 8, 0, 1, 2),
(1906, 387, 773, '24005', 16, 400, 6.3, 302.4, 1, 0, 1, 2),
(1907, 335, 774, '24005', 10, 100, 3.8, 380, 8, 0, 1, 2),
(1908, 287, 774, '24005', 10, 100, 0.26, 26, 2, 0, 1, 2),
(1909, 998, 775, '02084', 6, 150, 0.34, 51, 4, 0, 1, 5),
(1910, 1030, 776, '5058960', 20, 80, 0.355, 56.8, 5, 0, 1, 6);

-- --------------------------------------------------------

--
-- Estructura de tabla para la tabla `request_product_box`
--

CREATE TABLE `request_product_box` (
  `request_product_box_id` int(11) NOT NULL,
  `qty` int(11) NOT NULL,
  `request_product_id` int(11) NOT NULL,
  `box_type_id` int(11) NOT NULL
) ENGINE=InnoDB DEFAULT CHARSET=utf8;

--
-- Volcado de datos para la tabla `request_product_box`
--

INSERT INTO `request_product_box` (`request_product_box_id`, `qty`, `request_product_id`, `box_type_id`) VALUES
(131, 1, 133, 2),
(132, 2, 134, 2),
(133, 1, 135, 2),
(134, 3, 136, 2),
(135, 6, 137, 1),
(136, 1, 138, 1),
(137, 4, 139, 1),
(138, 2, 140, 1),
(139, 1, 141, 2),
(140, 8, 142, 1),
(141, 2, 143, 1),
(142, 2, 144, 1),
(143, 1, 145, 2),
(145, 20, 147, 1),
(146, 2, 148, 1),
(147, 1, 149, 1),
(148, 1, 150, 2),
(149, 1, 151, 2),
(150, 30, 152, 1),
(151, 30, 153, 1),
(152, 2, 154, 2),
(153, 6, 155, 1),
(154, 13, 156, 2),
(156, 1, 158, 2),
(157, 8, 159, 1),
(158, 2, 160, 1),
(159, 2, 161, 1),
(160, 2, 162, 1),
(161, 20, 163, 1),
(162, 2, 164, 1),
(163, 5, 165, 1),
(164, 8, 166, 2),
(168, 5, 170, 1),
(169, 1, 171, 2),
(170, 1, 172, 2),
(171, 1, 173, 1),
(172, 1, 174, 1),
(174, 3, 176, 1),
(175, 3, 177, 1),
(176, 4, 178, 1),
(177, 2, 179, 1),
(178, 6, 180, 1),
(179, 2, 181, 1),
(180, 5, 182, 1),
(181, 5, 183, 1),
(182, 1, 184, 1),
(183, 7, 185, 1),
(184, 6, 186, 1),
(185, 2, 187, 1),
(186, 4, 188, 2),
(187, 1, 189, 2),
(188, 10, 190, 1),
(189, 2, 191, 2),
(190, 2, 192, 2),
(191, 1, 193, 2),
(192, 1, 194, 2),
(193, 2, 195, 2),
(194, 1, 196, 2),
(195, 2, 197, 2),
(196, 2, 198, 2),
(197, 1, 199, 2),
(198, 1, 200, 2),
(199, 1, 201, 2),
(200, 1, 202, 2),
(201, 1, 203, 2),
(202, 4, 204, 2),
(203, 2, 205, 2),
(204, 5, 206, 2),
(205, 1, 207, 2),
(206, 1, 208, 2),
(207, 1, 209, 2),
(208, 1, 210, 2),
(209, 1, 211, 2),
(210, 3, 212, 2),
(211, 1, 213, 2),
(212, 3, 214, 2),
(213, 3, 215, 2),
(214, 1, 216, 2),
(215, 2, 217, 2),
(216, 5, 218, 2),
(217, 1, 219, 2),
(218, 15, 220, 1),
(220, 3, 222, 2),
(221, 3, 223, 1),
(222, 3, 224, 1),
(223, 3, 225, 1),
(224, 4, 226, 1),
(225, 1, 227, 1),
(226, 3, 228, 2),
(227, 1, 229, 2),
(228, 1, 230, 2),
(229, 1, 231, 2),
(230, 1, 232, 2),
(231, 5, 233, 2),
(232, 2, 234, 2),
(233, 5, 235, 2),
(234, 1, 236, 2),
(235, 1, 237, 2),
(236, 2, 238, 2),
(237, 4, 239, 2),
(238, 1, 240, 2),
(239, 6, 241, 2),
(240, 1, 242, 2),
(241, 1, 243, 2),
(242, 2, 244, 2),
(243, 20, 245, 1),
(244, 2, 246, 1),
(245, 2, 247, 1),
(246, 1, 248, 2),
(247, 4, 249, 2),
(248, 3, 250, 2),
(249, 3, 251, 2),
(250, 1, 252, 2),
(251, 2, 253, 2),
(252, 1, 254, 2),
(253, 1, 255, 2),
(254, 6, 256, 1),
(255, 7, 257, 1),
(256, 4, 258, 2),
(257, 11, 259, 2),
(258, 2, 260, 1),
(259, 2, 261, 1),
(260, 2, 262, 1),
(261, 10, 263, 1),
(263, 2, 265, 1),
(264, 3, 266, 1),
(265, 1, 267, 1),
(266, 2, 268, 1),
(267, 3, 269, 1),
(268, 1, 270, 1),
(269, 1, 271, 1),
(270, 3, 272, 1),
(271, 5, 273, 1),
(272, 2, 274, 1),
(273, 1, 275, 1),
(274, 10, 276, 1),
(275, 10, 277, 1),
(276, 10, 278, 1),
(277, 10, 279, 1),
(278, 10, 280, 1),
(279, 2, 281, 1),
(280, 0, 282, 1),
(281, 1, 283, 1),
(282, 2, 284, 1),
(292, 10, 294, 1),
(293, 10, 295, 1),
(294, 2, 296, 1),
(295, 1, 297, 1),
(296, 6, 298, 1),
(297, 8, 299, 1),
(298, 1, 300, 1),
(299, 1, 301, 1),
(300, 1, 302, 1),
(301, 10, 303, 1),
(302, 10, 304, 1),
(303, 10, 305, 1),
(304, 10, 306, 1),
(305, 33, 307, 1),
(306, 1, 308, 2),
(307, 10, 309, 1),
(308, 2, 310, 2),
(309, 2, 311, 2),
(310, 1, 312, 2),
(311, 1, 313, 2),
(312, 1, 314, 2),
(313, 1, 315, 2),
(314, 2, 316, 2),
(315, 1, 317, 2),
(316, 1, 318, 2),
(317, 5, 319, 2),
(318, 1, 320, 2),
(319, 1, 321, 2),
(320, 5, 322, 2),
(321, 1, 323, 2),
(322, 3, 324, 2),
(323, 8, 325, 2),
(324, 4, 326, 2),
(325, 1, 327, 2),
(326, 1, 328, 2),
(327, 1, 329, 2),
(328, 1, 330, 2),
(329, 1, 331, 2),
(330, 3, 332, 2),
(331, 2, 333, 2),
(332, 2, 334, 2),
(333, 2, 335, 2),
(334, 4, 336, 2),
(335, 2, 337, 2),
(336, 1, 338, 2),
(337, 2, 339, 2),
(338, 1, 340, 2),
(339, 2, 341, 2),
(340, 1, 342, 2),
(341, 5, 343, 2),
(342, 2, 344, 2),
(343, 6, 345, 2),
(344, 1, 346, 1),
(345, 1, 347, 2),
(346, 2, 348, 1),
(347, 2, 349, 1),
(348, 2, 350, 1),
(349, 3, 351, 2),
(350, 1, 352, 1),
(351, 4, 353, 1),
(352, 4, 354, 1),
(353, 2, 355, 1),
(354, 1, 356, 1),
(355, 1, 357, 1),
(356, 2, 358, 1),
(357, 1, 359, 1),
(358, 1, 360, 1),
(359, 1, 361, 1),
(360, 3, 362, 1),
(361, 1, 363, 2),
(363, 1, 365, 1),
(364, 1, 366, 1),
(365, 1, 367, 1),
(366, 10, 368, 1),
(367, 10, 369, 1),
(368, 2, 370, 1),
(369, 1, 371, 1),
(370, 4, 372, 2),
(371, 10, 373, 1),
(372, 10, 374, 1),
(373, 10, 375, 1),
(374, 10, 376, 1),
(375, 10, 377, 1),
(376, 2, 378, 1),
(377, 3, 379, 1),
(378, 3, 380, 1),
(379, 1, 381, 1),
(380, 3, 382, 1),
(381, 1, 383, 1),
(382, 3, 384, 2),
(383, 1, 385, 2),
(384, 2, 386, 2),
(385, 2, 387, 2),
(386, 1, 388, 2),
(387, 1, 389, 2),
(388, 4, 390, 2),
(389, 2, 391, 2),
(390, 5, 392, 2),
(391, 2, 393, 2),
(392, 2, 394, 2),
(393, 4, 395, 2),
(394, 6, 396, 2),
(395, 2, 397, 2),
(396, 2, 398, 2),
(397, 1, 399, 2),
(398, 1, 400, 2),
(399, 4, 401, 2),
(400, 1, 402, 2),
(401, 1, 403, 2),
(402, 1, 404, 2),
(403, 2, 405, 2),
(404, 1, 406, 2),
(405, 2, 407, 2),
(406, 1, 408, 2),
(407, 1, 409, 2),
(408, 2, 410, 2),
(409, 2, 411, 2),
(410, 2, 412, 2),
(411, 2, 413, 2),
(412, 2, 414, 2),
(413, 10, 415, 1),
(414, 2, 416, 2),
(415, 1, 417, 2),
(416, 1, 418, 2),
(417, 1, 419, 2),
(418, 1, 420, 2),
(419, 2, 421, 2),
(420, 2, 422, 2),
(421, 1, 423, 2),
(422, 1, 424, 2),
(423, 1, 425, 2),
(424, 1, 426, 2),
(425, 1, 427, 2),
(426, 2, 428, 2),
(427, 4, 429, 2),
(428, 4, 430, 2),
(429, 1, 431, 2),
(430, 1, 432, 2),
(431, 3, 433, 2),
(432, 6, 434, 2),
(433, 7, 435, 2),
(434, 2, 436, 2),
(435, 2, 437, 2),
(436, 3, 438, 2),
(437, 1, 439, 2),
(438, 1, 440, 2),
(439, 1, 441, 2),
(440, 1, 442, 2),
(441, 2, 443, 2),
(442, 2, 444, 2),
(443, 1, 445, 2),
(444, 1, 446, 2),
(445, 2, 447, 2),
(446, 3, 448, 2),
(447, 1, 449, 2),
(448, 1, 450, 2),
(449, 4, 451, 2),
(450, 1, 452, 2),
(451, 3, 453, 2),
(452, 4, 454, 2),
(453, 17, 455, 1),
(455, 30, 457, 1),
(456, 1, 458, 2),
(457, 2, 459, 1),
(458, 2, 460, 1),
(459, 2, 461, 1),
(460, 14, 462, 2),
(462, 2, 464, 1),
(463, 1, 465, 2),
(464, 1, 466, 1),
(465, 1, 467, 1),
(466, 1, 468, 2),
(467, 1, 469, 2),
(468, 2, 470, 1),
(469, 5, 471, 2),
(470, 15, 472, 1),
(471, 3, 473, 1),
(472, 1, 474, 1),
(473, 10, 475, 1),
(474, 2, 476, 1),
(475, 10, 477, 1),
(476, 1, 478, 1),
(477, 1, 479, 1),
(478, 18, 480, 1),
(479, 4, 481, 1),
(480, 1, 482, 1),
(481, 1, 483, 1),
(482, 27, 484, 1),
(483, 1, 485, 1),
(484, 0, 486, 1),
(485, 10, 487, 1),
(486, 2, 488, 1),
(487, 8, 489, 1),
(488, 1, 490, 1),
(489, 2, 491, 1),
(490, 2, 492, 1),
(491, 2, 493, 1),
(492, 1, 494, 2),
(493, 1, 495, 1),
(494, 1, 496, 1),
(495, 1, 497, 1),
(496, 2, 498, 1),
(497, 1, 499, 1),
(498, 1, 500, 1),
(499, 1, 501, 1),
(500, 1, 502, 1),
(501, 2, 503, 1),
(502, 1, 504, 1),
(503, 1, 505, 1),
(504, 1, 506, 1),
(505, 1, 507, 1),
(506, 1, 508, 1),
(507, 1, 509, 1),
(508, 9, 510, 1),
(509, 10, 511, 1),
(510, 1, 512, 2),
(511, 1, 513, 1),
(512, 1, 514, 1),
(513, 1, 515, 1),
(514, 1, 516, 1),
(515, 1, 517, 1),
(516, 1, 518, 1),
(517, 1, 519, 1),
(519, 1, 521, 1),
(520, 1, 522, 1),
(521, 2, 523, 1),
(522, 2, 524, 1),
(523, 1, 525, 1),
(524, 1, 526, 1),
(525, 1, 527, 1),
(526, 1, 528, 1),
(527, 1, 529, 1),
(528, 2, 530, 1),
(529, 1, 531, 1),
(530, 1, 532, 1),
(531, 2, 533, 1),
(532, 1, 534, 1),
(533, 1, 535, 1),
(534, 1, 536, 1),
(535, 1, 537, 1),
(536, 1, 538, 1),
(537, 1, 539, 1),
(538, 1, 540, 1),
(539, 15, 541, 1),
(540, 1, 542, 1),
(541, 1, 543, 1),
(542, 1, 544, 1),
(543, 2, 545, 1),
(544, 1, 546, 1),
(545, 1, 547, 1),
(548, 1, 550, 1),
(549, 1, 551, 1),
(550, 1, 552, 1),
(551, 1, 553, 1),
(552, 1, 554, 1),
(553, 1, 555, 1),
(554, 1, 556, 1),
(555, 1, 557, 1),
(556, 1, 558, 1),
(557, 1, 559, 1),
(558, 2, 560, 1),
(559, 2, 561, 1),
(560, 1, 562, 1),
(561, 1, 563, 1),
(563, 1, 565, 1),
(565, 13, 567, 2),
(566, 1, 568, 1),
(567, 1, 569, 1),
(568, 10, 570, 1),
(569, 14, 571, 2),
(570, 5, 572, 2),
(571, 10, 573, 1),
(572, 10, 574, 1),
(573, 10, 575, 1),
(574, 2, 576, 1),
(575, 1, 577, 1),
(577, 2, 579, 1),
(578, 5, 580, 1),
(580, 1, 582, 2),
(581, 2, 583, 2),
(582, 1, 584, 2),
(583, 1, 585, 2),
(584, 2, 586, 2),
(585, 6, 587, 2),
(586, 2, 588, 2),
(587, 5, 589, 2),
(588, 2, 590, 2),
(589, 3, 591, 2),
(590, 1, 592, 2),
(591, 1, 593, 2),
(592, 5, 594, 2),
(593, 1, 595, 2),
(594, 1, 596, 1),
(595, 1, 597, 1),
(596, 1, 598, 1),
(597, 2, 599, 1),
(598, 1, 600, 1),
(599, 1, 601, 1),
(600, 2, 602, 1),
(601, 1, 603, 1),
(602, 1, 604, 1),
(603, 1, 605, 1),
(604, 1, 606, 1),
(605, 1, 607, 1),
(606, 1, 608, 1),
(607, 1, 609, 1),
(608, 1, 610, 1),
(609, 4, 611, 1),
(610, 6, 612, 1),
(611, 2, 613, 2),
(612, 4, 614, 2),
(614, 2, 616, 2),
(615, 2, 617, 2),
(616, 1, 618, 2),
(617, 6, 619, 2),
(618, 4, 620, 2),
(619, 1, 621, 2),
(620, 2, 622, 2),
(621, 6, 623, 2),
(622, 2, 624, 2),
(623, 5, 625, 1),
(624, 8, 626, 1),
(625, 1, 627, 1),
(626, 1, 628, 2),
(627, 2, 629, 1),
(628, 3, 630, 1),
(629, 2, 631, 1),
(630, 3, 632, 1),
(631, 1, 633, 1),
(632, 4, 634, 1),
(633, 2, 635, 1),
(634, 3, 636, 1),
(635, 2, 637, 1),
(636, 3, 638, 2),
(637, 1, 639, 3),
(638, 5, 640, 3),
(639, 2, 641, 1),
(640, 1, 642, 1),
(641, 5, 643, 1),
(642, 6, 644, 1),
(643, 1, 645, 3),
(644, 1, 646, 1),
(645, 1, 647, 1),
(648, 1, 650, 1),
(649, 2, 651, 1),
(651, 1, 653, 2),
(652, 5, 654, 2),
(653, 2, 655, 2),
(654, 2, 656, 2),
(655, 4, 657, 2),
(656, 2, 658, 2),
(657, 2, 659, 2),
(658, 1, 660, 2),
(659, 6, 661, 2),
(660, 1, 662, 2),
(661, 3, 663, 2),
(663, 6, 665, 2),
(664, 1, 666, 2),
(665, 4, 667, 2),
(666, 3, 668, 2),
(667, 1, 669, 2),
(668, 2, 670, 2),
(669, 3, 671, 2),
(670, 1, 672, 2),
(671, 2, 673, 2),
(672, 1, 674, 2),
(673, 10, 675, 2),
(674, 1, 676, 2),
(675, 2, 677, 2),
(676, 1, 678, 2),
(677, 2, 679, 2),
(678, 3, 680, 2),
(679, 1, 681, 2),
(680, 1, 682, 2),
(681, 1, 683, 2),
(682, 5, 684, 2),
(683, 3, 685, 2),
(684, 5, 686, 2),
(685, 5, 687, 2),
(686, 1, 688, 2),
(687, 2, 689, 2),
(688, 3, 690, 2),
(689, 2, 691, 2),
(690, 2, 692, 2),
(691, 1, 693, 2),
(692, 4, 694, 2),
(693, 2, 695, 2),
(694, 2, 696, 2),
(695, 2, 697, 2),
(696, 2, 698, 2),
(697, 1, 699, 2),
(698, 2, 700, 2),
(699, 2, 701, 2),
(700, 4, 702, 2),
(701, 1, 703, 2),
(702, 3, 704, 1),
(703, 4, 705, 1),
(704, 4, 706, 1),
(705, 7, 707, 1),
(706, 8, 708, 1),
(707, 12, 709, 1),
(708, 5, 710, 1),
(709, 3, 711, 1),
(710, 5, 712, 1),
(711, 5, 713, 1),
(712, 1, 714, 1),
(713, 2, 715, 1),
(714, 2, 716, 1),
(715, 10, 717, 1),
(716, 10, 718, 1),
(717, 2, 719, 1),
(718, 5, 720, 1),
(719, 3, 721, 1),
(720, 1, 722, 1),
(721, 1, 723, 2),
(722, 1, 724, 2),
(723, 4, 725, 1),
(724, 1, 726, 1),
(725, 1, 727, 1),
(726, 1, 728, 2),
(727, 1, 729, 1),
(728, 1, 730, 2),
(729, 1, 731, 2),
(730, 1, 732, 1),
(731, 1, 733, 2),
(732, 2, 734, 2),
(733, 1, 735, 2),
(734, 1, 736, 1),
(735, 2, 737, 1),
(736, 1, 738, 1),
(737, 1, 739, 1),
(738, 1, 740, 1),
(739, 1, 741, 2),
(740, 1, 742, 2),
(741, 1, 743, 2),
(742, 4, 744, 2),
(743, 3, 745, 2),
(744, 3, 746, 2),
(745, 1, 747, 2),
(746, 2, 748, 2),
(747, 4, 749, 2),
(748, 1, 750, 2),
(749, 8, 751, 3),
(750, 10, 752, 1),
(751, 1, 753, 2),
(752, 2, 754, 2),
(753, 1, 755, 2),
(754, 1, 756, 2),
(755, 1, 757, 2),
(756, 3, 758, 2),
(757, 1, 759, 2),
(758, 1, 760, 2),
(759, 2, 761, 2),
(760, 9, 762, 3),
(761, 1, 763, 3),
(762, 1, 764, 3),
(763, 1, 765, 1),
(764, 1, 766, 1),
(765, 1, 767, 1),
(766, 1, 768, 1),
(767, 3, 769, 1),
(768, 2, 770, 1),
(769, 3, 771, 3),
(770, 1, 772, 1),
(771, 1, 773, 1),
(772, 1, 774, 1),
(773, 2, 775, 1),
(774, 1, 776, 1),
(775, 1, 777, 1),
(776, 1, 778, 1),
(777, 1, 779, 1),
(778, 1, 780, 2),
(779, 3, 781, 3),
(780, 1, 782, 1),
(781, 1, 783, 1),
(782, 1, 784, 1),
(783, 1, 785, 1),
(784, 2, 786, 1),
(785, 1, 787, 2),
(786, 1, 788, 2),
(787, 1, 789, 2),
(788, 1, 790, 2),
(789, 1, 791, 2),
(790, 3, 792, 2),
(791, 4, 793, 2),
(792, 5, 794, 2),
(793, 1, 795, 2),
(794, 2, 796, 2),
(795, 1, 797, 2),
(796, 1, 798, 2),
(797, 3, 799, 2),
(798, 2, 800, 2),
(799, 4, 801, 1),
(800, 1, 802, 1),
(801, 6, 803, 2),
(802, 2, 804, 2),
(803, 1, 805, 2),
(804, 1, 806, 2),
(805, 1, 807, 1),
(806, 1, 808, 1),
(807, 1, 809, 1),
(808, 1, 810, 3),
(809, 1, 811, 3),
(810, 1, 812, 1),
(811, 1, 813, 1),
(812, 1, 814, 1),
(813, 1, 815, 1),
(814, 1, 816, 1),
(815, 1, 817, 1),
(816, 1, 818, 1),
(817, 1, 819, 1),
(818, 1, 820, 1),
(819, 1, 821, 1),
(820, 2, 822, 1),
(821, 2, 823, 1),
(822, 1, 824, 1),
(823, 2, 825, 1),
(824, 2, 826, 1),
(825, 2, 827, 1),
(826, 2, 828, 1),
(827, 2, 829, 1),
(828, 2, 830, 1),
(829, 1, 831, 1),
(830, 1, 832, 1),
(831, 1, 833, 1),
(832, 1, 834, 1),
(833, 2, 835, 1),
(834, 4, 836, 1),
(835, 2, 837, 1),
(836, 3, 838, 2),
(837, 1, 839, 1),
(838, 1, 840, 2),
(839, 1, 841, 2),
(840, 2, 842, 1),
(841, 2, 843, 1),
(842, 1, 844, 2),
(843, 14, 845, 2),
(845, 1, 847, 2),
(846, 2, 848, 2),
(847, 3, 849, 2),
(848, 2, 850, 2),
(849, 2, 851, 2),
(850, 1, 852, 2),
(851, 1, 853, 2),
(852, 1, 854, 2),
(853, 10, 855, 1),
(854, 10, 856, 1),
(855, 10, 857, 1),
(856, 5, 858, 1),
(857, 6, 859, 1),
(858, 6, 860, 1),
(859, 6, 861, 1),
(860, 1, 862, 1),
(861, 6, 863, 1),
(862, 1, 864, 1),
(863, 1, 865, 1),
(864, 1, 866, 1),
(865, 1, 867, 1),
(866, 1, 868, 1),
(867, 2, 869, 2),
(868, 3, 870, 2),
(869, 2, 871, 2),
(870, 1, 872, 2),
(871, 2, 873, 2),
(872, 2, 874, 2),
(873, 1, 875, 2),
(874, 2, 876, 2),
(875, 2, 877, 2),
(876, 3, 878, 2),
(877, 1, 879, 2),
(878, 2, 880, 2),
(879, 1, 881, 2),
(880, 2, 882, 2),
(881, 1, 883, 2),
(882, 1, 884, 2),
(883, 1, 885, 2),
(884, 1, 886, 1),
(885, 1, 887, 1),
(886, 1, 888, 1),
(887, 1, 889, 1),
(888, 1, 890, 1),
(889, 1, 891, 1),
(890, 10, 892, 1),
(891, 2, 893, 1),
(892, 2, 894, 1),
(893, 10, 895, 1),
(894, 2, 896, 1),
(895, 0, 897, 1),
(896, 10, 898, 1),
(897, 2, 899, 1),
(898, 2, 900, 1),
(899, 10, 901, 1),
(900, 3, 902, 1),
(901, 2, 903, 1),
(902, 10, 904, 1),
(903, 3, 905, 1),
(904, 1, 906, 1),
(905, 1, 907, 1),
(906, 2, 908, 1),
(907, 4, 909, 1),
(908, 1, 910, 1),
(909, 1, 911, 1),
(910, 2, 912, 1),
(911, 2, 913, 1),
(912, 1, 914, 1),
(913, 1, 915, 1),
(914, 2, 916, 1),
(915, 1, 917, 1),
(916, 1, 918, 1),
(917, 3, 919, 1),
(918, 1, 920, 1),
(919, 2, 921, 1),
(920, 2, 922, 1),
(921, 1, 923, 1),
(922, 1, 924, 1),
(923, 4, 925, 1),
(924, 1, 926, 1),
(925, 1, 927, 1),
(926, 1, 928, 1),
(927, 1, 929, 1),
(928, 1, 930, 1),
(929, 1, 931, 1),
(930, 1, 932, 1),
(931, 1, 933, 1),
(932, 4, 934, 1),
(933, 1, 935, 1),
(934, 1, 936, 1),
(935, 1, 937, 1),
(936, 2, 938, 1),
(937, 1, 939, 1),
(938, 4, 940, 1),
(939, 1, 941, 1),
(940, 44, 942, 1),
(941, 39, 943, 1),
(942, 16, 944, 1),
(943, 44, 945, 1),
(944, 39, 946, 1),
(945, 16, 947, 1),
(946, 44, 948, 1),
(947, 39, 949, 1),
(948, 16, 950, 1),
(949, 44, 951, 1),
(950, 39, 952, 1),
(951, 16, 953, 1),
(953, 39, 955, 1),
(954, 16, 956, 1),
(955, 45, 957, 1),
(956, 39, 958, 1),
(957, 16, 959, 1),
(958, 38, 960, 1),
(959, 39, 961, 1),
(960, 14, 962, 1),
(962, 39, 964, 1),
(963, 16, 965, 1),
(964, 10, 966, 1),
(965, 8, 967, 2),
(966, 10, 968, 2),
(967, 10, 969, 2),
(968, 10, 970, 2),
(969, 8, 971, 2),
(970, 10, 972, 2),
(971, 7, 973, 2),
(972, 10, 974, 2),
(973, 1, 975, 1),
(974, 5, 976, 1),
(975, 2, 977, 1),
(976, 1, 978, 1),
(977, 2, 979, 2),
(978, 4, 980, 2),
(979, 12, 981, 1),
(980, 12, 982, 1),
(981, 12, 983, 1),
(982, 12, 984, 1),
(983, 12, 985, 1),
(984, 12, 986, 1),
(985, 11, 987, 1),
(986, 11, 988, 1),
(987, 11, 989, 1),
(988, 11, 990, 1),
(989, 11, 991, 1),
(990, 12, 992, 1),
(991, 20, 993, 1),
(992, 20, 994, 1),
(993, 20, 995, 1),
(994, 20, 996, 1),
(995, 20, 997, 1),
(996, 20, 998, 1),
(997, 20, 999, 1),
(998, 8, 1000, 1),
(1000, 12, 1002, 1),
(1001, 6, 1003, 1),
(1002, 23, 1004, 1),
(1003, 10, 1005, 1),
(1004, 8, 1006, 1),
(1005, 6, 1007, 1),
(1006, 11, 1008, 1),
(1007, 2, 1009, 1),
(1008, 20, 1010, 1),
(1009, 10, 1011, 1),
(1010, 8, 1012, 1),
(1011, 6, 1013, 1),
(1012, 15, 1014, 1),
(1013, 8, 1015, 1),
(1014, 15, 1016, 1),
(1015, 10, 1017, 1),
(1016, 8, 1018, 1),
(1017, 3, 1019, 1),
(1018, 9, 1020, 1),
(1019, 6, 1021, 1),
(1020, 20, 1022, 1),
(1021, 5, 1023, 1),
(1022, 8, 1024, 1),
(1023, 6, 1025, 1),
(1024, 15, 1026, 1),
(1025, 6, 1027, 1),
(1026, 30, 1028, 1),
(1027, 5, 1029, 1),
(1028, 1, 1030, 2),
(1029, 1, 1031, 2),
(1030, 1, 1032, 2),
(1031, 7, 1033, 1),
(1032, 2, 1034, 1),
(1033, 15, 1035, 1),
(1034, 6, 1036, 1),
(1035, 30, 1037, 1),
(1036, 5, 1038, 1),
(1037, 8, 1039, 1),
(1038, 5, 1040, 1),
(1039, 10, 1041, 1),
(1041, 20, 1043, 1),
(1042, 10, 1044, 1),
(1043, 8, 1045, 1),
(1044, 5, 1046, 1),
(1045, 10, 1047, 1),
(1046, 6, 1048, 1),
(1047, 20, 1049, 1),
(1048, 10, 1050, 1),
(1049, 10, 1051, 1),
(1050, 10, 1052, 1),
(1051, 2, 1053, 1),
(1052, 8, 1054, 1),
(1053, 5, 1055, 1),
(1054, 10, 1056, 1),
(1055, 27, 1057, 1),
(1056, 6, 1058, 1),
(1057, 20, 1059, 1),
(1058, 10, 1060, 1),
(1059, 2, 1061, 1),
(1060, 1, 1062, 2),
(1061, 4, 1063, 2),
(1062, 3, 1064, 2),
(1063, 3, 1065, 2),
(1064, 1, 1066, 2),
(1065, 2, 1067, 1),
(1066, 1, 1068, 2),
(1067, 8, 1069, 3),
(1068, 1, 1070, 2),
(1069, 2, 1071, 2),
(1070, 1, 1072, 2),
(1071, 6, 1073, 1),
(1072, 10, 1074, 1),
(1073, 73, 1075, 1),
(1074, 9, 1076, 1),
(1075, 5, 1077, 1),
(1076, 10, 1078, 1),
(1077, 19, 1079, 1),
(1078, 8, 1080, 1),
(1079, 2, 1081, 3),
(1080, 78, 1082, 1),
(1081, 5, 1083, 1),
(1082, 10, 1084, 1),
(1083, 42, 1085, 1),
(1084, 8, 1086, 1),
(1085, 78, 1087, 1),
(1086, 5, 1088, 1),
(1087, 10, 1089, 1),
(1088, 8, 1090, 1),
(1089, 80, 1091, 1),
(1090, 5, 1092, 1),
(1091, 10, 1093, 1),
(1092, 8, 1094, 1),
(1093, 74, 1095, 1),
(1094, 5, 1096, 1),
(1095, 9, 1097, 1),
(1096, 1, 1098, 1),
(1097, 1, 1099, 3),
(1098, 8, 1100, 1),
(1099, 80, 1101, 1),
(1100, 27, 1102, 1),
(1101, 24, 1103, 1),
(1102, 27, 1104, 1),
(1103, 24, 1105, 1),
(1104, 25, 1106, 1),
(1105, 25, 1107, 1),
(1106, 25, 1108, 1),
(1107, 25, 1109, 1),
(1108, 7, 1110, 1),
(1109, 9, 1111, 2),
(1110, 9, 1112, 2),
(1111, 4, 1113, 2),
(1112, 9, 1114, 2),
(1113, 9, 1115, 2),
(1114, 3, 1116, 1),
(1115, 4, 1117, 1),
(1116, 3, 1118, 1),
(1117, 3, 1119, 1),
(1118, 6, 1120, 2),
(1119, 20, 1121, 2),
(1120, 4, 1122, 1),
(1121, 4, 1123, 1),
(1122, 4, 1124, 1),
(1123, 3, 1125, 1),
(1124, 8, 1126, 2),
(1125, 20, 1127, 2),
(1126, 2, 1128, 2),
(1127, 1, 1129, 2),
(1128, 1, 1130, 2),
(1129, 2, 1131, 2),
(1130, 2, 1132, 2),
(1131, 1, 1133, 2),
(1132, 10, 1134, 1),
(1133, 1, 1135, 2),
(1134, 2, 1136, 2),
(1135, 1, 1137, 2),
(1136, 1, 1138, 2),
(1137, 1, 1139, 2),
(1138, 4, 1140, 1),
(1139, 4, 1141, 1),
(1140, 4, 1142, 1),
(1141, 3, 1143, 1),
(1142, 8, 1144, 2),
(1144, 8, 1146, 2),
(1145, 20, 1147, 2),
(1146, 4, 1148, 1),
(1147, 4, 1149, 1),
(1148, 4, 1150, 1),
(1149, 3, 1151, 1),
(1150, 8, 1152, 2),
(1151, 20, 1153, 2),
(1152, 4, 1154, 1),
(1153, 4, 1155, 1),
(1154, 3, 1156, 1),
(1155, 7, 1157, 2),
(1156, 1, 1158, 1),
(1157, 14, 1159, 1),
(1158, 10, 1160, 1),
(1161, 30, 1163, 1),
(1162, 3, 1164, 1),
(1163, 10, 1165, 1),
(1164, 7, 1166, 1),
(1165, 16, 1167, 1),
(1166, 1, 1168, 1),
(1167, 20, 1169, 1),
(1168, 8, 1170, 1),
(1169, 29, 1171, 1),
(1170, 3, 1172, 1),
(1171, 20, 1173, 1),
(1172, 2, 1174, 1),
(1173, 15, 1175, 1),
(1174, 2, 1176, 1),
(1175, 5, 1177, 1),
(1176, 1, 1178, 1),
(1177, 2, 1179, 1),
(1178, 1, 1180, 1),
(1179, 2, 1181, 1),
(1180, 1, 1182, 1),
(1181, 1, 1183, 1),
(1182, 1, 1184, 1),
(1183, 8, 1185, 1),
(1184, 3, 1186, 1),
(1185, 1, 1187, 1),
(1186, 27, 1188, 1),
(1187, 19, 1189, 1),
(1188, 8, 1190, 1),
(1189, 6, 1191, 1),
(1190, 6, 1192, 1),
(1191, 1, 1193, 2),
(1192, 1, 1194, 2),
(1193, 1, 1195, 2),
(1194, 2, 1196, 2),
(1195, 1, 1197, 2),
(1196, 3, 1198, 2),
(1197, 3, 1199, 2),
(1198, 3, 1200, 2),
(1199, 1, 1201, 3),
(1200, 1, 1202, 3),
(1201, 2, 1203, 3),
(1202, 1, 1204, 1),
(1203, 3, 1205, 2),
(1204, 1, 1206, 1),
(1205, 1, 1207, 1),
(1206, 1, 1208, 1),
(1207, 1, 1209, 1),
(1208, 1, 1210, 1),
(1209, 1, 1211, 1),
(1213, 1, 1215, 1),
(1214, 1, 1216, 1),
(1215, 1, 1217, 1),
(1216, 2, 1218, 1),
(1217, 2, 1219, 1),
(1218, 1, 1220, 1),
(1219, 11, 1221, 1),
(1220, 5, 1222, 1),
(1221, 1, 1223, 1),
(1222, 2, 1224, 1),
(1223, 3, 1225, 1),
(1224, 2, 1226, 1),
(1225, 2, 1227, 1),
(1226, 3, 1228, 1),
(1227, 1, 1229, 1),
(1228, 1, 1230, 1),
(1229, 1, 1231, 2),
(1230, 1, 1232, 2),
(1231, 1, 1233, 1),
(1232, 1, 1234, 1),
(1233, 2, 1235, 1),
(1234, 2, 1236, 1),
(1235, 2, 1237, 3),
(1236, 1, 1238, 3),
(1237, 1, 1239, 3),
(1238, 1, 1240, 3),
(1239, 1, 1241, 3),
(1240, 1, 1242, 3),
(1241, 1, 1243, 3),
(1242, 3, 1244, 3),
(1243, 32, 1245, 3),
(1244, 1, 1246, 2),
(1245, 1, 1247, 2),
(1246, 1, 1248, 2),
(1247, 30, 1249, 1),
(1248, 1, 1250, 2),
(1249, 1, 1251, 2),
(1250, 7, 1252, 2),
(1251, 1, 1253, 2),
(1252, 2, 1254, 2),
(1253, 3, 1255, 2),
(1254, 5, 1256, 2),
(1255, 1, 1257, 2),
(1256, 1, 1258, 2),
(1257, 3, 1259, 2),
(1258, 2, 1260, 2),
(1259, 2, 1261, 2),
(1260, 12, 1262, 2),
(1261, 1, 1263, 2),
(1262, 3, 1264, 2),
(1263, 1, 1265, 2),
(1264, 5, 1266, 2),
(1265, 1, 1267, 2),
(1266, 1, 1268, 2),
(1267, 1, 1269, 2),
(1268, 1, 1270, 2),
(1269, 5, 1271, 2),
(1270, 2, 1272, 2),
(1271, 6, 1273, 2),
(1272, 2, 1274, 2),
(1273, 4, 1275, 2),
(1274, 6, 1276, 2),
(1275, 2, 1277, 2),
(1276, 2, 1278, 2),
(1277, 4, 1279, 2),
(1278, 2, 1280, 2),
(1279, 2, 1281, 2),
(1280, 1, 1282, 2),
(1281, 2, 1283, 2),
(1282, 2, 1284, 2),
(1283, 4, 1285, 2),
(1284, 2, 1286, 2),
(1285, 4, 1287, 2),
(1286, 2, 1288, 2),
(1287, 10, 1289, 2),
(1288, 2, 1290, 1),
(1289, 1, 1291, 1),
(1290, 1, 1292, 1),
(1291, 1, 1293, 3),
(1292, 4, 1294, 1),
(1294, 25, 1296, 1),
(1295, 7, 1297, 1),
(1296, 9, 1298, 1),
(1297, 1, 1299, 2),
(1298, 1, 1300, 2),
(1299, 3, 1301, 1),
(1300, 30, 1302, 1),
(1301, 6, 1303, 2),
(1302, 1, 1304, 2),
(1303, 1, 1305, 2),
(1304, 2, 1306, 2),
(1305, 5, 1307, 2),
(1306, 2, 1308, 2),
(1307, 2, 1309, 2),
(1308, 2, 1310, 2),
(1309, 3, 1311, 2),
(1310, 4, 1312, 2),
(1311, 1, 1313, 2),
(1312, 2, 1314, 2),
(1313, 8, 1315, 3),
(1314, 1, 1316, 2),
(1315, 4, 1317, 2),
(1316, 1, 1318, 2),
(1317, 4, 1319, 2),
(1318, 1, 1320, 2),
(1319, 2, 1321, 2),
(1320, 1, 1322, 1),
(1322, 25, 1324, 1),
(1325, 3, 1327, 1),
(1326, 4, 1328, 1),
(1327, 1, 1329, 1),
(1328, 1, 1330, 1),
(1329, 1, 1331, 1),
(1330, 2, 1332, 1),
(1331, 2, 1333, 1),
(1332, 2, 1334, 1),
(1333, 1, 1335, 1),
(1335, 25, 1337, 1),
(1336, 25, 1338, 1),
(1337, 11, 1339, 2),
(1338, 6, 1340, 2),
(1339, 1, 1341, 2),
(1340, 4, 1342, 1),
(1341, 5, 1343, 2),
(1342, 3, 1344, 2),
(1343, 10, 1345, 1),
(1344, 10, 1346, 1),
(1345, 10, 1347, 1),
(1346, 1, 1348, 1),
(1347, 1, 1349, 2),
(1348, 4, 1350, 2),
(1349, 3, 1351, 2),
(1350, 3, 1352, 2),
(1351, 1, 1353, 2),
(1352, 2, 1354, 2),
(1353, 3, 1355, 2),
(1354, 1, 1356, 2),
(1355, 8, 1357, 3),
(1356, 1, 1358, 2),
(1357, 6, 1359, 1),
(1358, 1, 1360, 2),
(1359, 1, 1361, 1),
(1360, 1, 1362, 2),
(1361, 1, 1363, 2),
(1362, 2, 1364, 2),
(1363, 4, 1365, 2),
(1364, 2, 1366, 2),
(1365, 4, 1367, 2),
(1366, 10, 1368, 1),
(1367, 30, 1369, 1),
(1368, 1, 1370, 2),
(1369, 3, 1371, 2),
(1370, 4, 1372, 2),
(1371, 5, 1373, 2),
(1372, 1, 1374, 2),
(1373, 1, 1375, 2),
(1374, 3, 1376, 2),
(1375, 1, 1377, 2),
(1376, 1, 1378, 2),
(1377, 1, 1379, 2),
(1378, 1, 1380, 2),
(1379, 1, 1381, 2),
(1380, 1, 1382, 2),
(1381, 1, 1383, 2),
(1382, 27, 1384, 1),
(1383, 2, 1385, 2),
(1384, 25, 1386, 1),
(1386, 25, 1388, 1),
(1387, 2, 1389, 1),
(1388, 1, 1390, 1),
(1389, 1, 1391, 2),
(1390, 10, 1392, 1),
(1391, 1, 1393, 2),
(1392, 2, 1394, 2),
(1393, 1, 1395, 2),
(1394, 1, 1396, 2),
(1395, 1, 1397, 2),
(1396, 2, 1398, 2),
(1397, 1, 1399, 2),
(1398, 1, 1400, 2),
(1399, 2, 1401, 2),
(1400, 1, 1402, 2),
(1401, 1, 1403, 2),
(1402, 1, 1404, 2),
(1403, 14, 1405, 1),
(1404, 4, 1406, 2),
(1406, 40, 1408, 1),
(1407, 25, 1409, 1),
(1408, 24, 1410, 1),
(1409, 20, 1411, 1),
(1410, 20, 1412, 1),
(1411, 2, 1413, 1),
(1412, 2, 1414, 1),
(1413, 1, 1415, 1),
(1414, 2, 1416, 2),
(1415, 2, 1417, 2),
(1416, 3, 1418, 2),
(1417, 2, 1419, 2),
(1418, 2, 1420, 2),
(1419, 23, 1421, 2),
(1420, 3, 1422, 2),
(1421, 1, 1423, 2),
(1422, 4, 1424, 1),
(1424, 2, 1426, 1),
(1425, 2, 1427, 1),
(1426, 1, 1428, 1),
(1427, 1, 1429, 1),
(1428, 1, 1430, 2),
(1429, 1, 1431, 2),
(1430, 25, 1432, 1),
(1431, 25, 1433, 1),
(1432, 4, 1434, 2),
(1433, 2, 1435, 1),
(1434, 15, 1436, 1),
(1436, 1, 1438, 1),
(1437, 3, 1439, 1),
(1438, 3, 1440, 1),
(1439, 1, 1441, 1),
(1440, 2, 1442, 1),
(1441, 2, 1443, 1),
(1442, 1, 1444, 1),
(1443, 2, 1445, 1),
(1444, 3, 1446, 2),
(1445, 3, 1447, 2),
(1446, 1, 1448, 1),
(1448, 16, 1450, 1),
(1449, 2, 1451, 2),
(1450, 1, 1452, 1),
(1451, 4, 1453, 1),
(1452, 2, 1454, 1),
(1453, 10, 1455, 1),
(1454, 6, 1456, 1),
(1455, 6, 1457, 2),
(1456, 6, 1458, 2),
(1457, 44, 1459, 1),
(1458, 15, 1460, 1),
(1459, 5, 1461, 1),
(1460, 2, 1462, 1),
(1461, 6, 1463, 1),
(1462, 4, 1464, 1),
(1463, 10, 1465, 1),
(1464, 2, 1466, 1),
(1465, 6, 1467, 1),
(1466, 1, 1468, 1),
(1467, 1, 1469, 1),
(1469, 3, 1471, 1),
(1470, 2, 1472, 1),
(1471, 3, 1473, 1),
(1472, 2, 1474, 1),
(1473, 4, 1475, 1),
(1474, 1, 1476, 2),
(1475, 1, 1477, 2),
(1476, 1, 1478, 2),
(1477, 1, 1479, 2),
(1478, 1, 1480, 1),
(1479, 12, 1481, 2),
(1480, 16, 1482, 2),
(1481, 1, 1483, 1),
(1482, 20, 1484, 2),
(1483, 5, 1485, 2),
(1484, 6, 1486, 2),
(1485, 4, 1487, 2),
(1486, 11, 1488, 1),
(1488, 2, 1490, 2),
(1489, 7, 1491, 1),
(1490, 6, 1492, 1),
(1491, 10, 1493, 1),
(1492, 7, 1494, 1),
(1493, 7, 1495, 1),
(1494, 10, 1496, 1),
(1495, 6, 1497, 1),
(1496, 6, 1498, 2),
(1497, 6, 1499, 2),
(1498, 6, 1500, 1),
(1499, 5, 1501, 1),
(1500, 20, 1502, 2),
(1501, 5, 1503, 2),
(1502, 20, 1504, 1),
(1503, 1, 1505, 1),
(1504, 1, 1506, 2),
(1505, 1, 1507, 1),
(1506, 18, 1508, 1),
(1507, 1, 1509, 1),
(1508, 1, 1510, 1),
(1509, 1, 1511, 1),
(1510, 1, 1512, 1),
(1511, 1, 1513, 1),
(1512, 1, 1514, 1),
(1513, 1, 1515, 1),
(1514, 1, 1516, 1),
(1515, 1, 1517, 1),
(1516, 1, 1518, 1),
(1517, 2, 1519, 1),
(1518, 2, 1520, 1),
(1519, 1, 1521, 1),
(1520, 30, 1522, 1),
(1521, 1, 1523, 2),
(1522, 1, 1524, 2),
(1523, 6, 1525, 2),
(1524, 2, 1526, 2),
(1525, 4, 1527, 2),
(1526, 1, 1528, 2),
(1527, 3, 1529, 2),
(1528, 1, 1530, 2),
(1529, 1, 1531, 2),
(1530, 1, 1532, 1),
(1531, 1, 1533, 1),
(1532, 1, 1534, 2),
(1533, 1, 1535, 2),
(1534, 30, 1536, 1),
(1535, 2, 1537, 2),
(1536, 2, 1538, 2),
(1537, 1, 1539, 2),
(1538, 20, 1540, 2),
(1539, 5, 1541, 2),
(1540, 1, 1542, 2),
(1541, 3, 1543, 2),
(1542, 6, 1544, 2),
(1543, 7, 1545, 2),
(1544, 1, 1546, 2),
(1545, 2, 1547, 2),
(1546, 1, 1548, 2),
(1547, 1, 1549, 2),
(1548, 1, 1550, 2),
(1549, 1, 1551, 2),
(1550, 2, 1552, 2),
(1551, 1, 1553, 2),
(1552, 3, 1554, 2),
(1553, 1, 1555, 2),
(1554, 6, 1556, 2),
(1555, 1, 1557, 2),
(1556, 30, 1558, 1),
(1557, 1, 1559, 2),
(1558, 1, 1560, 2),
(1559, 4, 1561, 2),
(1560, 7, 1562, 2),
(1561, 1, 1563, 2),
(1562, 3, 1564, 2),
(1563, 30, 1565, 1),
(1564, 1, 1566, 2),
(1565, 2, 1567, 2),
(1566, 9, 1568, 2),
(1567, 1, 1569, 2),
(1568, 3, 1570, 2),
(1569, 2, 1571, 2),
(1570, 1, 1572, 2),
(1571, 2, 1573, 2),
(1572, 1, 1574, 2),
(1573, 2, 1575, 2),
(1574, 1, 1576, 2),
(1575, 2, 1577, 2),
(1576, 30, 1578, 1),
(1577, 1, 1579, 2),
(1578, 2, 1580, 2),
(1579, 25, 1581, 2),
(1580, 10, 1582, 2),
(1581, 9, 1583, 2),
(1582, 5, 1584, 2),
(1583, 2, 1585, 2),
(1584, 6, 1586, 2),
(1585, 4, 1587, 2),
(1586, 4, 1588, 2),
(1587, 4, 1589, 2),
(1588, 4, 1590, 2),
(1589, 10, 1591, 2),
(1590, 1, 1592, 2),
(1591, 1, 1593, 2),
(1592, 1, 1594, 2),
(1593, 23, 1595, 2),
(1594, 4, 1596, 1),
(1595, 5, 1597, 2),
(1596, 16, 1598, 2),
(1597, 3, 1599, 1),
(1598, 5, 1600, 1),
(1599, 10, 1601, 1),
(1600, 2, 1602, 1),
(1601, 1, 1603, 1),
(1602, 8, 1604, 1),
(1603, 2, 1605, 1),
(1604, 2, 1606, 1),
(1605, 2, 1607, 1),
(1606, 2, 1608, 1),
(1607, 2, 1609, 2),
(1608, 6, 1610, 1),
(1609, 2, 1611, 1),
(1610, 1, 1612, 1),
(1611, 1, 1613, 1),
(1612, 4, 1614, 1),
(1613, 18, 1615, 1),
(1614, 4, 1616, 1),
(1615, 1, 1617, 2),
(1616, 7, 1618, 2),
(1617, 2, 1619, 2),
(1618, 1, 1620, 1),
(1619, 7, 1621, 2),
(1620, 7, 1622, 2),
(1621, 3, 1623, 1),
(1622, 8, 1624, 2),
(1623, 8, 1625, 2),
(1624, 20, 1626, 1),
(1625, 20, 1627, 1),
(1626, 20, 1628, 1),
(1627, 4, 1629, 2),
(1628, 1, 1630, 1),
(1629, 0, 1631, 2),
(1630, 10, 1632, 1),
(1631, 4, 1633, 2),
(1632, 30, 1634, 1),
(1633, 1, 1635, 2),
(1634, 1, 1636, 2),
(1635, 2, 1637, 2),
(1636, 15, 1638, 2),
(1637, 10, 1639, 2),
(1638, 1, 1640, 2),
(1639, 2, 1641, 2),
(1640, 10, 1642, 2),
(1641, 4, 1643, 2),
(1642, 2, 1644, 2),
(1643, 2, 1645, 2),
(1644, 3, 1646, 2),
(1645, 1, 1647, 2),
(1646, 2, 1648, 2),
(1647, 2, 1649, 2),
(1648, 4, 1650, 2),
(1649, 5, 1651, 2),
(1650, 3, 1652, 2),
(1651, 1, 1653, 2),
(1652, 2, 1654, 2),
(1653, 8, 1655, 3),
(1654, 1, 1656, 2),
(1655, 30, 1657, 1),
(1656, 10, 1658, 1),
(1657, 3, 1659, 2),
(1658, 4, 1660, 2),
(1659, 5, 1661, 2),
(1660, 1, 1662, 2),
(1661, 4, 1663, 2),
(1662, 1, 1664, 2),
(1663, 6, 1665, 2),
(1664, 1, 1666, 2),
(1665, 1, 1667, 2),
(1666, 1, 1668, 2),
(1667, 2, 1669, 1),
(1668, 1, 1670, 3),
(1669, 1, 1671, 2),
(1670, 19, 1672, 3),
(1671, 1, 1673, 1),
(1672, 9, 1674, 2),
(1673, 18, 1675, 2),
(1674, 1, 1676, 1),
(1675, 6, 1677, 1),
(1676, 1, 1678, 1),
(1677, 1, 1679, 1),
(1678, 4, 1680, 1),
(1679, 1, 1681, 1),
(1680, 2, 1682, 1),
(1681, 4, 1683, 2),
(1682, 1, 1684, 1),
(1683, 1, 1685, 2),
(1684, 14, 1686, 2),
(1685, 21, 1687, 2),
(1686, 9, 1688, 2),
(1687, 13, 1689, 2),
(1688, 2, 1690, 1),
(1689, 2, 1691, 1),
(1690, 30, 1692, 1),
(1691, 1, 1693, 1),
(1692, 1, 1694, 1),
(1693, 25, 1695, 2),
(1694, 6, 1696, 2),
(1695, 9, 1697, 2),
(1696, 14, 1698, 2),
(1697, 28, 1699, 2),
(1698, 1, 1700, 1),
(1699, 3, 1701, 1),
(1700, 3, 1702, 1),
(1701, 1, 1703, 1),
(1702, 2, 1704, 1),
(1703, 2, 1705, 1),
(1704, 2, 1706, 1),
(1705, 1, 1707, 1),
(1706, 4, 1708, 2),
(1707, 2, 1709, 2),
(1714, 35, 1716, 1),
(1715, 8, 1717, 1),
(1716, 3, 1718, 2),
(1717, 16, 1719, 2),
(1718, 4, 1720, 1),
(1719, 13, 1721, 1),
(1720, 23, 1722, 1),
(1721, 44, 1723, 1),
(1722, 5, 1724, 2),
(1723, 16, 1725, 2),
(1724, 16, 1726, 2),
(1725, 1, 1727, 2),
(1726, 3, 1728, 2),
(1727, 1, 1729, 1),
(1728, 1, 1730, 1),
(1729, 32, 1731, 3),
(1730, 1, 1732, 1),
(1731, 1, 1733, 1),
(1732, 23, 1734, 1),
(1733, 6, 1735, 1),
(1734, 33, 1736, 1),
(1735, 3, 1737, 1),
(1736, 2, 1738, 1),
(1737, 2, 1739, 2),
(1738, 45, 1740, 2),
(1739, 11, 1741, 2),
(1740, 96, 1742, 1),
(1741, 11, 1743, 1),
(1742, 1, 1744, 2),
(1743, 10, 1745, 1),
(1744, 6, 1746, 2),
(1745, 6, 1747, 2),
(1746, 1, 1748, 2),
(1747, 1, 1749, 2),
(1748, 1, 1750, 2),
(1749, 5, 1751, 2),
(1750, 1, 1752, 2),
(1751, 2, 1753, 2),
(1752, 32, 1754, 1),
(1753, 27, 1755, 1),
(1754, 2, 1756, 1),
(1755, 12, 1757, 1),
(1756, 2, 1758, 1),
(1757, 2, 1759, 1),
(1758, 8, 1760, 2),
(1759, 8, 1761, 2),
(1760, 8, 1762, 2),
(1761, 12, 1763, 1),
(1762, 4, 1764, 1),
(1763, 2, 1765, 2),
(1764, 53, 1766, 2),
(1765, 5, 1767, 2),
(1766, 1, 1768, 2),
(1767, 1, 1769, 2),
(1768, 1, 1770, 2),
(1769, 1, 1771, 2),
(1770, 61, 1772, 1),
(1771, 81, 1773, 1),
(1772, 3, 1774, 1),
(1773, 1, 1775, 1),
(1774, 3, 1776, 1),
(1775, -1, 1777, 1),
(1776, 1, 1778, 1),
(1777, 6, 1779, 1),
(1778, 1, 1780, 1),
(1779, 5, 1781, 1),
(1780, 5, 1782, 1),
(1781, 5, 1783, 1),
(1782, 1, 1784, 2),
(1783, 1, 1785, 2),
(1784, 1, 1786, 1),
(1785, 1, 1787, 2),
(1786, 12, 1788, 2),
(1787, 2, 1789, 2),
(1788, 4, 1790, 1),
(1789, 1, 1791, 1),
(1790, 1, 1792, 1),
(1791, 2, 1793, 1),
(1792, 1, 1794, 1),
(1793, 1, 1795, 2),
(1794, 1, 1796, 2),
(1795, 1, 1797, 2),
(1796, 1, 1798, 2),
(1797, 1, 1799, 2),
(1798, 1, 1800, 2),
(1799, 1, 1801, 2),
(1800, 3, 1802, 2),
(1801, 1, 1803, 2),
(1802, 5, 1804, 2),
(1803, 1, 1805, 2),
(1804, 1, 1806, 2),
(1805, 1, 1807, 2),
(1806, 1, 1808, 1),
(1807, 2, 1809, 2),
(1808, 4, 1810, 2),
(1809, 1, 1811, 1),
(1810, 6, 1812, 2),
(1811, 2, 1813, 2),
(1812, 6, 1814, 2),
(1813, 5, 1815, 3),
(1814, 3, 1816, 1),
(1815, 1, 1817, 1),
(1816, 2, 1818, 1),
(1817, 2, 1819, 1),
(1818, 12, 1820, 1),
(1819, 8, 1821, 1),
(1820, 2, 1822, 1),
(1821, 1, 1823, 1),
(1822, 1, 1824, 1),
(1823, 1, 1825, 1),
(1824, 1, 1826, 1),
(1825, 1, 1827, 1),
(1826, 2, 1828, 1),
(1827, 2, 1829, 1),
(1828, 1, 1830, 1),
(1829, 1, 1831, 2),
(1830, 1, 1832, 2),
(1831, 1, 1833, 2),
(1832, 1, 1834, 1),
(1833, 1, 1835, 1),
(1834, 1, 1836, 1),
(1835, 1, 1837, 2),
(1836, 1, 1838, 2),
(1837, 1, 1839, 2),
(1838, 1, 1840, 2),
(1839, 1, 1841, 1),
(1840, 1, 1842, 2),
(1842, 4, 1844, 2),
(1843, 6, 1845, 1),
(1844, 1, 1846, 1),
(1845, 1, 1847, 1),
(1846, 2, 1848, 1),
(1847, 3, 1849, 2),
(1848, 20, 1850, 1),
(1849, 3, 1851, 1),
(1850, 1, 1852, 1),
(1851, 2, 1853, 1),
(1852, 1, 1854, 1),
(1853, 1, 1855, 1),
(1854, 3, 1856, 1),
(1855, 2, 1857, 1),
(1856, 1, 1858, 1),
(1857, 2, 1859, 1),
(1858, 1, 1860, 1),
(1859, 1, 1861, 1),
(1860, 1, 1862, 1),
(1861, 2, 1863, 1),
(1862, 1, 1864, 2),
(1863, 1, 1865, 2),
(1864, 1, 1866, 2),
(1865, 2, 1867, 1),
(1866, 2, 1868, 1),
(1867, 1, 1869, 1),
(1868, 2, 1870, 1),
(1869, 1, 1871, 1),
(1870, 1, 1872, 2),
(1871, 2, 1873, 2),
(1872, 1, 1874, 1),
(1873, 1, 1875, 1),
(1874, 1, 1876, 1),
(1875, 3, 1877, 2),
(1876, 1, 1878, 1),
(1877, 6, 1879, 1),
(1878, 1, 1880, 1),
(1879, 3, 1881, 1),
(1880, 1, 1882, 1),
(1881, 4, 1883, 2),
(1882, 1, 1884, 2),
(1883, 1, 1885, 2),
(1884, 3, 1886, 2),
(1885, 2, 1887, 2),
(1886, 1, 1888, 2),
(1887, 5, 1889, 2),
(1888, 2, 1890, 2),
(1889, 2, 1891, 2),
(1890, 5, 1892, 2),
(1891, 7, 1893, 2),
(1892, 1, 1894, 2),
(1893, 4, 1895, 2),
(1894, 7, 1896, 2),
(1895, 1, 1897, 2),
(1896, 1, 1898, 2),
(1897, 2, 1899, 2),
(1898, 2, 1900, 2),
(1899, 2, 1901, 2),
(1900, 3, 1902, 2),
(1901, 1, 1903, 2),
(1902, 3, 1904, 2),
(1903, 13, 1905, 2),
(1904, 3, 1906, 1),
(1905, 10, 1907, 2),
(1906, 1, 1908, 2),
(1907, 1, 1909, 1),
(1908, 2, 1910, 2);

-- --------------------------------------------------------

--
-- Estructura de tabla para la tabla `role`
--

CREATE TABLE `role` (
  `role_id` int(11) NOT NULL,
  `name` varchar(256) NOT NULL
) ENGINE=InnoDB DEFAULT CHARSET=utf8;

--
-- Volcado de datos para la tabla `role`
--

INSERT INTO `role` (`role_id`, `name`) VALUES
(1, 'Super Admin'),
(2, 'Administrador'),
(3, 'Cliente'),
(4, 'Comprador/Vendedor');

-- --------------------------------------------------------

--
-- Estructura de tabla para la tabla `unicos`
--

CREATE TABLE `unicos` (
  `unico_id` int(11) NOT NULL,
  `validar` int(11) NOT NULL
) ENGINE=InnoDB DEFAULT CHARSET=utf8mb4 COLLATE=utf8mb4_spanish_ci;

--
-- Volcado de datos para la tabla `unicos`
--

INSERT INTO `unicos` (`unico_id`, `validar`) VALUES
(1, 1),
(2, 1),
(3, 1),
(4, 1),
(5, 1),
(6, 1),
(7, 1),
(8, 1),
(9, 1),
(10, 1),
(11, 1),
(12, 1),
(13, 1),
(14, 1),
(15, 1),
(16, 1),
(17, 1),
(18, 1),
(19, 1),
(20, 1),
(21, 1),
(22, 1),
(23, 1),
(24, 1),
(25, 1),
(26, 1),
(27, 1),
(28, 1),
(29, 1),
(30, 1),
(31, 1),
(32, 1),
(33, 1),
(34, 1),
(35, 1),
(36, 1),
(37, 1),
(38, 1),
(39, 1),
(40, 1),
(41, 1),
(42, 1),
(43, 1),
(44, 1),
(45, 1),
(46, 1),
(47, 1),
(48, 1),
(49, 1),
(50, 1),
(51, 1),
(52, 1),
(53, 1),
(54, 1),
(55, 1),
(56, 1),
(57, 1),
(58, 1),
(59, 1),
(60, 1),
(61, 1),
(62, 1),
(63, 1),
(64, 1),
(65, 1),
(66, 1),
(67, 1),
(68, 1),
(69, 1),
(70, 1),
(71, 1),
(72, 1),
(73, 1),
(74, 1),
(75, 1),
(76, 1),
(77, 1),
(78, 1),
(79, 1),
(80, 1),
(81, 1),
(82, 1),
(83, 1),
(84, 1),
(85, 1),
(86, 1),
(87, 1),
(88, 1),
(89, 1),
(90, 1),
(91, 1),
(92, 1),
(93, 1),
(94, 1),
(95, 1),
(96, 1),
(97, 1),
(98, 1),
(99, 1),
(100, 1);

-- --------------------------------------------------------

--
-- Estructura de tabla para la tabla `user`
--

CREATE TABLE `user` (
  `user_id` int(11) NOT NULL,
  `name` varchar(256) NOT NULL,
  `email` varchar(256) NOT NULL,
  `password` varchar(256) NOT NULL,
  `role_id` int(11) NOT NULL,
  `skype` varchar(128) DEFAULT NULL,
  `phone` varchar(128) DEFAULT NULL
) ENGINE=InnoDB DEFAULT CHARSET=utf8;

--
-- Volcado de datos para la tabla `user`
--

INSERT INTO `user` (`user_id`, `name`, `email`, `password`, `role_id`, `skype`, `phone`) VALUES
(1, 'Pedro Duran', 'pedro@datalabcenter.com', 'dc1b859c6c5d92073cb0ec8cf9bdb6f6', 1, '', '0980562425'),
(15, 'Cecilia Barrionuevo', 'ciba1229@gmail.com', '21232f297a57a5a743894a0e4a801fc3', 1, 'dimentionflowers@andinanet.net', '0980952205'),
(16, 'Santiago Proaño ', 'santiago@dimentionflowers.com', '21232f297a57a5a743894a0e4a801fc3', 2, '', ''),
(17, 'Mario Galarza', 'sales2@dimentionflowers.com', 'bb79e4f40d62ed88434f541152da170c', 2, 'sales3dimentionflowers', '0978615052'),
(18, 'Diana Pastor', 'sales1@dimentionflowers.com', '20a8c8e0c41ac50845e9f2d06ed5949f', 2, 'dimention.flowers2', '0984063061'),
(19, 'José Luis Vele', 'sales@dimentionflowers.com', '530b350d414da3378a15b3149b322908', 2, 'difacturas', '0983902541'),
(20, 'Lesya ', 'sales3@dimentionflowers.com', 'f6115b874b0a94fc340215e0ddc1a3af', 2, 'dimention.flowers4', '0988114851'),
(25, 'THE USA BOUQUET COMPANY', 'info@usabq.com', '8faad620b9665c3923f430a198f4f737', 3, NULL, NULL),
(26, 'EQUIFLOR', 'david@equiflor.com', 'e032ef1876cdbce6b23c714c533798d0', 3, NULL, NULL),
(27, 'SAILO FLOWERS     ', 'ali.husseini@sailoflower.com', '98a3f4c9f45834190c45978b58b9c3cd', 3, NULL, NULL),
(28, 'MIAFLORA FARMS LLC    ', 'accounting@miaflorafarms.com', '793627c8a4b03988667729ff8463f373', 3, NULL, NULL),
(29, 'RIVERDALE FARMS', 'info@riverdalefarms.com', 'd6b7511a63f9b7fcb4450530a75971ad', 3, NULL, NULL),
(30, 'WORLD CLASS FLOWERS    ', 'smurdock@worldclassflowers.com', 'ca43ba323a9dde5482230263b8b5f5f4', 3, NULL, NULL),
(31, 'ROSA PRIMA INTERNACIONAL LLC', 'raisa.romero@rosaprima.com', '20ad1af03d1d2b5984e53096aff83b6b', 3, NULL, NULL),
(32, 'DISTRIBUIDORA VARGAS', 'distribuidoravargas@florideas.cl', 'a118458d800e0c86789d712f259eb90f', 3, NULL, NULL),
(33, 'AMBASSADOR FLOWERS ECUADOR            ', 'ambassador.flowers.ecuador@gmail.com', 'a2614b5ff1a7f58ef347c80601eb2fcc', 3, NULL, NULL),
(34, 'BAKU FLOWERS S.A.      ', 'compras@bakuflowers.com', 'fe2b5ddd0aa85fbfae1244906d8c1159', 3, NULL, NULL),
(35, 'FIOREFARMS       ', 'adrianah@fiore-farms.com', '092cf489abc4a799e4dd08912fabaffb', 3, NULL, NULL),
(36, 'ALLURE FARMS  INC', 'gabriela@allurefarms.com', 'd9a38849f378b427b4bf8e95d1fd9c34', 3, NULL, NULL),
(37, 'MEYERCOM L.P. ', 'a.glebov@biflorica.com', '72f518ac3ae07ff3634309da4de8e76d', 3, NULL, NULL),
(38, 'PLANTAS Y FLORES ORNAMENTALES CABH S.A.', 'darteaga@pfflowers.com', '18a16c8fa96363302096f1a442e32e69', 3, NULL, NULL),
(39, 'AMANKAY ROSA CIA', 'mdelledonne@amankayroses.com', 'c831df1dcb71391bad0dcce3b05d4db2', 3, NULL, NULL),
(40, 'ESTRELLA GUTIERREZ', 'sales4@dimentionflowers.com', 'aa87ddc5b4c24406d26ddad771ef44b0', 3, NULL, NULL),
(42, 'ESTRELLA GUTIERREZ', 'pacblms2002@yahoo.com', 'aa87ddc5b4c24406d26ddad771ef44b0', 3, NULL, NULL),
(43, 'HESFLOR DIRA', 'hesflor@gmail.com', 'b8eabe43a0bd42b4271b2ed53741f320', 3, NULL, NULL);

--
-- Índices para tablas volcadas
--

--
-- Indices de la tabla `box_element`
--
ALTER TABLE `box_element`
  ADD PRIMARY KEY (`box_element_id`);

--
-- Indices de la tabla `box_type`
--
ALTER TABLE `box_type`
  ADD PRIMARY KEY (`box_type_id`);

--
-- Indices de la tabla `buy`
--
ALTER TABLE `buy`
  ADD PRIMARY KEY (`buy_id`);

--
-- Indices de la tabla `buy_element`
--
ALTER TABLE `buy_element`
  ADD PRIMARY KEY (`buy_element_id`);

--
-- Indices de la tabla `carguera`
--
ALTER TABLE `carguera`
  ADD PRIMARY KEY (`carguera_id`);

--
-- Indices de la tabla `cliente`
--
ALTER TABLE `cliente`
  ADD PRIMARY KEY (`cliente_id`);

--
-- Indices de la tabla `company`
--
ALTER TABLE `company`
  ADD PRIMARY KEY (`company_id`);

--
-- Indices de la tabla `country`
--
ALTER TABLE `country`
  ADD PRIMARY KEY (`country_id`);

--
-- Indices de la tabla `destination`
--
ALTER TABLE `destination`
  ADD PRIMARY KEY (`destination_id`);

--
-- Indices de la tabla `dialing`
--
ALTER TABLE `dialing`
  ADD PRIMARY KEY (`dialing_id`);

--
-- Indices de la tabla `element`
--
ALTER TABLE `element`
  ADD PRIMARY KEY (`element_id`);

--
-- Indices de la tabla `invoice`
--
ALTER TABLE `invoice`
  ADD PRIMARY KEY (`invoice_id`);

--
-- Indices de la tabla `invoice_provider`
--
ALTER TABLE `invoice_provider`
  ADD PRIMARY KEY (`invoice_provider_id`);

--
-- Indices de la tabla `measure`
--
ALTER TABLE `measure`
  ADD PRIMARY KEY (`measure_id`);

--
-- Indices de la tabla `motivo`
--
ALTER TABLE `motivo`
  ADD PRIMARY KEY (`motivo_id`);

--
-- Indices de la tabla `nunit`
--
ALTER TABLE `nunit`
  ADD PRIMARY KEY (`nunit_id`);

--
-- Indices de la tabla `pending`
--
ALTER TABLE `pending`
  ADD PRIMARY KEY (`pending_id`);

--
-- Indices de la tabla `product`
--
ALTER TABLE `product`
  ADD PRIMARY KEY (`product_id`);

--
-- Indices de la tabla `product_category`
--
ALTER TABLE `product_category`
  ADD PRIMARY KEY (`product_category_id`);

--
-- Indices de la tabla `provider`
--
ALTER TABLE `provider`
  ADD PRIMARY KEY (`provider_id`);

--
-- Indices de la tabla `provider_product`
--
ALTER TABLE `provider_product`
  ADD PRIMARY KEY (`provider_product_id`);

--
-- Indices de la tabla `request`
--
ALTER TABLE `request`
  ADD PRIMARY KEY (`request_id`);

--
-- Indices de la tabla `request_product`
--
ALTER TABLE `request_product`
  ADD PRIMARY KEY (`request_product_id`);

--
-- Indices de la tabla `request_product_box`
--
ALTER TABLE `request_product_box`
  ADD PRIMARY KEY (`request_product_box_id`);

--
-- Indices de la tabla `role`
--
ALTER TABLE `role`
  ADD PRIMARY KEY (`role_id`);

--
-- Indices de la tabla `unicos`
--
ALTER TABLE `unicos`
  ADD PRIMARY KEY (`unico_id`);

--
-- Indices de la tabla `user`
--
ALTER TABLE `user`
  ADD PRIMARY KEY (`user_id`);

--
-- AUTO_INCREMENT de las tablas volcadas
--

--
-- AUTO_INCREMENT de la tabla `box_element`
--
ALTER TABLE `box_element`
  MODIFY `box_element_id` int(11) NOT NULL AUTO_INCREMENT, AUTO_INCREMENT=493;
--
-- AUTO_INCREMENT de la tabla `box_type`
--
ALTER TABLE `box_type`
  MODIFY `box_type_id` int(11) NOT NULL AUTO_INCREMENT, AUTO_INCREMENT=5;
--
-- AUTO_INCREMENT de la tabla `buy`
--
ALTER TABLE `buy`
  MODIFY `buy_id` int(11) NOT NULL AUTO_INCREMENT, AUTO_INCREMENT=641;
--
-- AUTO_INCREMENT de la tabla `buy_element`
--
ALTER TABLE `buy_element`
  MODIFY `buy_element_id` int(11) NOT NULL AUTO_INCREMENT, AUTO_INCREMENT=2151;
--
-- AUTO_INCREMENT de la tabla `carguera`
--
ALTER TABLE `carguera`
  MODIFY `carguera_id` int(11) NOT NULL AUTO_INCREMENT, AUTO_INCREMENT=12;
--
-- AUTO_INCREMENT de la tabla `cliente`
--
ALTER TABLE `cliente`
  MODIFY `cliente_id` int(11) NOT NULL AUTO_INCREMENT, AUTO_INCREMENT=21;
--
-- AUTO_INCREMENT de la tabla `company`
--
ALTER TABLE `company`
  MODIFY `company_id` int(11) NOT NULL AUTO_INCREMENT, AUTO_INCREMENT=2;
--
-- AUTO_INCREMENT de la tabla `country`
--
ALTER TABLE `country`
  MODIFY `country_id` int(11) NOT NULL AUTO_INCREMENT, AUTO_INCREMENT=13;
--
-- AUTO_INCREMENT de la tabla `destination`
--
ALTER TABLE `destination`
  MODIFY `destination_id` int(11) NOT NULL AUTO_INCREMENT, AUTO_INCREMENT=14;
--
-- AUTO_INCREMENT de la tabla `dialing`
--
ALTER TABLE `dialing`
  MODIFY `dialing_id` int(11) NOT NULL AUTO_INCREMENT, AUTO_INCREMENT=2;
--
-- AUTO_INCREMENT de la tabla `element`
--
ALTER TABLE `element`
  MODIFY `element_id` int(11) NOT NULL AUTO_INCREMENT, AUTO_INCREMENT=661;
--
-- AUTO_INCREMENT de la tabla `invoice`
--
ALTER TABLE `invoice`
  MODIFY `invoice_id` int(11) NOT NULL AUTO_INCREMENT, AUTO_INCREMENT=429;
--
-- AUTO_INCREMENT de la tabla `invoice_provider`
--
ALTER TABLE `invoice_provider`
  MODIFY `invoice_provider_id` int(11) NOT NULL AUTO_INCREMENT, AUTO_INCREMENT=1233;
--
-- AUTO_INCREMENT de la tabla `measure`
--
ALTER TABLE `measure`
  MODIFY `measure_id` int(11) NOT NULL AUTO_INCREMENT, AUTO_INCREMENT=24;
--
-- AUTO_INCREMENT de la tabla `motivo`
--
ALTER TABLE `motivo`
  MODIFY `motivo_id` int(11) NOT NULL AUTO_INCREMENT, AUTO_INCREMENT=35;
--
-- AUTO_INCREMENT de la tabla `nunit`
--
ALTER TABLE `nunit`
  MODIFY `nunit_id` int(11) NOT NULL AUTO_INCREMENT;
--
-- AUTO_INCREMENT de la tabla `pending`
--
ALTER TABLE `pending`
  MODIFY `pending_id` int(11) NOT NULL AUTO_INCREMENT, AUTO_INCREMENT=92;
--
-- AUTO_INCREMENT de la tabla `product`
--
ALTER TABLE `product`
  MODIFY `product_id` int(11) NOT NULL AUTO_INCREMENT, AUTO_INCREMENT=1044;
--
-- AUTO_INCREMENT de la tabla `product_category`
--
ALTER TABLE `product_category`
  MODIFY `product_category_id` int(11) NOT NULL AUTO_INCREMENT, AUTO_INCREMENT=60;
--
-- AUTO_INCREMENT de la tabla `provider`
--
ALTER TABLE `provider`
  MODIFY `provider_id` int(11) NOT NULL AUTO_INCREMENT, AUTO_INCREMENT=124;
--
-- AUTO_INCREMENT de la tabla `provider_product`
--
ALTER TABLE `provider_product`
  MODIFY `provider_product_id` int(11) NOT NULL AUTO_INCREMENT, AUTO_INCREMENT=3783;
--
-- AUTO_INCREMENT de la tabla `request`
--
ALTER TABLE `request`
  MODIFY `request_id` int(11) NOT NULL AUTO_INCREMENT, AUTO_INCREMENT=777;
--
-- AUTO_INCREMENT de la tabla `request_product`
--
ALTER TABLE `request_product`
  MODIFY `request_product_id` int(11) NOT NULL AUTO_INCREMENT, AUTO_INCREMENT=1911;
--
-- AUTO_INCREMENT de la tabla `request_product_box`
--
ALTER TABLE `request_product_box`
  MODIFY `request_product_box_id` int(11) NOT NULL AUTO_INCREMENT, AUTO_INCREMENT=1909;
--
-- AUTO_INCREMENT de la tabla `role`
--
ALTER TABLE `role`
  MODIFY `role_id` int(11) NOT NULL AUTO_INCREMENT, AUTO_INCREMENT=5;
--
-- AUTO_INCREMENT de la tabla `unicos`
--
ALTER TABLE `unicos`
  MODIFY `unico_id` int(11) NOT NULL AUTO_INCREMENT, AUTO_INCREMENT=101;
--
-- AUTO_INCREMENT de la tabla `user`
--
ALTER TABLE `user`
  MODIFY `user_id` int(11) NOT NULL AUTO_INCREMENT, AUTO_INCREMENT=44;
/*!40101 SET CHARACTER_SET_CLIENT=@OLD_CHARACTER_SET_CLIENT */;
/*!40101 SET CHARACTER_SET_RESULTS=@OLD_CHARACTER_SET_RESULTS */;
/*!40101 SET COLLATION_CONNECTION=@OLD_COLLATION_CONNECTION */;
